row,file_id,column,type,planted_value,expected
1,C-24-00001,الاسم الرباعي,PERSON_NAME,شهد غازي مشاري الشهري,replace
1,C-24-00001,رقم السجل المدني,SAUDI_ID,1 590 830 160,replace
1,C-24-00001,هاتف التواصل,MOBILE,+966 55 131 8609,replace
1,C-24-00001,البريد الالكتروني,EMAIL,adana.0.84@mail.example.com,replace
1,C-24-00001,رقم الحساب الدولي,IBAN,SA43 9960 3082 4628 1948 2199,replace
2,C-24-00002,الاسم الرباعي,PERSON_NAME,أريج بندر عمار الشهري,replace
2,C-24-00002,رقم السجل المدني,SAUDI_ID,1875749119,replace
2,C-24-00002,هاتف التواصل,MOBILE,0566252760,replace
2,C-24-00002,رقم الحساب الدولي,IBAN,SA7589555979711471049746,replace
3,C-24-00003,الاسم الرباعي,PERSON_NAME,سديم غازي منصور الرويلي,replace
3,C-24-00003,رقم السجل المدني,SAUDI_ID,1 684 656 323,replace
3,C-24-00003,هاتف التواصل,MOBILE,٠٥٠٢٢٣٣٠٧٩,replace
3,C-24-00003,البريد الالكتروني,EMAIL,sali.263@inbox.example.net,replace
3,C-24-00003,رقم الحساب الدولي,IBAN,sa0959952890786666176031,replace
3,C-24-00003,ملاحظات الموظف,EMAIL,knoor.900291@example.org,replace
4,C-24-00004,الاسم الرباعي,PERSON_NAME,باسل يزيد مازن البلوي,replace
4,C-24-00004,رقم السجل المدني,SAUDI_ID,1777741214,replace
4,C-24-00004,هاتف التواصل,MOBILE,(058) 547 2803,replace
4,C-24-00004,رقم الحساب الدولي,IBAN,sa2428084148525388853933,replace
4,C-24-00004,ملاحظات الموظف,SAUDI_ID,1755131373,ignore
5,C-24-00005,الاسم الرباعي,PERSON_NAME,رزان باسل باسل الغامدي,replace
5,C-24-00005,رقم السجل المدني,SAUDI_ID,2511637262,replace
5,C-24-00005,هاتف التواصل,MOBILE,00966595167612,replace
5,C-24-00005,البريد الالكتروني,EMAIL,aali.485@example.org,replace
5,C-24-00005,رقم الحساب الدولي,IBAN,sa3529975288200182633043,replace
5,C-24-00005,ملاحظات الموظف,PERSON_NAME,حسام الشريف,replace
5,C-24-00005,ملاحظات الموظف,MOBILE,٠٥٠٧٢٩٠٢٢٢,replace
6,C-24-00006,الاسم الرباعي,PERSON_NAME,رائد منصور مشاري المالكي,replace
6,C-24-00006,رقم السجل المدني,SAUDI_ID,2180334019,replace
6,C-24-00006,هاتف التواصل,MOBILE,0567801759,replace
6,C-24-00006,رقم الحساب الدولي,IBAN,sa8647887838483726167513,replace
6,C-24-00006,ملاحظات الموظف,IBAN,SA55 6723 2686 5635 5150 5877,replace
7,C-24-00007,الاسم الرباعي,PERSON_NAME,نجلاء باسل نايف الشريف,replace
7,C-24-00007,رقم السجل المدني,SAUDI_ID,1 131 144 022,replace
7,C-24-00007,هاتف التواصل,MOBILE,0542646288,replace
7,C-24-00007,البريد الالكتروني,EMAIL,nsara.645@mail.example.com,replace
7,C-24-00007,رقم الحساب الدولي,IBAN,sa1826140141931417058649,replace
8,C-24-00008,الاسم الرباعي,PERSON_NAME,طلال يزيد ثامر الرويلي,replace
8,C-24-00008,رقم السجل المدني,SAUDI_ID,1 008 838 730,replace
8,C-24-00008,هاتف التواصل,MOBILE,+966 55 167 8684,replace
8,C-24-00008,البريد الالكتروني,EMAIL,asara.791@mail.example.com,replace
8,C-24-00008,رقم الحساب الدولي,IBAN,SA1265020146201684934072,replace
8,C-24-00008,ملاحظات الموظف,SAUDI_ID,1561748334,replace
9,C-24-00009,الاسم الرباعي,PERSON_NAME,مهند طلال مهند الحويطي,replace
9,C-24-00009,رقم السجل المدني,SAUDI_ID,٢٩٠٦٠٤٤٣١٤,replace
9,C-24-00009,هاتف التواصل,MOBILE,(056) 829 6572,replace
9,C-24-00009,البريد الالكتروني,EMAIL,kdana.815@inbox.example.net,replace
9,C-24-00009,رقم الحساب الدولي,IBAN,sa7386828890931002516780,replace
9,C-24-00009,ملاحظات الموظف,SAUDI_ID,1143337762,review
10,C-24-00010,الاسم الرباعي,PERSON_NAME,لولوة مشاري باسل الجهني,replace
10,C-24-00010,رقم السجل المدني,SAUDI_ID,1925449926,replace
10,C-24-00010,هاتف التواصل,MOBILE,+966 50 707 4137,replace
10,C-24-00010,البريد الالكتروني,EMAIL,ksara.9_69@example.org,replace
10,C-24-00010,رقم الحساب الدولي,IBAN,SA 4418341704718746331912,replace
10,C-24-00010,ملاحظات الموظف,PERSON_NAME,رزان الفيفي,replace
10,C-24-00010,ملاحظات الموظف,MOBILE,+966 55 426 5651,replace
11,C-24-00011,الاسم الرباعي,PERSON_NAME,تهاني غازي رائد الجهني,replace
11,C-24-00011,رقم السجل المدني,SAUDI_ID,1 445 166 919,replace
11,C-24-00011,هاتف التواصل,MOBILE,٠٥٤٦٤٠٤١٠٤,replace
11,C-24-00011,البريد الالكتروني,EMAIL,aomar.10_65@inbox.example.net,replace
11,C-24-00011,رقم الحساب الدولي,IBAN,SA2153560688310679247082,replace
12,C-24-00012,الاسم الرباعي,PERSON_NAME,ريما بندر مهند الجهني,replace
12,C-24-00012,رقم السجل المدني,SAUDI_ID,2837576285,replace
12,C-24-00012,هاتف التواصل,MOBILE,٠٥٣٣١٢٥٨١٥,replace
12,C-24-00012,البريد الالكتروني,EMAIL,sfahad.1112@inbox.example.net,replace
12,C-24-00012,رقم الحساب الدولي,IBAN,SA7866683645074952883143,replace
12,C-24-00012,ملاحظات الموظف,IBAN,SA 2668773132281718002390,replace
13,C-24-00013,الاسم الرباعي,PERSON_NAME,طلال حسام صالح البلوي,replace
13,C-24-00013,رقم السجل المدني,SAUDI_ID,١١٤٨٩٣٦٤٣٦,replace
13,C-24-00013,هاتف التواصل,MOBILE,(059) 900 8474,replace
13,C-24-00013,رقم الحساب الدولي,IBAN,SA 7278383064003761436537,replace
13,C-24-00013,ملاحظات الموظف,EMAIL,somar.901269@mail.example.com,replace
14,C-24-00014,الاسم الرباعي,PERSON_NAME,لولوة رائد باسل العنزي,replace
14,C-24-00014,رقم السجل المدني,SAUDI_ID,١٣٧٦٠٩٢٦٠٥,replace
14,C-24-00014,هاتف التواصل,MOBILE,00966530926002,replace
14,C-24-00014,البريد الالكتروني,EMAIL,nsara.13.24@mail.example.com,replace
14,C-24-00014,رقم الحساب الدولي,IBAN,sa5225328704655721014156,replace
14,C-24-00014,ملاحظات الموظف,SAUDI_ID,1570636060,ignore
15,C-24-00015,الاسم الرباعي,PERSON_NAME,مشاري طلال هشام الشهري,replace
15,C-24-00015,رقم السجل المدني,SAUDI_ID,١٥٤٥٩٠٤٥٤٠,replace
15,C-24-00015,هاتف التواصل,MOBILE,(054) 091 0317,replace
15,C-24-00015,البريد الالكتروني,EMAIL,rnoor.14_65@example.org,replace
15,C-24-00015,رقم الحساب الدولي,IBAN,SA36 2720 4293 5575 9183 6236,replace
16,C-24-00016,الاسم الرباعي,PERSON_NAME,إياد بندر عمار الحويطي,replace
16,C-24-00016,رقم السجل المدني,SAUDI_ID,٢٧٩٣٨١٤٤٤٩,replace
16,C-24-00016,هاتف التواصل,MOBILE,0564544373,replace
16,C-24-00016,البريد الالكتروني,EMAIL,aomar.15_84@mail.example.com,replace
16,C-24-00016,رقم الحساب الدولي,IBAN,sa9651643883170107375043,replace
16,C-24-00016,ملاحظات الموظف,IBAN,SA 8199530552034093056529,replace
17,C-24-00017,الاسم الرباعي,PERSON_NAME,جود مازن منصور العنزي,replace
17,C-24-00017,رقم السجل المدني,SAUDI_ID,1616828123,replace
17,C-24-00017,هاتف التواصل,MOBILE,0554644604,replace
17,C-24-00017,البريد الالكتروني,EMAIL,snoor.16_12@example.org,replace
17,C-24-00017,رقم الحساب الدولي,IBAN,SA 5936630626116957220082,replace
17,C-24-00017,ملاحظات الموظف,EMAIL,somar.901671@example.org,replace
18,C-24-00018,الاسم الرباعي,PERSON_NAME,عهود مهند باسل العمري,replace
18,C-24-00018,رقم السجل المدني,SAUDI_ID,١٩٦٩٣٧٢٩٣٥,replace
18,C-24-00018,هاتف التواصل,MOBILE,00966506826512,replace
18,C-24-00018,البريد الالكتروني,EMAIL,nomar.1781@inbox.example.net,replace
18,C-24-00018,رقم الحساب الدولي,IBAN,SA2805169784649366578720,replace
18,C-24-00018,ملاحظات الموظف,SAUDI_ID,1178800215,ignore
19,C-24-00019,الاسم الرباعي,PERSON_NAME,حسام مهند مشاري الشريف,replace
19,C-24-00019,رقم السجل المدني,SAUDI_ID,٢٢٠١٩١٣٢٧٠,replace
19,C-24-00019,هاتف التواصل,MOBILE,00966542315942,replace
19,C-24-00019,البريد الالكتروني,EMAIL,ksara.18_28@example.org,replace
19,C-24-00019,رقم الحساب الدولي,IBAN,SA96 8739 4983 5503 2624 5624,replace
19,C-24-00019,ملاحظات الموظف,SAUDI_ID,1659255176,review
20,C-24-00020,الاسم الرباعي,PERSON_NAME,منيرة مشاري نايف الشريف,replace
20,C-24-00020,رقم السجل المدني,SAUDI_ID,1 495 003 244,replace
20,C-24-00020,هاتف التواصل,MOBILE,(056) 668 5027,replace
20,C-24-00020,البريد الالكتروني,EMAIL,nali.1916@mail.example.com,replace
20,C-24-00020,رقم الحساب الدولي,IBAN,sa7195418583694923597220,replace
20,C-24-00020,ملاحظات الموظف,SAUDI_ID,1997987320,ignore
21,C-24-00021,الاسم الرباعي,PERSON_NAME,وعد ثامر غازي العمري,replace
21,C-24-00021,رقم السجل المدني,SAUDI_ID,1201098322,replace
21,C-24-00021,هاتف التواصل,MOBILE,(055) 389 8692,replace
21,C-24-00021,البريد الالكتروني,EMAIL,msara.20.16@inbox.example.net,replace
21,C-24-00021,رقم الحساب الدولي,IBAN,SA 0778066717231430154048,replace
21,C-24-00021,ملاحظات الموظف,SAUDI_ID,1365936877,ignore
22,C-24-00022,الاسم الرباعي,PERSON_NAME,ثامر ثامر صالح الصاعدي,replace
22,C-24-00022,رقم السجل المدني,SAUDI_ID,١٣٦٩٩١٩٢٢٨,replace
22,C-24-00022,هاتف التواصل,MOBILE,050-011-9252,replace
22,C-24-00022,البريد الالكتروني,EMAIL,mali.2198@inbox.example.net,replace
22,C-24-00022,رقم الحساب الدولي,IBAN,SA39 0101 9538 1613 3310 0147,replace
23,C-24-00023,الاسم الرباعي,PERSON_NAME,نايف باسل ثامر اليامي,replace
23,C-24-00023,رقم السجل المدني,SAUDI_ID,1681570899,replace
23,C-24-00023,هاتف التواصل,MOBILE,0531942608,replace
23,C-24-00023,البريد الالكتروني,EMAIL,mali.22_72@mail.example.com,replace
23,C-24-00023,رقم الحساب الدولي,IBAN,SA1172795849243372117815,replace
23,C-24-00023,ملاحظات الموظف,EMAIL,romar.9022.86@inbox.example.net,replace
24,C-24-00024,الاسم الرباعي,PERSON_NAME,مشاري يزيد عادل المالكي,replace
24,C-24-00024,رقم السجل المدني,SAUDI_ID,1 785 277 490,replace
24,C-24-00024,هاتف التواصل,MOBILE,0532573834,replace
24,C-24-00024,البريد الالكتروني,EMAIL,nfahad.2329@mail.example.com,replace
24,C-24-00024,رقم الحساب الدولي,IBAN,SA71 5985 2353 4121 3622 4464,replace
24,C-24-00024,ملاحظات الموظف,SAUDI_ID,1702496033,review
25,C-24-00025,الاسم الرباعي,PERSON_NAME,صالح عادل عادل اليامي,replace
25,C-24-00025,رقم السجل المدني,SAUDI_ID,1932176546,replace
25,C-24-00025,هاتف التواصل,MOBILE,0581636246,replace
25,C-24-00025,البريد الالكتروني,EMAIL,mfahad.24_76@inbox.example.net,replace
25,C-24-00025,رقم الحساب الدولي,IBAN,SA 6425067104832385197837,replace
25,C-24-00025,ملاحظات الموظف,SAUDI_ID,1466001664,review
26,C-24-00026,الاسم الرباعي,PERSON_NAME,يزيد عادل طلال البلوي,replace
26,C-24-00026,رقم السجل المدني,SAUDI_ID,١٤٦٨٣٦٧٣٢٩,replace
26,C-24-00026,هاتف التواصل,MOBILE,(053) 137 8325,replace
26,C-24-00026,البريد الالكتروني,EMAIL,rnoor.25_80@inbox.example.net,replace
26,C-24-00026,رقم الحساب الدولي,IBAN,SA 7227534646270453457769,replace
26,C-24-00026,ملاحظات الموظف,SAUDI_ID,1 031 449 190,replace
27,C-24-00027,الاسم الرباعي,PERSON_NAME,بندر إياد يزيد الحويطي,replace
27,C-24-00027,رقم السجل المدني,SAUDI_ID,1682991847,replace
27,C-24-00027,هاتف التواصل,MOBILE,٠٥٣٧٣٨١٧١٨,replace
27,C-24-00027,البريد الالكتروني,EMAIL,romar.2670@example.org,replace
27,C-24-00027,رقم الحساب الدولي,IBAN,SA58 8077 2737 2890 2579 7475,replace
28,C-24-00028,الاسم الرباعي,PERSON_NAME,وليد مشاري هشام اليامي,replace
28,C-24-00028,رقم السجل المدني,SAUDI_ID,1515578837,replace
28,C-24-00028,هاتف التواصل,MOBILE,0546564804,replace
28,C-24-00028,البريد الالكتروني,EMAIL,rnoor.27_74@example.org,replace
28,C-24-00028,رقم الحساب الدولي,IBAN,SA34 8537 1535 4291 0686 8906,replace
28,C-24-00028,ملاحظات الموظف,SAUDI_ID,1721206108,replace
29,C-24-00029,الاسم الرباعي,PERSON_NAME,وليد نايف منصور الرويلي,replace
29,C-24-00029,رقم السجل المدني,SAUDI_ID,1 260 506 991,replace
29,C-24-00029,هاتف التواصل,MOBILE,٠٥٠٧٩٨٠١٦٩,replace
29,C-24-00029,البريد الالكتروني,EMAIL,rnoor.2811@inbox.example.net,replace
29,C-24-00029,رقم الحساب الدولي,IBAN,SA26 6992 7681 1732 0600 1131,replace
29,C-24-00029,ملاحظات الموظف,SAUDI_ID,1877400000,review
30,C-24-00030,الاسم الرباعي,PERSON_NAME,منيرة مهند غازي السلمي,replace
30,C-24-00030,رقم السجل المدني,SAUDI_ID,1 927 905 594,replace
30,C-24-00030,هاتف التواصل,MOBILE,٠٥٨٧٧٢٢١٥٢,replace
30,C-24-00030,البريد الالكتروني,EMAIL,rnoor.29_67@example.org,replace
30,C-24-00030,رقم الحساب الدولي,IBAN,SA 5895440995902949636669,replace
30,C-24-00030,ملاحظات الموظف,PERSON_NAME,وعد العنزي,replace
30,C-24-00030,ملاحظات الموظف,MOBILE,(054) 818 8763,replace
31,C-24-00031,الاسم الرباعي,PERSON_NAME,عمار نايف باسل الزهراني,replace
31,C-24-00031,رقم السجل المدني,SAUDI_ID,2734906783,replace
31,C-24-00031,هاتف التواصل,MOBILE,0508513698,replace
31,C-24-00031,رقم الحساب الدولي,IBAN,SA 4878933331245995682307,replace
31,C-24-00031,ملاحظات الموظف,SAUDI_ID,1397993443,replace
32,C-24-00032,الاسم الرباعي,PERSON_NAME,سديم عادل باسل الحويطي,replace
32,C-24-00032,رقم السجل المدني,SAUDI_ID,١٠٥٣٢٦١٠٠٢,replace
32,C-24-00032,هاتف التواصل,MOBILE,+966 50 857 7196,replace
32,C-24-00032,رقم الحساب الدولي,IBAN,SA3845931862725332045080,replace
33,C-24-00033,الاسم الرباعي,PERSON_NAME,عهود رائد يزيد العنزي,replace
33,C-24-00033,رقم السجل المدني,SAUDI_ID,2273207304,replace
33,C-24-00033,هاتف التواصل,MOBILE,٠٥٣٣١٩٥٢٧١,replace
33,C-24-00033,رقم الحساب الدولي,IBAN,sa1101755371525302782724,replace
33,C-24-00033,ملاحظات الموظف,IBAN,SA95 2803 8741 4356 4331 6462,replace
34,C-24-00034,الاسم الرباعي,PERSON_NAME,نايف وليد ثامر الفيفي,replace
34,C-24-00034,رقم السجل المدني,SAUDI_ID,١٨٢٧٠٨٤٢٥٠,replace
34,C-24-00034,هاتف التواصل,MOBILE,00966550634922,replace
34,C-24-00034,رقم الحساب الدولي,IBAN,SA 5123911974232939430186,replace
34,C-24-00034,ملاحظات الموظف,PERSON_NAME,يزيد الزهراني,replace
34,C-24-00034,ملاحظات الموظف,MOBILE,00966535990587,replace
35,C-24-00035,الاسم الرباعي,PERSON_NAME,بشرى عمار أنس الحازمي,replace
35,C-24-00035,رقم السجل المدني,SAUDI_ID,1417780887,replace
35,C-24-00035,هاتف التواصل,MOBILE,0530313922,replace
35,C-24-00035,البريد الالكتروني,EMAIL,sfahad.3412@mail.example.com,replace
35,C-24-00035,رقم الحساب الدولي,IBAN,SA48 3409 9783 7151 2041 7798,replace
35,C-24-00035,ملاحظات الموظف,SAUDI_ID,1669980607,replace
36,C-24-00036,الاسم الرباعي,PERSON_NAME,أريج أنس صالح الأحمدي,replace
36,C-24-00036,رقم السجل المدني,SAUDI_ID,1 680 582 531,replace
36,C-24-00036,هاتف التواصل,MOBILE,0596051821,replace
36,C-24-00036,البريد الالكتروني,EMAIL,afahad.35.12@mail.example.com,replace
36,C-24-00036,رقم الحساب الدولي,IBAN,SA 5026670009494809141806,replace
37,C-24-00037,الاسم الرباعي,PERSON_NAME,نجلاء وليد نايف اليامي,replace
37,C-24-00037,رقم السجل المدني,SAUDI_ID,١٤٣١٨٤٧٩٩٣,replace
37,C-24-00037,هاتف التواصل,MOBILE,053-638-5784,replace
37,C-24-00037,البريد الالكتروني,EMAIL,rsara.3641@example.org,replace
37,C-24-00037,رقم الحساب الدولي,IBAN,SA32 3388 6960 5235 8574 4340,replace
38,C-24-00038,الاسم الرباعي,PERSON_NAME,وليد هشام باسل المحمدي,replace
38,C-24-00038,رقم السجل المدني,SAUDI_ID,1 817 426 107,replace
38,C-24-00038,هاتف التواصل,MOBILE,٠٥٥٨٩١٧٦٩٢,replace
38,C-24-00038,البريد الالكتروني,EMAIL,sfahad.37.24@example.org,replace
38,C-24-00038,رقم الحساب الدولي,IBAN,SA3977454568896507674284,replace
38,C-24-00038,ملاحظات الموظف,SAUDI_ID,1049748484,replace
39,C-24-00039,الاسم الرباعي,PERSON_NAME,حسام حسام صالح الحازمي,replace
39,C-24-00039,رقم السجل المدني,SAUDI_ID,2509570186,replace
39,C-24-00039,هاتف التواصل,MOBILE,00966531658689,replace
39,C-24-00039,البريد الالكتروني,EMAIL,anoor.38_61@example.org,replace
39,C-24-00039,رقم الحساب الدولي,IBAN,sa1299581255514821458628,replace
39,C-24-00039,ملاحظات الموظف,SAUDI_ID,١٠٤٨٠٤٦١٩٥,replace
40,C-24-00040,الاسم الرباعي,PERSON_NAME,هشام بندر مازن باعشن,replace
40,C-24-00040,رقم السجل المدني,SAUDI_ID,١٨٨٢٩٣٦٩١٥,replace
40,C-24-00040,هاتف التواصل,MOBILE,053-288-1011,replace
40,C-24-00040,البريد الالكتروني,EMAIL,knoor.39_88@example.org,replace
40,C-24-00040,رقم الحساب الدولي,IBAN,SA2200952354204191537960,replace
40,C-24-00040,ملاحظات الموظف,SAUDI_ID,1746947132,replace
41,C-24-00041,الاسم الرباعي,PERSON_NAME,عادل عمار صالح السلمي,replace
41,C-24-00041,رقم السجل المدني,SAUDI_ID,2 703 122 560,replace
41,C-24-00041,هاتف التواصل,MOBILE,+966 53 046 8515,replace
41,C-24-00041,البريد الالكتروني,EMAIL,rsara.40_93@mail.example.com,replace
41,C-24-00041,رقم الحساب الدولي,IBAN,sa6516583637453604052321,replace
42,C-24-00042,الاسم الرباعي,PERSON_NAME,سديم وليد طلال المحمدي,replace
42,C-24-00042,رقم السجل المدني,SAUDI_ID,2958369833,replace
42,C-24-00042,هاتف التواصل,MOBILE,٠٥٣١٨١٨٤٦٠,replace
42,C-24-00042,البريد الالكتروني,EMAIL,komar.41_11@example.org,replace
42,C-24-00042,رقم الحساب الدولي,IBAN,SA7012353118584314134264,replace
43,C-24-00043,الاسم الرباعي,PERSON_NAME,رائد بندر نايف البلوي,replace
43,C-24-00043,رقم السجل المدني,SAUDI_ID,1 930 609 266,replace
43,C-24-00043,هاتف التواصل,MOBILE,+966 53 426 0842,replace
43,C-24-00043,البريد الالكتروني,EMAIL,afahad.42_76@example.org,replace
43,C-24-00043,رقم الحساب الدولي,IBAN,SA76 6950 1409 9031 0535 1669,replace
43,C-24-00043,ملاحظات الموظف,SAUDI_ID,1368273080,replace
44,C-24-00044,الاسم الرباعي,PERSON_NAME,ريما عمار منصور الرويلي,replace
44,C-24-00044,رقم السجل المدني,SAUDI_ID,1 025 561 349,replace
44,C-24-00044,هاتف التواصل,MOBILE,0532773308,replace
44,C-24-00044,البريد الالكتروني,EMAIL,adana.43_99@example.org,replace
44,C-24-00044,رقم الحساب الدولي,IBAN,SA14 2299 3518 6229 7631 4057,replace
44,C-24-00044,ملاحظات الموظف,SAUDI_ID,1428100771,ignore
45,C-24-00045,الاسم الرباعي,PERSON_NAME,أنس عادل طلال البلوي,replace
45,C-24-00045,رقم السجل المدني,SAUDI_ID,2673850513,replace
45,C-24-00045,هاتف التواصل,MOBILE,(058) 494 3120,replace
45,C-24-00045,البريد الالكتروني,EMAIL,romar.44_57@mail.example.com,replace
45,C-24-00045,رقم الحساب الدولي,IBAN,SA3882149562553528543001,replace
45,C-24-00045,ملاحظات الموظف,EMAIL,aomar.9044_91@example.org,replace
46,C-24-00046,الاسم الرباعي,PERSON_NAME,جود إياد مازن الجهني,replace
46,C-24-00046,رقم السجل المدني,SAUDI_ID,1500986243,replace
46,C-24-00046,هاتف التواصل,MOBILE,00966500865170,replace
46,C-24-00046,البريد الالكتروني,EMAIL,adana.4558@example.org,replace
46,C-24-00046,رقم الحساب الدولي,IBAN,SA 5507959371858768269910,replace
46,C-24-00046,ملاحظات الموظف,EMAIL,ndana.9045_98@mail.example.com,replace
47,C-24-00047,الاسم الرباعي,PERSON_NAME,هيفاء يزيد منصور الأحمدي,replace
47,C-24-00047,رقم السجل المدني,SAUDI_ID,2583976416,replace
47,C-24-00047,هاتف التواصل,MOBILE,(053) 238 1341,replace
47,C-24-00047,البريد الالكتروني,EMAIL,nsara.46.72@mail.example.com,replace
47,C-24-00047,رقم الحساب الدولي,IBAN,SA6387389189916172888181,replace
47,C-24-00047,ملاحظات الموظف,SAUDI_ID,1009374126,ignore
48,C-24-00048,الاسم الرباعي,PERSON_NAME,مهند باسل هشام الأحمدي,replace
48,C-24-00048,رقم السجل المدني,SAUDI_ID,1525504138,replace
48,C-24-00048,هاتف التواصل,MOBILE,+966 54 885 7095,replace
48,C-24-00048,البريد الالكتروني,EMAIL,ksara.47.24@mail.example.com,replace
48,C-24-00048,رقم الحساب الدولي,IBAN,SA 5434537097107114228462,replace
48,C-24-00048,ملاحظات الموظف,PERSON_NAME,باسل الحازمي,replace
48,C-24-00048,ملاحظات الموظف,MOBILE,0597276398,replace
49,C-24-00049,الاسم الرباعي,PERSON_NAME,نجلاء هشام نايف الحويطي,replace
49,C-24-00049,رقم السجل المدني,SAUDI_ID,1325759767,replace
49,C-24-00049,هاتف التواصل,MOBILE,+966 54 505 9753,replace
49,C-24-00049,البريد الالكتروني,EMAIL,rfahad.4890@mail.example.com,replace
49,C-24-00049,رقم الحساب الدولي,IBAN,sa6724641845998920813691,replace
50,C-24-00050,الاسم الرباعي,PERSON_NAME,تهاني أنس مازن الشريف,replace
50,C-24-00050,رقم السجل المدني,SAUDI_ID,١٣٣٥٢٢٣٠٧٧,replace
50,C-24-00050,هاتف التواصل,MOBILE,055-769-4291,replace
50,C-24-00050,البريد الالكتروني,EMAIL,nsara.49_83@inbox.example.net,replace
50,C-24-00050,رقم الحساب الدولي,IBAN,SA 8451391924957561752448,replace
50,C-24-00050,ملاحظات الموظف,EMAIL,nali.904986@mail.example.com,replace
51,C-24-00051,الاسم الرباعي,PERSON_NAME,هيفاء أنس وليد الغامدي,replace
51,C-24-00051,رقم السجل المدني,SAUDI_ID,1 480 503 554,replace
51,C-24-00051,هاتف التواصل,MOBILE,059-076-9520,replace
51,C-24-00051,رقم الحساب الدولي,IBAN,sa2719579647005950695210,replace
52,C-24-00052,الاسم الرباعي,PERSON_NAME,منيرة طلال مازن الزهراني,replace
52,C-24-00052,رقم السجل المدني,SAUDI_ID,1878458841,replace
52,C-24-00052,هاتف التواصل,MOBILE,(053) 408 7152,replace
52,C-24-00052,رقم الحساب الدولي,IBAN,sa4461092108838249522280,replace
53,C-24-00053,الاسم الرباعي,PERSON_NAME,هيفاء غازي صالح الحازمي,replace
53,C-24-00053,رقم السجل المدني,SAUDI_ID,1040463356,replace
53,C-24-00053,هاتف التواصل,MOBILE,(053) 564 4739,replace
53,C-24-00053,البريد الالكتروني,EMAIL,rsara.5248@example.org,replace
53,C-24-00053,رقم الحساب الدولي,IBAN,SA96 1507 3259 9739 0350 7262,replace
54,C-24-00054,الاسم الرباعي,PERSON_NAME,عهود أنس مشاري الأحمدي,replace
54,C-24-00054,رقم السجل المدني,SAUDI_ID,١٣٠٠٢٨٩٣٩٢,replace
54,C-24-00054,هاتف التواصل,MOBILE,+966 55 100 5111,replace
54,C-24-00054,رقم الحساب الدولي,IBAN,SA 6286023828818571533142,replace
55,C-24-00055,الاسم الرباعي,PERSON_NAME,صالح طلال غازي اليامي,replace
55,C-24-00055,رقم السجل المدني,SAUDI_ID,1866266628,replace
55,C-24-00055,هاتف التواصل,MOBILE,058-039-8496,replace
55,C-24-00055,رقم الحساب الدولي,IBAN,SA3411900685785790778598,replace
55,C-24-00055,ملاحظات الموظف,SAUDI_ID,1475897938,review
56,C-24-00056,الاسم الرباعي,PERSON_NAME,مهند حسام يزيد الشريف,replace
56,C-24-00056,رقم السجل المدني,SAUDI_ID,1 825 322 728,replace
56,C-24-00056,هاتف التواصل,MOBILE,00966580565616,replace
56,C-24-00056,البريد الالكتروني,EMAIL,snoor.5556@example.org,replace
56,C-24-00056,رقم الحساب الدولي,IBAN,SA 1188471464717728202578,replace
57,C-24-00057,الاسم الرباعي,PERSON_NAME,طلال عمار طلال الفيفي,replace
57,C-24-00057,رقم السجل المدني,SAUDI_ID,1871326490,replace
57,C-24-00057,هاتف التواصل,MOBILE,٠٥٩٥٠٧٦٥٠٤,replace
57,C-24-00057,رقم الحساب الدولي,IBAN,SA43 9453 6929 3951 3511 7668,replace
58,C-24-00058,الاسم الرباعي,PERSON_NAME,ثامر عمار هشام الحازمي,replace
58,C-24-00058,رقم السجل المدني,SAUDI_ID,1485671133,replace
58,C-24-00058,هاتف التواصل,MOBILE,+966 59 190 1713,replace
58,C-24-00058,البريد الالكتروني,EMAIL,mdana.5752@example.org,replace
58,C-24-00058,رقم الحساب الدولي,IBAN,SA 0308692602553802848415,replace
58,C-24-00058,ملاحظات الموظف,SAUDI_ID,1432038576,review
59,C-24-00059,الاسم الرباعي,PERSON_NAME,عادل وليد يزيد المالكي,replace
59,C-24-00059,رقم السجل المدني,SAUDI_ID,1780508162,replace
59,C-24-00059,هاتف التواصل,MOBILE,056-504-3743,replace
59,C-24-00059,البريد الالكتروني,EMAIL,kfahad.58_61@inbox.example.net,replace
59,C-24-00059,رقم الحساب الدولي,IBAN,sa1073302610219720827343,replace
60,C-24-00060,الاسم الرباعي,PERSON_NAME,وليد مشاري بندر الفيفي,replace
60,C-24-00060,رقم السجل المدني,SAUDI_ID,1395824459,replace
60,C-24-00060,هاتف التواصل,MOBILE,0563236056,replace
60,C-24-00060,البريد الالكتروني,EMAIL,somar.59.79@inbox.example.net,replace
60,C-24-00060,رقم الحساب الدولي,IBAN,sa6013722656105138814750,replace
61,C-24-00061,الاسم الرباعي,PERSON_NAME,رهف يزيد هشام الحويطي,replace
61,C-24-00061,رقم السجل المدني,SAUDI_ID,1025577352,replace
61,C-24-00061,هاتف التواصل,MOBILE,+966 58 521 4187,replace
61,C-24-00061,البريد الالكتروني,EMAIL,kali.6086@example.org,replace
61,C-24-00061,رقم الحساب الدولي,IBAN,sa9570008916269515252150,replace
61,C-24-00061,ملاحظات الموظف,EMAIL,afahad.9060.15@inbox.example.net,replace
62,C-24-00062,الاسم الرباعي,PERSON_NAME,غدير نايف غازي باعشن,replace
62,C-24-00062,رقم السجل المدني,SAUDI_ID,١٢٣٨٨٣١٠١٨,replace
62,C-24-00062,هاتف التواصل,MOBILE,0507933122,replace
62,C-24-00062,رقم الحساب الدولي,IBAN,sa7466981491193339803195,replace
63,C-24-00063,الاسم الرباعي,PERSON_NAME,أريج وليد حسام العمري,replace
63,C-24-00063,رقم السجل المدني,SAUDI_ID,١٥٢٣٣٣٥١٠٥,replace
63,C-24-00063,هاتف التواصل,MOBILE,+966 59 707 8519,replace
63,C-24-00063,البريد الالكتروني,EMAIL,adana.6256@example.org,replace
63,C-24-00063,رقم الحساب الدولي,IBAN,sa8515927724407926684981,replace
64,C-24-00064,الاسم الرباعي,PERSON_NAME,غازي مهند عمار المالكي,replace
64,C-24-00064,رقم السجل المدني,SAUDI_ID,2 404 790 178,replace
64,C-24-00064,هاتف التواصل,MOBILE,+966 55 694 7258,replace
64,C-24-00064,البريد الالكتروني,EMAIL,snoor.63_89@mail.example.com,replace
64,C-24-00064,رقم الحساب الدولي,IBAN,SA5845142768313062645252,replace
64,C-24-00064,ملاحظات الموظف,EMAIL,rfahad.9063.42@inbox.example.net,replace
65,C-24-00065,الاسم الرباعي,PERSON_NAME,دانة منصور حسام الحازمي,replace
65,C-24-00065,رقم السجل المدني,SAUDI_ID,1 461 895 748,replace
65,C-24-00065,هاتف التواصل,MOBILE,(054) 546 8077,replace
65,C-24-00065,البريد الالكتروني,EMAIL,mali.64.25@inbox.example.net,replace
65,C-24-00065,رقم الحساب الدولي,IBAN,SA 6467482970572042399806,replace
65,C-24-00065,ملاحظات الموظف,SAUDI_ID,1452970852,ignore
66,C-24-00066,الاسم الرباعي,PERSON_NAME,جود بندر نايف الشريف,replace
66,C-24-00066,رقم السجل المدني,SAUDI_ID,1409465240,replace
66,C-24-00066,هاتف التواصل,MOBILE,00966547395761,replace
66,C-24-00066,البريد الالكتروني,EMAIL,snoor.65_59@example.org,replace
66,C-24-00066,رقم الحساب الدولي,IBAN,SA 6041397862502487861465,replace
66,C-24-00066,ملاحظات الموظف,EMAIL,mfahad.906587@inbox.example.net,replace
67,C-24-00067,الاسم الرباعي,PERSON_NAME,رائد نايف بندر العمري,replace
67,C-24-00067,رقم السجل المدني,SAUDI_ID,1665667554,replace
67,C-24-00067,هاتف التواصل,MOBILE,00966592288642,replace
67,C-24-00067,البريد الالكتروني,EMAIL,nali.66_18@inbox.example.net,replace
67,C-24-00067,رقم الحساب الدولي,IBAN,SA 8409396639422338140642,replace
67,C-24-00067,ملاحظات الموظف,IBAN,SA8150811530727480798900,replace
68,C-24-00068,الاسم الرباعي,PERSON_NAME,أريج نايف أنس المالكي,replace
68,C-24-00068,رقم السجل المدني,SAUDI_ID,1383498035,replace
68,C-24-00068,هاتف التواصل,MOBILE,٠٥٩٢٠٨٤٦٥١,replace
68,C-24-00068,رقم الحساب الدولي,IBAN,sa2619166896305854179267,replace
68,C-24-00068,ملاحظات الموظف,EMAIL,ndana.906743@mail.example.com,replace
69,C-24-00069,الاسم الرباعي,PERSON_NAME,نايف ثامر باسل الغامدي,replace
69,C-24-00069,رقم السجل المدني,SAUDI_ID,1536084856,replace
69,C-24-00069,هاتف التواصل,MOBILE,+966 58 295 5410,replace
69,C-24-00069,البريد الالكتروني,EMAIL,nsara.68_13@inbox.example.net,replace
69,C-24-00069,رقم الحساب الدولي,IBAN,SA45 7151 2577 1557 2189 4863,replace
69,C-24-00069,ملاحظات الموظف,PERSON_NAME,غدير الأحمدي,replace
69,C-24-00069,ملاحظات الموظف,MOBILE,00966566001703,replace
70,C-24-00070,الاسم الرباعي,PERSON_NAME,مهند أنس أنس المحمدي,replace
70,C-24-00070,رقم السجل المدني,SAUDI_ID,2730335615,replace
70,C-24-00070,هاتف التواصل,MOBILE,(050) 923 7799,replace
70,C-24-00070,رقم الحساب الدولي,IBAN,sa3519072637792179613306,replace
71,C-24-00071,الاسم الرباعي,PERSON_NAME,شهد إياد ثامر العنزي,replace
71,C-24-00071,رقم السجل المدني,SAUDI_ID,1122829854,replace
71,C-24-00071,هاتف التواصل,MOBILE,00966508601081,replace
71,C-24-00071,البريد الالكتروني,EMAIL,kfahad.70.78@mail.example.com,replace
71,C-24-00071,رقم الحساب الدولي,IBAN,SA 2108947608302873136191,replace
72,C-24-00072,الاسم الرباعي,PERSON_NAME,ثامر مهند مهند الزهراني,replace
72,C-24-00072,رقم السجل المدني,SAUDI_ID,1 938 676 994,replace
72,C-24-00072,هاتف التواصل,MOBILE,0583100026,replace
72,C-24-00072,رقم الحساب الدولي,IBAN,SA4629474244505612727954,replace
72,C-24-00072,ملاحظات الموظف,PERSON_NAME,تهاني اليامي,replace
72,C-24-00072,ملاحظات الموظف,MOBILE,058-551-8172,replace
73,C-24-00073,الاسم الرباعي,PERSON_NAME,منصور عمار صالح الشريف,replace
73,C-24-00073,رقم السجل المدني,SAUDI_ID,1334046123,replace
73,C-24-00073,هاتف التواصل,MOBILE,(056) 792 4635,replace
73,C-24-00073,البريد الالكتروني,EMAIL,mali.72.36@inbox.example.net,replace
73,C-24-00073,رقم الحساب الدولي,IBAN,SA 9049921916411180151281,replace
73,C-24-00073,ملاحظات الموظف,SAUDI_ID,1490311294,ignore
74,C-24-00074,الاسم الرباعي,PERSON_NAME,بندر مشاري وليد العنزي,replace
74,C-24-00074,رقم السجل المدني,SAUDI_ID,1064199308,replace
74,C-24-00074,هاتف التواصل,MOBILE,+966 50 404 2558,replace
74,C-24-00074,البريد الالكتروني,EMAIL,asara.73.42@example.org,replace
74,C-24-00074,رقم الحساب الدولي,IBAN,sa8852813246033365374001,replace
74,C-24-00074,ملاحظات الموظف,IBAN,sa6977236701314577358018,replace
75,C-24-00075,الاسم الرباعي,PERSON_NAME,هشام عادل باسل الحازمي,replace
75,C-24-00075,رقم السجل المدني,SAUDI_ID,1068038288,replace
75,C-24-00075,هاتف التواصل,MOBILE,(059) 531 1747,replace
75,C-24-00075,رقم الحساب الدولي,IBAN,sa9821751345117742808070,replace
75,C-24-00075,ملاحظات الموظف,PERSON_NAME,ثامر المحمدي,replace
75,C-24-00075,ملاحظات الموظف,MOBILE,055-173-0472,replace
76,C-24-00076,الاسم الرباعي,PERSON_NAME,تهاني عادل هشام الشهري,replace
76,C-24-00076,رقم السجل المدني,SAUDI_ID,2020573172,replace
76,C-24-00076,هاتف التواصل,MOBILE,054-873-9337,replace
76,C-24-00076,البريد الالكتروني,EMAIL,rsara.7551@mail.example.com,replace
76,C-24-00076,رقم الحساب الدولي,IBAN,SA32 6256 0952 3029 4977 8862,replace
76,C-24-00076,ملاحظات الموظف,PERSON_NAME,سديم اليامي,replace
76,C-24-00076,ملاحظات الموظف,MOBILE,٠٥٤٩٣٢٤٦١٠,replace
77,C-24-00077,الاسم الرباعي,PERSON_NAME,رائد ثامر نايف الشهري,replace
77,C-24-00077,رقم السجل المدني,SAUDI_ID,1226186482,replace
77,C-24-00077,هاتف التواصل,MOBILE,٠٥٦١٧٣٧٨٩٥,replace
77,C-24-00077,رقم الحساب الدولي,IBAN,SA 1861949624365841097350,replace
77,C-24-00077,ملاحظات الموظف,SAUDI_ID,1675233410,ignore
78,C-24-00078,الاسم الرباعي,PERSON_NAME,غازي باسل صالح الشهري,replace
78,C-24-00078,رقم السجل المدني,SAUDI_ID,2975985561,replace
78,C-24-00078,هاتف التواصل,MOBILE,0542702651,replace
78,C-24-00078,رقم الحساب الدولي,IBAN,SA42 8339 3544 2197 9030 9868,replace
78,C-24-00078,ملاحظات الموظف,SAUDI_ID,1111327514,replace
79,C-24-00079,الاسم الرباعي,PERSON_NAME,لولوة صالح مازن الرويلي,replace
79,C-24-00079,رقم السجل المدني,SAUDI_ID,1 014 241 192,replace
79,C-24-00079,هاتف التواصل,MOBILE,0504255872,replace
79,C-24-00079,البريد الالكتروني,EMAIL,kali.7898@example.org,replace
79,C-24-00079,رقم الحساب الدولي,IBAN,sa8064034171192377391796,replace
79,C-24-00079,ملاحظات الموظف,SAUDI_ID,1 303 843 799,replace
80,C-24-00080,الاسم الرباعي,PERSON_NAME,هشام نايف طلال الحويطي,replace
80,C-24-00080,رقم السجل المدني,SAUDI_ID,1037546585,replace
80,C-24-00080,هاتف التواصل,MOBILE,058-409-5140,replace
80,C-24-00080,البريد الالكتروني,EMAIL,aomar.7990@mail.example.com,replace
80,C-24-00080,رقم الحساب الدولي,IBAN,SA1570351885784111966714,replace
81,C-24-00081,الاسم الرباعي,PERSON_NAME,طلال وليد مشاري باعشن,replace
81,C-24-00081,رقم السجل المدني,SAUDI_ID,١١٧٩٠٤١٥٦٩,replace
81,C-24-00081,هاتف التواصل,MOBILE,+966 56 126 1004,replace
81,C-24-00081,رقم الحساب الدولي,IBAN,SA8181152896232665513781,replace
81,C-24-00081,ملاحظات الموظف,IBAN,SA73 8530 4872 9552 5360 0395,replace
82,C-24-00082,الاسم الرباعي,PERSON_NAME,طلال باسل مشاري الزهراني,replace
82,C-24-00082,رقم السجل المدني,SAUDI_ID,1354545954,replace
82,C-24-00082,هاتف التواصل,MOBILE,٠٥٥٦٤١٣٠٦٩,replace
82,C-24-00082,البريد الالكتروني,EMAIL,adana.8131@mail.example.com,replace
82,C-24-00082,رقم الحساب الدولي,IBAN,SA2644856642385052528087,replace
82,C-24-00082,ملاحظات الموظف,SAUDI_ID,1191703764,ignore
83,C-24-00083,الاسم الرباعي,PERSON_NAME,غازي نايف عادل العنزي,replace
83,C-24-00083,رقم السجل المدني,SAUDI_ID,1545919985,replace
83,C-24-00083,هاتف التواصل,MOBILE,(050) 776 0333,replace
83,C-24-00083,البريد الالكتروني,EMAIL,sdana.82.25@inbox.example.net,replace
83,C-24-00083,رقم الحساب الدولي,IBAN,SA8590799602612848513903,replace
84,C-24-00084,الاسم الرباعي,PERSON_NAME,شهد باسل غازي باعشن,replace
84,C-24-00084,رقم السجل المدني,SAUDI_ID,1208195006,replace
84,C-24-00084,هاتف التواصل,MOBILE,053-808-3872,replace
84,C-24-00084,البريد الالكتروني,EMAIL,aomar.83.66@mail.example.com,replace
84,C-24-00084,رقم الحساب الدولي,IBAN,sa4962949436387010523843,replace
84,C-24-00084,ملاحظات الموظف,SAUDI_ID,1707118624,replace
85,C-24-00085,الاسم الرباعي,PERSON_NAME,هشام منصور أنس اليامي,replace
85,C-24-00085,رقم السجل المدني,SAUDI_ID,١٣٣٢٦٥٩٦٤٦,replace
85,C-24-00085,هاتف التواصل,MOBILE,+966 54 237 1239,replace
85,C-24-00085,البريد الالكتروني,EMAIL,ksara.8463@example.org,replace
85,C-24-00085,رقم الحساب الدولي,IBAN,SA2079774783798282315616,replace
86,C-24-00086,الاسم الرباعي,PERSON_NAME,غازي صالح باسل السلمي,replace
86,C-24-00086,رقم السجل المدني,SAUDI_ID,1802565992,replace
86,C-24-00086,هاتف التواصل,MOBILE,٠٥٨٣٥٢٨٨٦٢,replace
86,C-24-00086,البريد الالكتروني,EMAIL,aali.85.51@example.org,replace
86,C-24-00086,رقم الحساب الدولي,IBAN,SA90 7745 8058 8571 5469 9940,replace
86,C-24-00086,ملاحظات الموظف,IBAN,SA29 3302 2433 0641 1288 1263,replace
87,C-24-00087,الاسم الرباعي,PERSON_NAME,غازي صالح مهند العمري,replace
87,C-24-00087,رقم السجل المدني,SAUDI_ID,1401021009,replace
87,C-24-00087,هاتف التواصل,MOBILE,0542172123,replace
87,C-24-00087,البريد الالكتروني,EMAIL,nomar.86_25@example.org,replace
87,C-24-00087,رقم الحساب الدولي,IBAN,SA0256647370222250789078,replace
87,C-24-00087,ملاحظات الموظف,PERSON_NAME,بندر الغامدي,replace
87,C-24-00087,ملاحظات الموظف,MOBILE,(056) 805 6396,replace
88,C-24-00088,الاسم الرباعي,PERSON_NAME,أنس مازن عادل المحمدي,replace
88,C-24-00088,رقم السجل المدني,SAUDI_ID,1563439098,replace
88,C-24-00088,هاتف التواصل,MOBILE,(058) 558 4952,replace
88,C-24-00088,البريد الالكتروني,EMAIL,knoor.87_20@example.org,replace
88,C-24-00088,رقم الحساب الدولي,IBAN,SA 6302619649860192164196,replace
88,C-24-00088,ملاحظات الموظف,SAUDI_ID,1538886944,review
89,C-24-00089,الاسم الرباعي,PERSON_NAME,أنس غازي مازن البلوي,replace
89,C-24-00089,رقم السجل المدني,SAUDI_ID,1 240 982 569,replace
89,C-24-00089,هاتف التواصل,MOBILE,00966593480770,replace
89,C-24-00089,البريد الالكتروني,EMAIL,momar.88_86@example.org,replace
89,C-24-00089,رقم الحساب الدولي,IBAN,SA 0914592212845223734403,replace
90,C-24-00090,الاسم الرباعي,PERSON_NAME,مازن حسام هشام الرويلي,replace
90,C-24-00090,رقم السجل المدني,SAUDI_ID,1818562272,replace
90,C-24-00090,هاتف التواصل,MOBILE,00966557495187,replace
90,C-24-00090,البريد الالكتروني,EMAIL,ksara.8953@mail.example.com,replace
90,C-24-00090,رقم الحساب الدولي,IBAN,SA 1456127945698250537147,replace
90,C-24-00090,ملاحظات الموظف,EMAIL,nfahad.908963@mail.example.com,replace
91,C-24-00091,الاسم الرباعي,PERSON_NAME,لجين هشام حسام الشريف,replace
91,C-24-00091,رقم السجل المدني,SAUDI_ID,1 314 139 047,replace
91,C-24-00091,هاتف التواصل,MOBILE,٠٥٠٦١٤٥٩٠٨,replace
91,C-24-00091,البريد الالكتروني,EMAIL,nfahad.90.33@mail.example.com,replace
91,C-24-00091,رقم الحساب الدولي,IBAN,SA 5693231314985660196148,replace
91,C-24-00091,ملاحظات الموظف,PERSON_NAME,بشرى الرويلي,replace
91,C-24-00091,ملاحظات الموظف,MOBILE,0562222219,replace
92,C-24-00092,الاسم الرباعي,PERSON_NAME,نجلاء عادل عادل البلوي,replace
92,C-24-00092,رقم السجل المدني,SAUDI_ID,2 678 003 621,replace
92,C-24-00092,هاتف التواصل,MOBILE,(053) 035 3179,replace
92,C-24-00092,البريد الالكتروني,EMAIL,snoor.9138@inbox.example.net,replace
92,C-24-00092,رقم الحساب الدولي,IBAN,sa9807830923141515164187,replace
92,C-24-00092,ملاحظات الموظف,IBAN,SA6220480501838623364713,replace
93,C-24-00093,الاسم الرباعي,PERSON_NAME,أريج غازي رائد الجهني,replace
93,C-24-00093,رقم السجل المدني,SAUDI_ID,2 184 553 457,replace
93,C-24-00093,هاتف التواصل,MOBILE,00966530666121,replace
93,C-24-00093,البريد الالكتروني,EMAIL,komar.92_90@mail.example.com,replace
93,C-24-00093,رقم الحساب الدولي,IBAN,SA20 6874 3179 7419 7221 7620,replace
93,C-24-00093,ملاحظات الموظف,SAUDI_ID,1277202188,review
94,C-24-00094,الاسم الرباعي,PERSON_NAME,عمار وليد طلال البلوي,replace
94,C-24-00094,رقم السجل المدني,SAUDI_ID,1613020518,replace
94,C-24-00094,هاتف التواصل,MOBILE,+966 59 495 8979,replace
94,C-24-00094,البريد الالكتروني,EMAIL,sfahad.9371@inbox.example.net,replace
94,C-24-00094,رقم الحساب الدولي,IBAN,SA63 5255 8893 9482 8066 9208,replace
94,C-24-00094,ملاحظات الموظف,SAUDI_ID,1460475377,review
95,C-24-00095,الاسم الرباعي,PERSON_NAME,نايف إياد يزيد الشهري,replace
95,C-24-00095,رقم السجل المدني,SAUDI_ID,1336450489,replace
95,C-24-00095,هاتف التواصل,MOBILE,050-556-0698,replace
95,C-24-00095,رقم الحساب الدولي,IBAN,sa2435571271534702567462,replace
95,C-24-00095,ملاحظات الموظف,EMAIL,asara.9094.25@mail.example.com,replace
96,C-24-00096,الاسم الرباعي,PERSON_NAME,إياد حسام غازي المحمدي,replace
96,C-24-00096,رقم السجل المدني,SAUDI_ID,1066260512,replace
96,C-24-00096,هاتف التواصل,MOBILE,+966 59 552 0933,replace
96,C-24-00096,البريد الالكتروني,EMAIL,nfahad.95.39@example.org,replace
96,C-24-00096,رقم الحساب الدولي,IBAN,SA1813337995109589187133,replace
96,C-24-00096,ملاحظات الموظف,EMAIL,rdana.909576@inbox.example.net,replace
97,C-24-00097,الاسم الرباعي,PERSON_NAME,طلال مازن مازن الفيفي,replace
97,C-24-00097,رقم السجل المدني,SAUDI_ID,1067399293,replace
97,C-24-00097,هاتف التواصل,MOBILE,00966597862147,replace
97,C-24-00097,رقم الحساب الدولي,IBAN,SA3147301112506687458521,replace
97,C-24-00097,ملاحظات الموظف,IBAN,SA0795158525152605360238,replace
98,C-24-00098,الاسم الرباعي,PERSON_NAME,ميار عمار بندر الفيفي,replace
98,C-24-00098,رقم السجل المدني,SAUDI_ID,1500635600,replace
98,C-24-00098,هاتف التواصل,MOBILE,(055) 873 8212,replace
98,C-24-00098,البريد الالكتروني,EMAIL,sdana.97.27@inbox.example.net,replace
98,C-24-00098,رقم الحساب الدولي,IBAN,SA 0492854882791244438993,replace
99,C-24-00099,الاسم الرباعي,PERSON_NAME,حسام وليد طلال الشهري,replace
99,C-24-00099,رقم السجل المدني,SAUDI_ID,1800937177,replace
99,C-24-00099,هاتف التواصل,MOBILE,00966563235590,replace
99,C-24-00099,البريد الالكتروني,EMAIL,sali.9812@inbox.example.net,replace
99,C-24-00099,رقم الحساب الدولي,IBAN,sa2410244413794800434187,replace
99,C-24-00099,ملاحظات الموظف,EMAIL,adana.9098_60@mail.example.com,replace
100,C-24-00100,الاسم الرباعي,PERSON_NAME,غدير إياد يزيد الفيفي,replace
100,C-24-00100,رقم السجل المدني,SAUDI_ID,1870956321,replace
100,C-24-00100,هاتف التواصل,MOBILE,00966547628262,replace
100,C-24-00100,البريد الالكتروني,EMAIL,komar.9993@inbox.example.net,replace
100,C-24-00100,رقم الحساب الدولي,IBAN,sa4135914451746993560442,replace
100,C-24-00100,ملاحظات الموظف,IBAN,SA3626282536642129327983,replace
101,C-24-00101,الاسم الرباعي,PERSON_NAME,مازن رائد ثامر الجهني,replace
101,C-24-00101,رقم السجل المدني,SAUDI_ID,2091863494,replace
101,C-24-00101,هاتف التواصل,MOBILE,٠٥٣٩٢٥٥١٧١,replace
101,C-24-00101,رقم الحساب الدولي,IBAN,sa1142481090333144147240,replace
101,C-24-00101,ملاحظات الموظف,SAUDI_ID,1335056683,replace
102,C-24-00102,الاسم الرباعي,PERSON_NAME,مها مهند باسل الشريف,replace
102,C-24-00102,رقم السجل المدني,SAUDI_ID,2698742661,replace
102,C-24-00102,هاتف التواصل,MOBILE,053-083-7938,replace
102,C-24-00102,البريد الالكتروني,EMAIL,mali.101.57@example.org,replace
102,C-24-00102,رقم الحساب الدولي,IBAN,SA 4900472372463260406758,replace
102,C-24-00102,ملاحظات الموظف,IBAN,SA4214052968611874776163,replace
103,C-24-00103,الاسم الرباعي,PERSON_NAME,أنس مازن غازي الحازمي,replace
103,C-24-00103,رقم السجل المدني,SAUDI_ID,١١٩٠٧٤٣٢٧٦,replace
103,C-24-00103,هاتف التواصل,MOBILE,0559452982,replace
103,C-24-00103,البريد الالكتروني,EMAIL,somar.10281@mail.example.com,replace
103,C-24-00103,رقم الحساب الدولي,IBAN,sa1961097497111648065271,replace
104,C-24-00104,الاسم الرباعي,PERSON_NAME,أنس مشاري عادل البلوي,replace
104,C-24-00104,رقم السجل المدني,SAUDI_ID,2490116197,replace
104,C-24-00104,هاتف التواصل,MOBILE,00966583947429,replace
104,C-24-00104,البريد الالكتروني,EMAIL,snoor.103.51@example.org,replace
104,C-24-00104,رقم الحساب الدولي,IBAN,sa5684811875351588445368,replace
104,C-24-00104,ملاحظات الموظف,PERSON_NAME,منيرة الجهني,replace
104,C-24-00104,ملاحظات الموظف,MOBILE,(055) 721 4127,replace
105,C-24-00105,الاسم الرباعي,PERSON_NAME,صالح مشاري هشام الحازمي,replace
105,C-24-00105,رقم السجل المدني,SAUDI_ID,2635846963,replace
105,C-24-00105,هاتف التواصل,MOBILE,0566362858,replace
105,C-24-00105,البريد الالكتروني,EMAIL,momar.104.19@inbox.example.net,replace
105,C-24-00105,رقم الحساب الدولي,IBAN,sa7182547754952822129837,replace
106,C-24-00106,الاسم الرباعي,PERSON_NAME,رهف إياد غازي الغامدي,replace
106,C-24-00106,رقم السجل المدني,SAUDI_ID,1 364 309 177,replace
106,C-24-00106,هاتف التواصل,MOBILE,+966 58 698 1374,replace
106,C-24-00106,البريد الالكتروني,EMAIL,msara.105.14@mail.example.com,replace
106,C-24-00106,رقم الحساب الدولي,IBAN,SA 0590978262874562319596,replace
107,C-24-00107,الاسم الرباعي,PERSON_NAME,سديم إياد عادل المالكي,replace
107,C-24-00107,رقم السجل المدني,SAUDI_ID,1921323232,replace
107,C-24-00107,هاتف التواصل,MOBILE,٠٥٥٥٣٥٧٧٠٢,replace
107,C-24-00107,رقم الحساب الدولي,IBAN,SA3927117007681632096354,replace
107,C-24-00107,ملاحظات الموظف,SAUDI_ID,1106775198,replace
108,C-24-00108,الاسم الرباعي,PERSON_NAME,ثامر غازي طلال اليامي,replace
108,C-24-00108,رقم السجل المدني,SAUDI_ID,1788617163,replace
108,C-24-00108,هاتف التواصل,MOBILE,(058) 176 8901,replace
108,C-24-00108,البريد الالكتروني,EMAIL,rsara.10787@example.org,replace
108,C-24-00108,رقم الحساب الدولي,IBAN,SA79 9407 3597 6149 9054 8396,replace
108,C-24-00108,ملاحظات الموظف,PERSON_NAME,جود الصاعدي,replace
108,C-24-00108,ملاحظات الموظف,MOBILE,+966 50 243 6389,replace
109,C-24-00109,الاسم الرباعي,PERSON_NAME,وليد رائد عمار الفيفي,replace
109,C-24-00109,رقم السجل المدني,SAUDI_ID,٢٥٢٧٢٨٤٥٠٥,replace
109,C-24-00109,هاتف التواصل,MOBILE,0564701206,replace
109,C-24-00109,رقم الحساب الدولي,IBAN,SA 8955126248091782713243,replace
110,C-24-00110,الاسم الرباعي,PERSON_NAME,ميار باسل منصور العمري,replace
110,C-24-00110,رقم السجل المدني,SAUDI_ID,1952301347,replace
110,C-24-00110,هاتف التواصل,MOBILE,(059) 045 1478,replace
110,C-24-00110,البريد الالكتروني,EMAIL,mali.109_61@mail.example.com,replace
110,C-24-00110,رقم الحساب الدولي,IBAN,SA 0223101612370671065339,replace
111,C-24-00111,الاسم الرباعي,PERSON_NAME,غدير مازن نايف الحازمي,replace
111,C-24-00111,رقم السجل المدني,SAUDI_ID,1171976473,replace
111,C-24-00111,هاتف التواصل,MOBILE,(054) 613 8286,replace
111,C-24-00111,البريد الالكتروني,EMAIL,mnoor.110_53@example.org,replace
111,C-24-00111,رقم الحساب الدولي,IBAN,SA18 1816 2468 2457 7497 9922,replace
112,C-24-00112,الاسم الرباعي,PERSON_NAME,مهند مهند عمار السلمي,replace
112,C-24-00112,رقم السجل المدني,SAUDI_ID,2365976568,replace
112,C-24-00112,هاتف التواصل,MOBILE,+966 50 314 8197,replace
112,C-24-00112,البريد الالكتروني,EMAIL,rdana.111_83@example.org,replace
112,C-24-00112,رقم الحساب الدولي,IBAN,SA43 2398 8654 6577 0798 3020,replace
112,C-24-00112,ملاحظات الموظف,EMAIL,nali.9111_29@inbox.example.net,replace
113,C-24-00113,الاسم الرباعي,PERSON_NAME,نايف يزيد مهند الحويطي,replace
113,C-24-00113,رقم السجل المدني,SAUDI_ID,1631017504,replace
113,C-24-00113,هاتف التواصل,MOBILE,(059) 645 7342,replace
113,C-24-00113,البريد الالكتروني,EMAIL,anoor.112.54@mail.example.com,replace
113,C-24-00113,رقم الحساب الدولي,IBAN,SA 6996813454831856395007,replace
113,C-24-00113,ملاحظات الموظف,SAUDI_ID,1610909865,ignore
114,C-24-00114,الاسم الرباعي,PERSON_NAME,صالح منصور باسل الجهني,replace
114,C-24-00114,رقم السجل المدني,SAUDI_ID,2073570448,replace
114,C-24-00114,هاتف التواصل,MOBILE,+966 58 279 3487,replace
114,C-24-00114,البريد الالكتروني,EMAIL,nomar.113_60@example.org,replace
114,C-24-00114,رقم الحساب الدولي,IBAN,SA 6801453922641592144864,replace
114,C-24-00114,ملاحظات الموظف,SAUDI_ID,1408423513,review
115,C-24-00115,الاسم الرباعي,PERSON_NAME,أنس رائد حسام العمري,replace
115,C-24-00115,رقم السجل المدني,SAUDI_ID,2 419 774 589,replace
115,C-24-00115,هاتف التواصل,MOBILE,0560569482,replace
115,C-24-00115,البريد الالكتروني,EMAIL,somar.11443@inbox.example.net,replace
115,C-24-00115,رقم الحساب الدولي,IBAN,SA 7813330383287575033687,replace
116,C-24-00116,الاسم الرباعي,PERSON_NAME,وليد نايف هشام الأحمدي,replace
116,C-24-00116,رقم السجل المدني,SAUDI_ID,1 717 563 504,replace
116,C-24-00116,هاتف التواصل,MOBILE,٠٥٥٧٣٣٨٨١٧,replace
116,C-24-00116,البريد الالكتروني,EMAIL,nomar.115.22@example.org,replace
116,C-24-00116,رقم الحساب الدولي,IBAN,sa0321385516180467745480,replace
116,C-24-00116,ملاحظات الموظف,PERSON_NAME,رزان الفيفي,replace
116,C-24-00116,ملاحظات الموظف,MOBILE,0564406948,replace
117,C-24-00117,الاسم الرباعي,PERSON_NAME,سديم هشام هشام الصاعدي,replace
117,C-24-00117,رقم السجل المدني,SAUDI_ID,1 094 276 506,replace
117,C-24-00117,هاتف التواصل,MOBILE,0556081790,replace
117,C-24-00117,البريد الالكتروني,EMAIL,anoor.116_32@mail.example.com,replace
117,C-24-00117,رقم الحساب الدولي,IBAN,SA85 8628 6441 3175 9188 8283,replace
118,C-24-00118,الاسم الرباعي,PERSON_NAME,هشام وليد منصور المحمدي,replace
118,C-24-00118,رقم السجل المدني,SAUDI_ID,2 720 583 513,replace
118,C-24-00118,هاتف التواصل,MOBILE,٠٥٨٣٧١١٥٨٨,replace
118,C-24-00118,البريد الالكتروني,EMAIL,adana.117.16@inbox.example.net,replace
118,C-24-00118,رقم الحساب الدولي,IBAN,SA 1849079690256616388586,replace
119,C-24-00119,الاسم الرباعي,PERSON_NAME,أريج عادل ثامر الحويطي,replace
119,C-24-00119,رقم السجل المدني,SAUDI_ID,1475033740,replace
119,C-24-00119,هاتف التواصل,MOBILE,059-776-1325,replace
119,C-24-00119,البريد الالكتروني,EMAIL,kdana.118.68@mail.example.com,replace
119,C-24-00119,رقم الحساب الدولي,IBAN,SA 5406317979219066381937,replace
119,C-24-00119,ملاحظات الموظف,SAUDI_ID,1692850710,review
120,C-24-00120,الاسم الرباعي,PERSON_NAME,غدير بندر نايف باعشن,replace
120,C-24-00120,رقم السجل المدني,SAUDI_ID,1844947240,replace
120,C-24-00120,هاتف التواصل,MOBILE,00966547392937,replace
120,C-24-00120,البريد الالكتروني,EMAIL,adana.119_32@example.org,replace
120,C-24-00120,رقم الحساب الدولي,IBAN,sa9546762506428536422578,replace
120,C-24-00120,ملاحظات الموظف,IBAN,SA 5241314875934450919002,replace
121,C-24-00121,الاسم الرباعي,PERSON_NAME,مهند عادل صالح الجهني,replace
121,C-24-00121,رقم السجل المدني,SAUDI_ID,1 785 704 410,replace
121,C-24-00121,هاتف التواصل,MOBILE,+966 55 584 1395,replace
121,C-24-00121,البريد الالكتروني,EMAIL,sfahad.12039@mail.example.com,replace
121,C-24-00121,رقم الحساب الدولي,IBAN,SA4419659265432884291820,replace
121,C-24-00121,ملاحظات الموظف,SAUDI_ID,1 902 244 183,replace
122,C-24-00122,الاسم الرباعي,PERSON_NAME,صالح وليد منصور السلمي,replace
122,C-24-00122,رقم السجل المدني,SAUDI_ID,1227276225,replace
122,C-24-00122,هاتف التواصل,MOBILE,0546285836,replace
122,C-24-00122,البريد الالكتروني,EMAIL,mfahad.121_87@example.org,replace
122,C-24-00122,رقم الحساب الدولي,IBAN,sa5718891949125560811264,replace
122,C-24-00122,ملاحظات الموظف,SAUDI_ID,1581505862,review
123,C-24-00123,الاسم الرباعي,PERSON_NAME,يزيد منصور منصور الأحمدي,replace
123,C-24-00123,رقم السجل المدني,SAUDI_ID,1742141367,replace
123,C-24-00123,هاتف التواصل,MOBILE,+966 50 084 8826,replace
123,C-24-00123,رقم الحساب الدولي,IBAN,SA52 2312 7903 0303 2682 2896,replace
124,C-24-00124,الاسم الرباعي,PERSON_NAME,منيرة حسام أنس الغامدي,replace
124,C-24-00124,رقم السجل المدني,SAUDI_ID,2882057652,replace
124,C-24-00124,هاتف التواصل,MOBILE,٠٥٦٠٧٠١٧١١,replace
124,C-24-00124,البريد الالكتروني,EMAIL,somar.123_93@example.org,replace
124,C-24-00124,رقم الحساب الدولي,IBAN,sa8317887948985736161852,replace
125,C-24-00125,الاسم الرباعي,PERSON_NAME,نايف عادل بندر العنزي,replace
125,C-24-00125,رقم السجل المدني,SAUDI_ID,٢٧٤٦٠١٧٩٥٩,replace
125,C-24-00125,هاتف التواصل,MOBILE,+966 53 807 2345,replace
125,C-24-00125,البريد الالكتروني,EMAIL,kali.124_10@inbox.example.net,replace
125,C-24-00125,رقم الحساب الدولي,IBAN,sa1555691555422091785381,replace
126,C-24-00126,الاسم الرباعي,PERSON_NAME,غازي عادل طلال الغامدي,replace
126,C-24-00126,رقم السجل المدني,SAUDI_ID,1604405090,replace
126,C-24-00126,هاتف التواصل,MOBILE,0503887195,replace
126,C-24-00126,البريد الالكتروني,EMAIL,nsara.125_22@mail.example.com,replace
126,C-24-00126,رقم الحساب الدولي,IBAN,sa1217732848574698931088,replace
126,C-24-00126,ملاحظات الموظف,PERSON_NAME,سديم الأحمدي,replace
126,C-24-00126,ملاحظات الموظف,MOBILE,0592009550,replace
127,C-24-00127,الاسم الرباعي,PERSON_NAME,أريج عمار عادل البلوي,replace
127,C-24-00127,رقم السجل المدني,SAUDI_ID,2313133171,replace
127,C-24-00127,هاتف التواصل,MOBILE,056-156-5726,replace
127,C-24-00127,البريد الالكتروني,EMAIL,asara.126_67@mail.example.com,replace
127,C-24-00127,رقم الحساب الدولي,IBAN,SA7881178711352196776296,replace
128,C-24-00128,الاسم الرباعي,PERSON_NAME,صالح منصور وليد الجهني,replace
128,C-24-00128,رقم السجل المدني,SAUDI_ID,١٥٥١١٤١٧٢٢,replace
128,C-24-00128,هاتف التواصل,MOBILE,0587706190,replace
128,C-24-00128,البريد الالكتروني,EMAIL,aali.127.90@mail.example.com,replace
128,C-24-00128,رقم الحساب الدولي,IBAN,SA2335653593843035800409,replace
129,C-24-00129,الاسم الرباعي,PERSON_NAME,سديم أنس عادل الرويلي,replace
129,C-24-00129,رقم السجل المدني,SAUDI_ID,2045501174,replace
129,C-24-00129,هاتف التواصل,MOBILE,٠٥٩٠٨٦١٧١١,replace
129,C-24-00129,البريد الالكتروني,EMAIL,rali.128.90@inbox.example.net,replace
129,C-24-00129,رقم الحساب الدولي,IBAN,SA34 3631 5908 6992 8012 3325,replace
129,C-24-00129,ملاحظات الموظف,SAUDI_ID,1637340569,ignore
130,C-24-00130,الاسم الرباعي,PERSON_NAME,هيفاء غازي مهند الشهري,replace
130,C-24-00130,رقم السجل المدني,SAUDI_ID,1148170192,replace
130,C-24-00130,هاتف التواصل,MOBILE,(050) 302 9839,replace
130,C-24-00130,البريد الالكتروني,EMAIL,romar.129_54@mail.example.com,replace
130,C-24-00130,رقم الحساب الدولي,IBAN,sa9557274870438374999850,replace
130,C-24-00130,ملاحظات الموظف,EMAIL,rali.9129_97@mail.example.com,replace
131,C-24-00131,الاسم الرباعي,PERSON_NAME,وليد صالح طلال الثبيتي,replace
131,C-24-00131,رقم السجل المدني,SAUDI_ID,1 520 849 702,replace
131,C-24-00131,هاتف التواصل,MOBILE,00966583177372,replace
131,C-24-00131,البريد الالكتروني,EMAIL,knoor.130.25@mail.example.com,replace
131,C-24-00131,رقم الحساب الدولي,IBAN,SA0452983996810394112751,replace
132,C-24-00132,الاسم الرباعي,PERSON_NAME,شهد طلال وليد الحويطي,replace
132,C-24-00132,رقم السجل المدني,SAUDI_ID,1782332264,replace
132,C-24-00132,هاتف التواصل,MOBILE,(050) 755 1319,replace
132,C-24-00132,رقم الحساب الدولي,IBAN,SA65 0199 9115 3968 5569 6882,replace
132,C-24-00132,ملاحظات الموظف,IBAN,SA4776644647077580728441,replace
133,C-24-00133,الاسم الرباعي,PERSON_NAME,مهند بندر إياد الفيفي,replace
133,C-24-00133,رقم السجل المدني,SAUDI_ID,١٧٨٤٨٥٦٩٢٢,replace
133,C-24-00133,هاتف التواصل,MOBILE,(055) 081 5425,replace
133,C-24-00133,البريد الالكتروني,EMAIL,sdana.132_73@inbox.example.net,replace
133,C-24-00133,رقم الحساب الدولي,IBAN,sa6002235365629799809935,replace
133,C-24-00133,ملاحظات الموظف,SAUDI_ID,1813716841,ignore
134,C-24-00134,الاسم الرباعي,PERSON_NAME,دانة يزيد مازن الصاعدي,replace
134,C-24-00134,رقم السجل المدني,SAUDI_ID,2 175 427 208,replace
134,C-24-00134,هاتف التواصل,MOBILE,(059) 239 7923,replace
134,C-24-00134,البريد الالكتروني,EMAIL,rali.13360@example.org,replace
134,C-24-00134,رقم الحساب الدولي,IBAN,SA 4238941490423298972702,replace
134,C-24-00134,ملاحظات الموظف,PERSON_NAME,غدير الفيفي,replace
134,C-24-00134,ملاحظات الموظف,MOBILE,053-157-5862,replace
135,C-24-00135,الاسم الرباعي,PERSON_NAME,عهود ثامر باسل العنزي,replace
135,C-24-00135,رقم السجل المدني,SAUDI_ID,١١١٦٢٣١٣٣١,replace
135,C-24-00135,هاتف التواصل,MOBILE,(050) 511 6851,replace
135,C-24-00135,البريد الالكتروني,EMAIL,mfahad.13479@inbox.example.net,replace
135,C-24-00135,رقم الحساب الدولي,IBAN,SA9217975151161503498055,replace
135,C-24-00135,ملاحظات الموظف,IBAN,SA06 2494 3115 3890 2939 6880,replace
136,C-24-00136,الاسم الرباعي,PERSON_NAME,ريما مشاري مهند البلوي,replace
136,C-24-00136,رقم السجل المدني,SAUDI_ID,١٤٦٨٦٥٧٠٩١,replace
136,C-24-00136,هاتف التواصل,MOBILE,00966531970567,replace
136,C-24-00136,البريد الالكتروني,EMAIL,kdana.135_33@mail.example.com,replace
136,C-24-00136,رقم الحساب الدولي,IBAN,sa1695970208458977141428,replace
136,C-24-00136,ملاحظات الموظف,SAUDI_ID,1199004597,review
137,C-24-00137,الاسم الرباعي,PERSON_NAME,لولوة بندر غازي الثبيتي,replace
137,C-24-00137,رقم السجل المدني,SAUDI_ID,1179113848,replace
137,C-24-00137,هاتف التواصل,MOBILE,00966590497786,replace
137,C-24-00137,البريد الالكتروني,EMAIL,ksara.136_14@example.org,replace
137,C-24-00137,رقم الحساب الدولي,IBAN,SA20 0760 5531 9088 7532 1605,replace
137,C-24-00137,ملاحظات الموظف,IBAN,SA 4818231476522950118971,replace
138,C-24-00138,الاسم الرباعي,PERSON_NAME,تهاني وليد إياد الزهراني,replace
138,C-24-00138,رقم السجل المدني,SAUDI_ID,1211986573,replace
138,C-24-00138,هاتف التواصل,MOBILE,050-528-2785,replace
138,C-24-00138,البريد الالكتروني,EMAIL,sdana.13768@inbox.example.net,replace
138,C-24-00138,رقم الحساب الدولي,IBAN,SA 2446483224756147044111,replace
138,C-24-00138,ملاحظات الموظف,PERSON_NAME,نايف البلوي,replace
138,C-24-00138,ملاحظات الموظف,MOBILE,(056) 877 2680,replace
139,C-24-00139,الاسم الرباعي,PERSON_NAME,جود طلال حسام الشهري,replace
139,C-24-00139,رقم السجل المدني,SAUDI_ID,1273471290,replace
139,C-24-00139,هاتف التواصل,MOBILE,00966584483406,replace
139,C-24-00139,البريد الالكتروني,EMAIL,kali.138.97@example.org,replace
139,C-24-00139,رقم الحساب الدولي,IBAN,sa7476887105128074305095,replace
140,C-24-00140,الاسم الرباعي,PERSON_NAME,غدير غازي صالح السلمي,replace
140,C-24-00140,رقم السجل المدني,SAUDI_ID,١٨٥٨٥٣٠٨٩٠,replace
140,C-24-00140,هاتف التواصل,MOBILE,0507135870,replace
140,C-24-00140,البريد الالكتروني,EMAIL,nomar.13950@inbox.example.net,replace
140,C-24-00140,رقم الحساب الدولي,IBAN,SA03 8822 5253 8782 5157 3478,replace
141,C-24-00141,الاسم الرباعي,PERSON_NAME,نجلاء مازن وليد الجهني,replace
141,C-24-00141,رقم السجل المدني,SAUDI_ID,١٨٨١٦٦٠٠٦٠,replace
141,C-24-00141,هاتف التواصل,MOBILE,+966 53 082 4861,replace
141,C-24-00141,البريد الالكتروني,EMAIL,rdana.140_51@example.org,replace
141,C-24-00141,رقم الحساب الدولي,IBAN,SA1584083285350552463588,replace
141,C-24-00141,ملاحظات الموظف,IBAN,SA8341725292533327294117,replace
142,C-24-00142,الاسم الرباعي,PERSON_NAME,منصور إياد مهند الثبيتي,replace
142,C-24-00142,رقم السجل المدني,SAUDI_ID,2511161545,replace
142,C-24-00142,هاتف التواصل,MOBILE,00966548403218,replace
142,C-24-00142,البريد الالكتروني,EMAIL,snoor.14165@mail.example.com,replace
142,C-24-00142,رقم الحساب الدولي,IBAN,SA 6423549495626928743146,replace
143,C-24-00143,الاسم الرباعي,PERSON_NAME,هشام غازي بندر الشريف,replace
143,C-24-00143,رقم السجل المدني,SAUDI_ID,1 303 320 814,replace
143,C-24-00143,هاتف التواصل,MOBILE,00966588751875,replace
143,C-24-00143,رقم الحساب الدولي,IBAN,SA39 8068 8069 5042 6908 3802,replace
144,C-24-00144,الاسم الرباعي,PERSON_NAME,مشاري هشام مازن الشهري,replace
144,C-24-00144,رقم السجل المدني,SAUDI_ID,1161997307,replace
144,C-24-00144,هاتف التواصل,MOBILE,٠٥٨٧٢٦٧٩١٦,replace
144,C-24-00144,رقم الحساب الدولي,IBAN,SA 7070658989347012580799,replace
144,C-24-00144,ملاحظات الموظف,SAUDI_ID,1931256901,replace
145,C-24-00145,الاسم الرباعي,PERSON_NAME,نجلاء رائد منصور اليامي,replace
145,C-24-00145,رقم السجل المدني,SAUDI_ID,2262171875,replace
145,C-24-00145,هاتف التواصل,MOBILE,0545191889,replace
145,C-24-00145,البريد الالكتروني,EMAIL,nnoor.14471@mail.example.com,replace
145,C-24-00145,رقم الحساب الدولي,IBAN,sa0272359837647606637675,replace
145,C-24-00145,ملاحظات الموظف,PERSON_NAME,ميار الشريف,replace
145,C-24-00145,ملاحظات الموظف,MOBILE,0542437839,replace
146,C-24-00146,الاسم الرباعي,PERSON_NAME,نجلاء ثامر باسل الشهري,replace
146,C-24-00146,رقم السجل المدني,SAUDI_ID,٢٤٨٩٢٩٨٢٦١,replace
146,C-24-00146,هاتف التواصل,MOBILE,0531218604,replace
146,C-24-00146,رقم الحساب الدولي,IBAN,SA47 8419 6471 8227 2055 8023,replace
146,C-24-00146,ملاحظات الموظف,SAUDI_ID,1717812713,ignore
147,C-24-00147,الاسم الرباعي,PERSON_NAME,حسام بندر بندر الجهني,replace
147,C-24-00147,رقم السجل المدني,SAUDI_ID,1133590511,replace
147,C-24-00147,هاتف التواصل,MOBILE,(059) 595 1548,replace
147,C-24-00147,البريد الالكتروني,EMAIL,adana.146_85@inbox.example.net,replace
147,C-24-00147,رقم الحساب الدولي,IBAN,SA 8394234028415078781824,replace
148,C-24-00148,الاسم الرباعي,PERSON_NAME,رائد حسام مازن العنزي,replace
148,C-24-00148,رقم السجل المدني,SAUDI_ID,1889712723,replace
148,C-24-00148,هاتف التواصل,MOBILE,0544160143,replace
148,C-24-00148,البريد الالكتروني,EMAIL,kdana.14769@example.org,replace
148,C-24-00148,رقم الحساب الدولي,IBAN,SA8959286978883472541892,replace
148,C-24-00148,ملاحظات الموظف,SAUDI_ID,1962486583,review
149,C-24-00149,الاسم الرباعي,PERSON_NAME,منصور يزيد ثامر البلوي,replace
149,C-24-00149,رقم السجل المدني,SAUDI_ID,١٠٤٦١١٣٨٣١,replace
149,C-24-00149,هاتف التواصل,MOBILE,00966595810193,replace
149,C-24-00149,البريد الالكتروني,EMAIL,somar.14851@inbox.example.net,replace
149,C-24-00149,رقم الحساب الدولي,IBAN,SA7179221371080172425589,replace
150,C-24-00150,الاسم الرباعي,PERSON_NAME,رائد نايف باسل الثبيتي,replace
150,C-24-00150,رقم السجل المدني,SAUDI_ID,1 117 499 655,replace
150,C-24-00150,هاتف التواصل,MOBILE,0552897444,replace
150,C-24-00150,رقم الحساب الدولي,IBAN,SA 5480325085447133809479,replace
151,C-24-00151,الاسم الرباعي,PERSON_NAME,رائد يزيد عمار الحويطي,replace
151,C-24-00151,رقم السجل المدني,SAUDI_ID,1916247362,replace
151,C-24-00151,هاتف التواصل,MOBILE,0553692059,replace
151,C-24-00151,البريد الالكتروني,EMAIL,komar.150.86@example.org,replace
151,C-24-00151,رقم الحساب الدولي,IBAN,SA12 8844 3837 0682 3889 9078,replace
152,C-24-00152,الاسم الرباعي,PERSON_NAME,يزيد منصور حسام المالكي,replace
152,C-24-00152,رقم السجل المدني,SAUDI_ID,1 468 152 796,replace
152,C-24-00152,هاتف التواصل,MOBILE,0557557668,replace
152,C-24-00152,البريد الالكتروني,EMAIL,asara.15110@mail.example.com,replace
152,C-24-00152,رقم الحساب الدولي,IBAN,SA30 3552 7726 3350 5403 4436,replace
152,C-24-00152,ملاحظات الموظف,PERSON_NAME,أريج الشهري,replace
152,C-24-00152,ملاحظات الموظف,MOBILE,+966 50 813 3201,replace
153,C-24-00153,الاسم الرباعي,PERSON_NAME,لجين بندر وليد الشهري,replace
153,C-24-00153,رقم السجل المدني,SAUDI_ID,2941084507,replace
153,C-24-00153,هاتف التواصل,MOBILE,٠٥٠١٨٢٨٣٦٤,replace
153,C-24-00153,البريد الالكتروني,EMAIL,ndana.15229@mail.example.com,replace
153,C-24-00153,رقم الحساب الدولي,IBAN,SA2909742803407570295826,replace
154,C-24-00154,الاسم الرباعي,PERSON_NAME,وليد مهند حسام الجهني,replace
154,C-24-00154,رقم السجل المدني,SAUDI_ID,١٦٧٢٩٧١٥١٠,replace
154,C-24-00154,هاتف التواصل,MOBILE,00966509264289,replace
154,C-24-00154,البريد الالكتروني,EMAIL,komar.15384@inbox.example.net,replace
154,C-24-00154,رقم الحساب الدولي,IBAN,SA93 9231 4947 4614 0058 1461,replace
154,C-24-00154,ملاحظات الموظف,PERSON_NAME,صالح الغامدي,replace
154,C-24-00154,ملاحظات الموظف,MOBILE,+966 50 600 1221,replace
155,C-24-00155,الاسم الرباعي,PERSON_NAME,أنس حسام عمار الغامدي,replace
155,C-24-00155,رقم السجل المدني,SAUDI_ID,1336019755,replace
155,C-24-00155,هاتف التواصل,MOBILE,00966590921198,replace
155,C-24-00155,البريد الالكتروني,EMAIL,mnoor.15440@inbox.example.net,replace
155,C-24-00155,رقم الحساب الدولي,IBAN,SA 5085409746488609616216,replace
155,C-24-00155,ملاحظات الموظف,EMAIL,asara.9154_25@mail.example.com,replace
156,C-24-00156,الاسم الرباعي,PERSON_NAME,مهند رائد يزيد المحمدي,replace
156,C-24-00156,رقم السجل المدني,SAUDI_ID,1970035521,replace
156,C-24-00156,هاتف التواصل,MOBILE,+966 50 108 6986,replace
156,C-24-00156,البريد الالكتروني,EMAIL,ksara.15542@mail.example.com,replace
156,C-24-00156,رقم الحساب الدولي,IBAN,sa5357679131942758797730,replace
156,C-24-00156,ملاحظات الموظف,PERSON_NAME,عادل الثبيتي,replace
156,C-24-00156,ملاحظات الموظف,MOBILE,053-756-9508,replace
157,C-24-00157,الاسم الرباعي,PERSON_NAME,سديم مشاري مهند العمري,replace
157,C-24-00157,رقم السجل المدني,SAUDI_ID,2265094397,replace
157,C-24-00157,هاتف التواصل,MOBILE,٠٥٣٣٥٠٨٩١٧,replace
157,C-24-00157,البريد الالكتروني,EMAIL,sali.156.55@example.org,replace
157,C-24-00157,رقم الحساب الدولي,IBAN,SA26 8753 5235 7571 6307 1796,replace
158,C-24-00158,الاسم الرباعي,PERSON_NAME,وليد طلال أنس المالكي,replace
158,C-24-00158,رقم السجل المدني,SAUDI_ID,١٠٣١٤٥١٣٩٤,replace
158,C-24-00158,هاتف التواصل,MOBILE,٠٥٩٣٠٧٦٣٢١,replace
158,C-24-00158,البريد الالكتروني,EMAIL,rdana.157.84@mail.example.com,replace
158,C-24-00158,رقم الحساب الدولي,IBAN,SA71 1421 7027 3434 7983 8050,replace
158,C-24-00158,ملاحظات الموظف,SAUDI_ID,1145180893,ignore
159,C-24-00159,الاسم الرباعي,PERSON_NAME,باسل يزيد عمار الحويطي,replace
159,C-24-00159,رقم السجل المدني,SAUDI_ID,1 947 710 818,replace
159,C-24-00159,هاتف التواصل,MOBILE,00966547455986,replace
159,C-24-00159,البريد الالكتروني,EMAIL,nnoor.15855@example.org,replace
159,C-24-00159,رقم الحساب الدولي,IBAN,SA 4506433024257152726468,replace
159,C-24-00159,ملاحظات الموظف,SAUDI_ID,1823870702,review
160,C-24-00160,الاسم الرباعي,PERSON_NAME,باسل مهند غازي باعشن,replace
160,C-24-00160,رقم السجل المدني,SAUDI_ID,١٨٣٢٦١٢١٥٢,replace
160,C-24-00160,هاتف التواصل,MOBILE,(054) 660 8305,replace
160,C-24-00160,البريد الالكتروني,EMAIL,kali.159.53@inbox.example.net,replace
160,C-24-00160,رقم الحساب الدولي,IBAN,sa5995640528764466972538,replace
160,C-24-00160,ملاحظات الموظف,IBAN,SA4135223724955824916784,replace
161,C-24-00161,الاسم الرباعي,PERSON_NAME,رهف عمار مازن المحمدي,replace
161,C-24-00161,رقم السجل المدني,SAUDI_ID,١٧٢٧٩٧٧٥١٢,replace
161,C-24-00161,هاتف التواصل,MOBILE,0537350446,replace
161,C-24-00161,رقم الحساب الدولي,IBAN,SA83 7419 0592 6253 6287 4981,replace
161,C-24-00161,ملاحظات الموظف,PERSON_NAME,وليد الغامدي,replace
161,C-24-00161,ملاحظات الموظف,MOBILE,0542220194,replace
162,C-24-00162,الاسم الرباعي,PERSON_NAME,لولوة أنس أنس الغامدي,replace
162,C-24-00162,رقم السجل المدني,SAUDI_ID,1194595367,replace
162,C-24-00162,هاتف التواصل,MOBILE,٠٥٤٣٣٦٩٧٧٤,replace
162,C-24-00162,رقم الحساب الدولي,IBAN,SA 3473164655286205845020,replace
162,C-24-00162,ملاحظات الموظف,PERSON_NAME,مازن المالكي,replace
162,C-24-00162,ملاحظات الموظف,MOBILE,(055) 977 5936,replace
163,C-24-00163,الاسم الرباعي,PERSON_NAME,غازي ثامر رائد الحازمي,replace
163,C-24-00163,رقم السجل المدني,SAUDI_ID,1699084818,replace
163,C-24-00163,هاتف التواصل,MOBILE,٠٥٩٩٣٥٦٠٧٦,replace
163,C-24-00163,البريد الالكتروني,EMAIL,afahad.16237@inbox.example.net,replace
163,C-24-00163,رقم الحساب الدولي,IBAN,SA81 7785 7767 3230 6999 5493,replace
164,C-24-00164,الاسم الرباعي,PERSON_NAME,عمار يزيد صالح السلمي,replace
164,C-24-00164,رقم السجل المدني,SAUDI_ID,1526302185,replace
164,C-24-00164,هاتف التواصل,MOBILE,٠٥٦٨٤٢٦٧٣٤,replace
164,C-24-00164,البريد الالكتروني,EMAIL,kdana.163.67@inbox.example.net,replace
164,C-24-00164,رقم الحساب الدولي,IBAN,SA8220594208054953630918,replace
165,C-24-00165,الاسم الرباعي,PERSON_NAME,هشام نايف هشام الرويلي,replace
165,C-24-00165,رقم السجل المدني,SAUDI_ID,1014458275,replace
165,C-24-00165,هاتف التواصل,MOBILE,+966 54 151 5582,replace
165,C-24-00165,البريد الالكتروني,EMAIL,rfahad.164_23@mail.example.com,replace
165,C-24-00165,رقم الحساب الدولي,IBAN,SA4005514212660150795887,replace
166,C-24-00166,الاسم الرباعي,PERSON_NAME,هيفاء باسل عمار البلوي,replace
166,C-24-00166,رقم السجل المدني,SAUDI_ID,2333738454,replace
166,C-24-00166,هاتف التواصل,MOBILE,0594673771,replace
166,C-24-00166,البريد الالكتروني,EMAIL,komar.165.48@inbox.example.net,replace
166,C-24-00166,رقم الحساب الدولي,IBAN,SA0379038674744903751811,replace
167,C-24-00167,الاسم الرباعي,PERSON_NAME,عادل ثامر عمار الجهني,replace
167,C-24-00167,رقم السجل المدني,SAUDI_ID,٢٢١١٨٩١٣٩١,replace
167,C-24-00167,هاتف التواصل,MOBILE,0589015263,replace
167,C-24-00167,البريد الالكتروني,EMAIL,momar.16679@example.org,replace
167,C-24-00167,رقم الحساب الدولي,IBAN,sa4275780845100262721859,replace
167,C-24-00167,ملاحظات الموظف,SAUDI_ID,1410438228,replace
168,C-24-00168,الاسم الرباعي,PERSON_NAME,أريج مهند صالح الشريف,replace
168,C-24-00168,رقم السجل المدني,SAUDI_ID,1544268491,replace
168,C-24-00168,هاتف التواصل,MOBILE,٠٥٠٤١٢٩٠٤٥,replace
168,C-24-00168,رقم الحساب الدولي,IBAN,sa8015841681706231614815,replace
168,C-24-00168,ملاحظات الموظف,SAUDI_ID,1242815213,replace
169,C-24-00169,الاسم الرباعي,PERSON_NAME,باسل طلال صالح العنزي,replace
169,C-24-00169,رقم السجل المدني,SAUDI_ID,2047943887,replace
169,C-24-00169,هاتف التواصل,MOBILE,٠٥٩٠٣٠٦١٢٥,replace
169,C-24-00169,البريد الالكتروني,EMAIL,mnoor.168.19@example.org,replace
169,C-24-00169,رقم الحساب الدولي,IBAN,sa3688191901537122478618,replace
170,C-24-00170,الاسم الرباعي,PERSON_NAME,نجلاء هشام هشام الشريف,replace
170,C-24-00170,رقم السجل المدني,SAUDI_ID,2929769350,replace
170,C-24-00170,هاتف التواصل,MOBILE,(055) 097 8860,replace
170,C-24-00170,رقم الحساب الدولي,IBAN,SA60 4677 0616 5352 1455 8883,replace
171,C-24-00171,الاسم الرباعي,PERSON_NAME,رهف أنس مهند الثبيتي,replace
171,C-24-00171,رقم السجل المدني,SAUDI_ID,2551274224,replace
171,C-24-00171,هاتف التواصل,MOBILE,+966 54 905 9718,replace
171,C-24-00171,رقم الحساب الدولي,IBAN,SA 3296569762929032459154,replace
172,C-24-00172,الاسم الرباعي,PERSON_NAME,وعد مهند مازن المالكي,replace
172,C-24-00172,رقم السجل المدني,SAUDI_ID,١٢٨٥٢١٩٢٦٥,replace
172,C-24-00172,هاتف التواصل,MOBILE,٠٥٤٧١٩٣٦٥٧,replace
172,C-24-00172,البريد الالكتروني,EMAIL,ssara.171.78@example.org,replace
172,C-24-00172,رقم الحساب الدولي,IBAN,SA25 1491 9066 9677 1910 5432,replace
172,C-24-00172,ملاحظات الموظف,SAUDI_ID,1762692455,review
173,C-24-00173,الاسم الرباعي,PERSON_NAME,أريج صالح طلال الشريف,replace
173,C-24-00173,رقم السجل المدني,SAUDI_ID,1025903673,replace
173,C-24-00173,هاتف التواصل,MOBILE,+966 56 051 2214,replace
173,C-24-00173,رقم الحساب الدولي,IBAN,SA4388363505319567599342,replace
174,C-24-00174,الاسم الرباعي,PERSON_NAME,غازي مازن صالح اليامي,replace
174,C-24-00174,رقم السجل المدني,SAUDI_ID,١٥٢٤٧٧٧٧٠١,replace
174,C-24-00174,هاتف التواصل,MOBILE,+966 53 067 4888,replace
174,C-24-00174,البريد الالكتروني,EMAIL,rfahad.173.66@mail.example.com,replace
174,C-24-00174,رقم الحساب الدولي,IBAN,SA2502219486747271061304,replace
175,C-24-00175,الاسم الرباعي,PERSON_NAME,بشرى عمار نايف اليامي,replace
175,C-24-00175,رقم السجل المدني,SAUDI_ID,2 102 136 542,replace
175,C-24-00175,هاتف التواصل,MOBILE,00966508558665,replace
175,C-24-00175,البريد الالكتروني,EMAIL,kdana.174_52@mail.example.com,replace
175,C-24-00175,رقم الحساب الدولي,IBAN,SA1978585268745829653813,replace
175,C-24-00175,ملاحظات الموظف,SAUDI_ID,1581065066,ignore
176,C-24-00176,الاسم الرباعي,PERSON_NAME,نايف مشاري يزيد الجهني,replace
176,C-24-00176,رقم السجل المدني,SAUDI_ID,1976207645,replace
176,C-24-00176,هاتف التواصل,MOBILE,+966 55 995 4966,replace
176,C-24-00176,البريد الالكتروني,EMAIL,aali.175_71@example.org,replace
176,C-24-00176,رقم الحساب الدولي,IBAN,sa7174010707570983436141,replace
177,C-24-00177,الاسم الرباعي,PERSON_NAME,لجين منصور مهند الثبيتي,replace
177,C-24-00177,رقم السجل المدني,SAUDI_ID,1779217007,replace
177,C-24-00177,هاتف التواصل,MOBILE,+966 53 667 2878,replace
177,C-24-00177,البريد الالكتروني,EMAIL,aali.176.33@mail.example.com,replace
177,C-24-00177,رقم الحساب الدولي,IBAN,sa8590841805286213671712,replace
177,C-24-00177,ملاحظات الموظف,EMAIL,mali.9176.90@mail.example.com,replace
178,C-24-00178,الاسم الرباعي,PERSON_NAME,ميار منصور صالح الزهراني,replace
178,C-24-00178,رقم السجل المدني,SAUDI_ID,٢٨٣٤٩٠٧٨١٤,replace
178,C-24-00178,هاتف التواصل,MOBILE,(055) 560 2486,replace
178,C-24-00178,البريد الالكتروني,EMAIL,nnoor.17772@example.org,replace
178,C-24-00178,رقم الحساب الدولي,IBAN,SA6544633463448657355427,replace
178,C-24-00178,ملاحظات الموظف,SAUDI_ID,1528719643,ignore
179,C-24-00179,الاسم الرباعي,PERSON_NAME,نجلاء صالح حسام الفيفي,replace
179,C-24-00179,رقم السجل المدني,SAUDI_ID,1471488054,replace
179,C-24-00179,هاتف التواصل,MOBILE,٠٥٣٥٦٥٨٦٩٩,replace
179,C-24-00179,البريد الالكتروني,EMAIL,romar.17850@example.org,replace
179,C-24-00179,رقم الحساب الدولي,IBAN,SA 5575077873018298078653,replace
180,C-24-00180,الاسم الرباعي,PERSON_NAME,سديم عادل منصور الشريف,replace
180,C-24-00180,رقم السجل المدني,SAUDI_ID,1933444984,replace
180,C-24-00180,هاتف التواصل,MOBILE,00966590038934,replace
180,C-24-00180,البريد الالكتروني,EMAIL,komar.179.74@mail.example.com,replace
180,C-24-00180,رقم الحساب الدولي,IBAN,sa4161235614592269343320,replace
181,C-24-00181,الاسم الرباعي,PERSON_NAME,حسام يزيد مازن الجهني,replace
181,C-24-00181,رقم السجل المدني,SAUDI_ID,1 277 243 000,replace
181,C-24-00181,هاتف التواصل,MOBILE,(055) 936 6467,replace
181,C-24-00181,البريد الالكتروني,EMAIL,aali.18051@example.org,replace
181,C-24-00181,رقم الحساب الدولي,IBAN,SA94 4656 8321 6463 3032 6885,replace
182,C-24-00182,الاسم الرباعي,PERSON_NAME,منيرة وليد أنس الفيفي,replace
182,C-24-00182,رقم السجل المدني,SAUDI_ID,1090546217,replace
182,C-24-00182,هاتف التواصل,MOBILE,00966596620253,replace
182,C-24-00182,البريد الالكتروني,EMAIL,knoor.18113@mail.example.com,replace
182,C-24-00182,رقم الحساب الدولي,IBAN,SA88 8666 5124 3440 2624 4380,replace
183,C-24-00183,الاسم الرباعي,PERSON_NAME,دانة مهند منصور الحازمي,replace
183,C-24-00183,رقم السجل المدني,SAUDI_ID,1736159938,replace
183,C-24-00183,هاتف التواصل,MOBILE,٠٥٥٩٠٤٩١٨٠,replace
183,C-24-00183,رقم الحساب الدولي,IBAN,SA71 6287 9459 6119 9964 8462,replace
184,C-24-00184,الاسم الرباعي,PERSON_NAME,منيرة هشام بندر الأحمدي,replace
184,C-24-00184,رقم السجل المدني,SAUDI_ID,1258836061,replace
184,C-24-00184,هاتف التواصل,MOBILE,(053) 396 9230,replace
184,C-24-00184,البريد الالكتروني,EMAIL,sdana.183_85@example.org,replace
184,C-24-00184,رقم الحساب الدولي,IBAN,SA25 5499 9547 4740 3705 1198,replace
184,C-24-00184,ملاحظات الموظف,IBAN,SA 4547100978553914293679,replace
185,C-24-00185,الاسم الرباعي,PERSON_NAME,صالح أنس إياد الرويلي,replace
185,C-24-00185,رقم السجل المدني,SAUDI_ID,١٥٤٩٤٤٢١٩٠,replace
185,C-24-00185,هاتف التواصل,MOBILE,0554508197,replace
185,C-24-00185,رقم الحساب الدولي,IBAN,SA95 4978 5444 1521 4396 5358,replace
186,C-24-00186,الاسم الرباعي,PERSON_NAME,مازن يزيد مهند باعشن,replace
186,C-24-00186,رقم السجل المدني,SAUDI_ID,1612357838,replace
186,C-24-00186,هاتف التواصل,MOBILE,+966 59 550 6183,replace
186,C-24-00186,البريد الالكتروني,EMAIL,ssara.185.87@example.org,replace
186,C-24-00186,رقم الحساب الدولي,IBAN,SA 3929655563616553811802,replace
187,C-24-00187,الاسم الرباعي,PERSON_NAME,حسام باسل يزيد البلوي,replace
187,C-24-00187,رقم السجل المدني,SAUDI_ID,١٣٢١١٤٠٠٨٧,replace
187,C-24-00187,هاتف التواصل,MOBILE,055-191-3874,replace
187,C-24-00187,البريد الالكتروني,EMAIL,rsara.186.89@mail.example.com,replace
187,C-24-00187,رقم الحساب الدولي,IBAN,sa6984265350714606465375,replace
188,C-24-00188,الاسم الرباعي,PERSON_NAME,لجين بندر مشاري الجهني,replace
188,C-24-00188,رقم السجل المدني,SAUDI_ID,1899044067,replace
188,C-24-00188,هاتف التواصل,MOBILE,٠٥٦٩٥٧٦٣٥١,replace
188,C-24-00188,البريد الالكتروني,EMAIL,rdana.187.77@mail.example.com,replace
188,C-24-00188,رقم الحساب الدولي,IBAN,SA70 9757 7934 5738 4426 6262,replace
189,C-24-00189,الاسم الرباعي,PERSON_NAME,مشاري وليد مشاري الشريف,replace
189,C-24-00189,رقم السجل المدني,SAUDI_ID,1974528968,replace
189,C-24-00189,هاتف التواصل,MOBILE,00966541543606,replace
189,C-24-00189,البريد الالكتروني,EMAIL,snoor.18813@mail.example.com,replace
189,C-24-00189,رقم الحساب الدولي,IBAN,SA36 3683 1646 7500 2864 2039,replace
190,C-24-00190,الاسم الرباعي,PERSON_NAME,وليد ثامر رائد الصاعدي,replace
190,C-24-00190,رقم السجل المدني,SAUDI_ID,1468356561,replace
190,C-24-00190,هاتف التواصل,MOBILE,056-878-8614,replace
190,C-24-00190,البريد الالكتروني,EMAIL,sfahad.189_98@mail.example.com,replace
190,C-24-00190,رقم الحساب الدولي,IBAN,sa6234311485827788253525,replace
190,C-24-00190,ملاحظات الموظف,EMAIL,rdana.9189.11@inbox.example.net,replace
191,C-24-00191,الاسم الرباعي,PERSON_NAME,وعد إياد طلال الأحمدي,replace
191,C-24-00191,رقم السجل المدني,SAUDI_ID,1853106464,replace
191,C-24-00191,هاتف التواصل,MOBILE,٠٥٦٢٧٥٣٠٣٧,replace
191,C-24-00191,رقم الحساب الدولي,IBAN,SA 2091553664546289149478,replace
191,C-24-00191,ملاحظات الموظف,SAUDI_ID,1640560627,review
192,C-24-00192,الاسم الرباعي,PERSON_NAME,رزان ثامر طلال البلوي,replace
192,C-24-00192,رقم السجل المدني,SAUDI_ID,1692329889,replace
192,C-24-00192,هاتف التواصل,MOBILE,٠٥٥٥٣١٩١٥١,replace
192,C-24-00192,البريد الالكتروني,EMAIL,aali.19169@inbox.example.net,replace
192,C-24-00192,رقم الحساب الدولي,IBAN,SA6237369669373424319674,replace
192,C-24-00192,ملاحظات الموظف,IBAN,SA8171289854196569173952,replace
193,C-24-00193,الاسم الرباعي,PERSON_NAME,يزيد صالح منصور باعشن,replace
193,C-24-00193,رقم السجل المدني,SAUDI_ID,1577966979,replace
193,C-24-00193,هاتف التواصل,MOBILE,٠٥٠٠٧٦٤٩٢١,replace
193,C-24-00193,البريد الالكتروني,EMAIL,nfahad.192.73@example.org,replace
193,C-24-00193,رقم الحساب الدولي,IBAN,SA76 9633 0986 5675 3315 0469,replace
193,C-24-00193,ملاحظات الموظف,IBAN,SA 7618264081148379321617,replace
194,C-24-00194,الاسم الرباعي,PERSON_NAME,يزيد نايف يزيد الرويلي,replace
194,C-24-00194,رقم السجل المدني,SAUDI_ID,1446809285,replace
194,C-24-00194,هاتف التواصل,MOBILE,056-759-2006,replace
194,C-24-00194,البريد الالكتروني,EMAIL,afahad.193.17@mail.example.com,replace
194,C-24-00194,رقم الحساب الدولي,IBAN,SA 7255590211771763039860,replace
194,C-24-00194,ملاحظات الموظف,SAUDI_ID,1620824021,ignore
195,C-24-00195,الاسم الرباعي,PERSON_NAME,لولوة عادل عادل الرويلي,replace
195,C-24-00195,رقم السجل المدني,SAUDI_ID,1 485 539 611,replace
195,C-24-00195,هاتف التواصل,MOBILE,٠٥٦٠٣٦٨٤٣٨,replace
195,C-24-00195,البريد الالكتروني,EMAIL,sdana.19425@inbox.example.net,replace
195,C-24-00195,رقم الحساب الدولي,IBAN,SA12 1786 5848 6086 5297 4174,replace
196,C-24-00196,الاسم الرباعي,PERSON_NAME,ريما مهند حسام المالكي,replace
196,C-24-00196,رقم السجل المدني,SAUDI_ID,1 263 800 110,replace
196,C-24-00196,هاتف التواصل,MOBILE,+966 56 145 2199,replace
196,C-24-00196,البريد الالكتروني,EMAIL,snoor.19558@mail.example.com,replace
196,C-24-00196,رقم الحساب الدولي,IBAN,SA15 3698 6342 9650 2733 4511,replace
196,C-24-00196,ملاحظات الموظف,PERSON_NAME,منيرة المحمدي,replace
196,C-24-00196,ملاحظات الموظف,MOBILE,00966533625534,replace
197,C-24-00197,الاسم الرباعي,PERSON_NAME,عمار رائد باسل الرويلي,replace
197,C-24-00197,رقم السجل المدني,SAUDI_ID,1720102399,replace
197,C-24-00197,هاتف التواصل,MOBILE,٠٥٣٩٧٩٢٠٥٥,replace
197,C-24-00197,رقم الحساب الدولي,IBAN,SA 3614288247887847237915,replace
198,C-24-00198,الاسم الرباعي,PERSON_NAME,أريج صالح بندر اليامي,replace
198,C-24-00198,رقم السجل المدني,SAUDI_ID,1 059 252 740,replace
198,C-24-00198,هاتف التواصل,MOBILE,0589715367,replace
198,C-24-00198,البريد الالكتروني,EMAIL,mdana.197.31@example.org,replace
198,C-24-00198,رقم الحساب الدولي,IBAN,SA 1778415598310866929711,replace
198,C-24-00198,ملاحظات الموظف,EMAIL,kali.9197_23@example.org,replace
199,C-24-00199,الاسم الرباعي,PERSON_NAME,مهند مهند وليد العنزي,replace
199,C-24-00199,رقم السجل المدني,SAUDI_ID,١٢٧٨٥١٠٠٧٦,replace
199,C-24-00199,هاتف التواصل,MOBILE,+966 54 896 2317,replace
199,C-24-00199,رقم الحساب الدولي,IBAN,SA82 3498 5208 1878 4629 2090,replace
199,C-24-00199,ملاحظات الموظف,PERSON_NAME,غدير الفيفي,replace
199,C-24-00199,ملاحظات الموظف,MOBILE,٠٥٨٧٤١٦٥٣٩,replace
200,C-24-00200,الاسم الرباعي,PERSON_NAME,مها عادل ثامر باعشن,replace
200,C-24-00200,رقم السجل المدني,SAUDI_ID,2 167 039 466,replace
200,C-24-00200,هاتف التواصل,MOBILE,00966503829809,replace
200,C-24-00200,رقم الحساب الدولي,IBAN,SA 4837347689532682425108,replace
200,C-24-00200,ملاحظات الموظف,SAUDI_ID,1529436134,ignore
201,C-24-00201,الاسم الرباعي,PERSON_NAME,أنس منصور ثامر الصاعدي,replace
201,C-24-00201,رقم السجل المدني,SAUDI_ID,١٠٨٧٦٣٠٠٥٧,replace
201,C-24-00201,هاتف التواصل,MOBILE,(053) 160 3402,replace
201,C-24-00201,البريد الالكتروني,EMAIL,ksara.20042@example.org,replace
201,C-24-00201,رقم الحساب الدولي,IBAN,SA 0452795289892413405848,replace
201,C-24-00201,ملاحظات الموظف,SAUDI_ID,1825900366,replace
202,C-24-00202,الاسم الرباعي,PERSON_NAME,غدير مهند وليد الأحمدي,replace
202,C-24-00202,رقم السجل المدني,SAUDI_ID,1870823570,replace
202,C-24-00202,هاتف التواصل,MOBILE,(059) 251 5240,replace
202,C-24-00202,البريد الالكتروني,EMAIL,snoor.201.23@mail.example.com,replace
202,C-24-00202,رقم الحساب الدولي,IBAN,SA5523999137059945377403,replace
203,C-24-00203,الاسم الرباعي,PERSON_NAME,أنس عمار باسل الشهري,replace
203,C-24-00203,رقم السجل المدني,SAUDI_ID,1 869 496 446,replace
203,C-24-00203,هاتف التواصل,MOBILE,059-439-0371,replace
203,C-24-00203,البريد الالكتروني,EMAIL,adana.20273@mail.example.com,replace
203,C-24-00203,رقم الحساب الدولي,IBAN,SA 2695100035513815024130,replace
204,C-24-00204,الاسم الرباعي,PERSON_NAME,عادل يزيد مشاري السلمي,replace
204,C-24-00204,رقم السجل المدني,SAUDI_ID,1478785999,replace
204,C-24-00204,هاتف التواصل,MOBILE,0568385727,replace
204,C-24-00204,البريد الالكتروني,EMAIL,adana.20399@example.org,replace
204,C-24-00204,رقم الحساب الدولي,IBAN,SA 6384678231686207698634,replace
204,C-24-00204,ملاحظات الموظف,SAUDI_ID,1923805921,replace
205,C-24-00205,الاسم الرباعي,PERSON_NAME,رهف طلال طلال العمري,replace
205,C-24-00205,رقم السجل المدني,SAUDI_ID,٢٤٣٠٤٥٣٩١٦,replace
205,C-24-00205,هاتف التواصل,MOBILE,(055) 511 0927,replace
205,C-24-00205,البريد الالكتروني,EMAIL,ssara.20436@mail.example.com,replace
205,C-24-00205,رقم الحساب الدولي,IBAN,SA93 4425 8449 9437 2286 7528,replace
205,C-24-00205,ملاحظات الموظف,SAUDI_ID,١١٩٠٤٠٣٧٤٩,replace
206,C-24-00206,الاسم الرباعي,PERSON_NAME,عهود صالح مهند الحويطي,replace
206,C-24-00206,رقم السجل المدني,SAUDI_ID,١٦٨٦٤٢٩٨١٠,replace
206,C-24-00206,هاتف التواصل,MOBILE,٠٥٨٦٣٠٥٤٧٥,replace
206,C-24-00206,رقم الحساب الدولي,IBAN,SA8663632232446686705581,replace
206,C-24-00206,ملاحظات الموظف,PERSON_NAME,منصور الرويلي,replace
206,C-24-00206,ملاحظات الموظف,MOBILE,0552982908,replace
207,C-24-00207,الاسم الرباعي,PERSON_NAME,أنس صالح يزيد الرويلي,replace
207,C-24-00207,رقم السجل المدني,SAUDI_ID,2 717 122 085,replace
207,C-24-00207,هاتف التواصل,MOBILE,(050) 961 7028,replace
207,C-24-00207,البريد الالكتروني,EMAIL,nfahad.20653@inbox.example.net,replace
207,C-24-00207,رقم الحساب الدولي,IBAN,sa6160128432653383328338,replace
207,C-24-00207,ملاحظات الموظف,EMAIL,asara.920651@mail.example.com,replace
208,C-24-00208,الاسم الرباعي,PERSON_NAME,هشام طلال مشاري السلمي,replace
208,C-24-00208,رقم السجل المدني,SAUDI_ID,2394686956,replace
208,C-24-00208,هاتف التواصل,MOBILE,٠٥٦٠٥٢٢٢٨٣,replace
208,C-24-00208,البريد الالكتروني,EMAIL,rali.207.31@mail.example.com,replace
208,C-24-00208,رقم الحساب الدولي,IBAN,sa4418779475340255441329,replace
209,C-24-00209,الاسم الرباعي,PERSON_NAME,طلال عمار مشاري الحازمي,replace
209,C-24-00209,رقم السجل المدني,SAUDI_ID,1388923649,replace
209,C-24-00209,هاتف التواصل,MOBILE,00966592943577,replace
209,C-24-00209,رقم الحساب الدولي,IBAN,SA4085388297383395547677,replace
209,C-24-00209,ملاحظات الموظف,IBAN,sa1829453169691674543668,replace
210,C-24-00210,الاسم الرباعي,PERSON_NAME,رهف إياد عادل الحويطي,replace
210,C-24-00210,رقم السجل المدني,SAUDI_ID,1412306795,replace
210,C-24-00210,هاتف التواصل,MOBILE,00966562624098,replace
210,C-24-00210,رقم الحساب الدولي,IBAN,sa2396541504430002694467,replace
210,C-24-00210,ملاحظات الموظف,SAUDI_ID,١٤٢١٩٥٣١٨١,replace
211,C-24-00211,الاسم الرباعي,PERSON_NAME,تهاني أنس عمار الفيفي,replace
211,C-24-00211,رقم السجل المدني,SAUDI_ID,2 952 540 173,replace
211,C-24-00211,هاتف التواصل,MOBILE,٠٥٠٩٨١٧٣٢٢,replace
211,C-24-00211,البريد الالكتروني,EMAIL,aali.210.41@inbox.example.net,replace
211,C-24-00211,رقم الحساب الدولي,IBAN,SA8380432312718297268251,replace
212,C-24-00212,الاسم الرباعي,PERSON_NAME,تهاني مهند رائد الثبيتي,replace
212,C-24-00212,رقم السجل المدني,SAUDI_ID,1 059 283 182,replace
212,C-24-00212,هاتف التواصل,MOBILE,٠٥٩٣٥٨٠٠٩٦,replace
212,C-24-00212,البريد الالكتروني,EMAIL,somar.21185@example.org,replace
212,C-24-00212,رقم الحساب الدولي,IBAN,sa6058353289281121135567,replace
213,C-24-00213,الاسم الرباعي,PERSON_NAME,غدير عمار منصور الأحمدي,replace
213,C-24-00213,رقم السجل المدني,SAUDI_ID,2 682 764 606,replace
213,C-24-00213,هاتف التواصل,MOBILE,00966559647539,replace
213,C-24-00213,رقم الحساب الدولي,IBAN,sa5277908770322774005151,replace
213,C-24-00213,ملاحظات الموظف,EMAIL,knoor.9212_72@mail.example.com,replace
214,C-24-00214,الاسم الرباعي,PERSON_NAME,هشام يزيد منصور باعشن,replace
214,C-24-00214,رقم السجل المدني,SAUDI_ID,1700019373,replace
214,C-24-00214,هاتف التواصل,MOBILE,+966 55 918 4477,replace
214,C-24-00214,البريد الالكتروني,EMAIL,kdana.213.59@inbox.example.net,replace
214,C-24-00214,رقم الحساب الدولي,IBAN,SA 5094809237035979359975,replace
215,C-24-00215,الاسم الرباعي,PERSON_NAME,دانة صالح وليد باعشن,replace
215,C-24-00215,رقم السجل المدني,SAUDI_ID,1496904820,replace
215,C-24-00215,هاتف التواصل,MOBILE,00966555501337,replace
215,C-24-00215,البريد الالكتروني,EMAIL,somar.21436@inbox.example.net,replace
215,C-24-00215,رقم الحساب الدولي,IBAN,sa2454352556673543706540,replace
216,C-24-00216,الاسم الرباعي,PERSON_NAME,نايف مهند طلال الشريف,replace
216,C-24-00216,رقم السجل المدني,SAUDI_ID,1072942384,replace
216,C-24-00216,هاتف التواصل,MOBILE,(056) 684 2271,replace
216,C-24-00216,البريد الالكتروني,EMAIL,rfahad.21511@example.org,replace
216,C-24-00216,رقم الحساب الدولي,IBAN,SA12 1832 5833 7850 8511 3795,replace
217,C-24-00217,الاسم الرباعي,PERSON_NAME,رزان مازن طلال الغامدي,replace
217,C-24-00217,رقم السجل المدني,SAUDI_ID,1394784118,replace
217,C-24-00217,هاتف التواصل,MOBILE,055-756-1992,replace
217,C-24-00217,البريد الالكتروني,EMAIL,romar.21636@inbox.example.net,replace
217,C-24-00217,رقم الحساب الدولي,IBAN,sa4952604486057293839418,replace
217,C-24-00217,ملاحظات الموظف,SAUDI_ID,1118728458,review
218,C-24-00218,الاسم الرباعي,PERSON_NAME,سديم مهند طلال الرويلي,replace
218,C-24-00218,رقم السجل المدني,SAUDI_ID,١٨٣٠٠٧١٨٣١,replace
218,C-24-00218,هاتف التواصل,MOBILE,059-913-6069,replace
218,C-24-00218,البريد الالكتروني,EMAIL,rsara.217_45@example.org,replace
218,C-24-00218,رقم الحساب الدولي,IBAN,sa1829168833782145028821,replace
218,C-24-00218,ملاحظات الموظف,SAUDI_ID,1109624738,ignore
219,C-24-00219,الاسم الرباعي,PERSON_NAME,باسل إياد يزيد الغامدي,replace
219,C-24-00219,رقم السجل المدني,SAUDI_ID,1428100117,replace
219,C-24-00219,هاتف التواصل,MOBILE,+966 59 832 6883,replace
219,C-24-00219,البريد الالكتروني,EMAIL,komar.218.43@mail.example.com,replace
219,C-24-00219,رقم الحساب الدولي,IBAN,SA63 6951 7996 8907 7035 3790,replace
219,C-24-00219,ملاحظات الموظف,SAUDI_ID,1826941963,review
220,C-24-00220,الاسم الرباعي,PERSON_NAME,هشام إياد عادل اليامي,replace
220,C-24-00220,رقم السجل المدني,SAUDI_ID,١٩٨٦٧١٥٢٨٠,replace
220,C-24-00220,هاتف التواصل,MOBILE,٠٥٩٩٩٦٥٢٠٧,replace
220,C-24-00220,البريد الالكتروني,EMAIL,rsara.219_90@mail.example.com,replace
220,C-24-00220,رقم الحساب الدولي,IBAN,SA7431585860581335082847,replace
220,C-24-00220,ملاحظات الموظف,PERSON_NAME,بشرى الصاعدي,replace
220,C-24-00220,ملاحظات الموظف,MOBILE,00966544262531,replace
221,C-24-00221,الاسم الرباعي,PERSON_NAME,نايف رائد يزيد باعشن,replace
221,C-24-00221,رقم السجل المدني,SAUDI_ID,1476709389,replace
221,C-24-00221,هاتف التواصل,MOBILE,059-335-2992,replace
221,C-24-00221,البريد الالكتروني,EMAIL,sdana.22097@mail.example.com,replace
221,C-24-00221,رقم الحساب الدولي,IBAN,SA 8704050388253702341223,replace
222,C-24-00222,الاسم الرباعي,PERSON_NAME,إياد غازي مازن اليامي,replace
222,C-24-00222,رقم السجل المدني,SAUDI_ID,٢٣٩٥٤٥٤٠١٦,replace
222,C-24-00222,هاتف التواصل,MOBILE,053-641-0993,replace
222,C-24-00222,رقم الحساب الدولي,IBAN,SA53 2207 0312 9134 2580 8516,replace
223,C-24-00223,الاسم الرباعي,PERSON_NAME,طلال نايف صالح الشهري,replace
223,C-24-00223,رقم السجل المدني,SAUDI_ID,١٣٧١٨٦٤٨٠٠,replace
223,C-24-00223,هاتف التواصل,MOBILE,+966 55 715 6889,replace
223,C-24-00223,البريد الالكتروني,EMAIL,rsara.222.83@mail.example.com,replace
223,C-24-00223,رقم الحساب الدولي,IBAN,SA3402853292023385705214,replace
223,C-24-00223,ملاحظات الموظف,EMAIL,anoor.922264@inbox.example.net,replace
224,C-24-00224,الاسم الرباعي,PERSON_NAME,عهود يزيد مهند باعشن,replace
224,C-24-00224,رقم السجل المدني,SAUDI_ID,1586822163,replace
224,C-24-00224,هاتف التواصل,MOBILE,053-150-4616,replace
224,C-24-00224,البريد الالكتروني,EMAIL,kfahad.223.65@mail.example.com,replace
224,C-24-00224,رقم الحساب الدولي,IBAN,sa9806267802081276318420,replace
225,C-24-00225,الاسم الرباعي,PERSON_NAME,طلال مشاري غازي العنزي,replace
225,C-24-00225,رقم السجل المدني,SAUDI_ID,1578552125,replace
225,C-24-00225,هاتف التواصل,MOBILE,0503181115,replace
225,C-24-00225,البريد الالكتروني,EMAIL,nsara.224.58@example.org,replace
225,C-24-00225,رقم الحساب الدولي,IBAN,sa0632732749288595568822,replace
226,C-24-00226,الاسم الرباعي,PERSON_NAME,بشرى عادل يزيد الغامدي,replace
226,C-24-00226,رقم السجل المدني,SAUDI_ID,1487108688,replace
226,C-24-00226,هاتف التواصل,MOBILE,٠٥٣٧٤٧٤٦٠٩,replace
226,C-24-00226,البريد الالكتروني,EMAIL,ksara.225_92@mail.example.com,replace
226,C-24-00226,رقم الحساب الدولي,IBAN,sa5531150389282857564318,replace
226,C-24-00226,ملاحظات الموظف,EMAIL,anoor.9225.84@example.org,replace
227,C-24-00227,الاسم الرباعي,PERSON_NAME,بشرى مازن غازي الزهراني,replace
227,C-24-00227,رقم السجل المدني,SAUDI_ID,2969420484,replace
227,C-24-00227,هاتف التواصل,MOBILE,0546084241,replace
227,C-24-00227,البريد الالكتروني,EMAIL,ndana.226_49@example.org,replace
227,C-24-00227,رقم الحساب الدولي,IBAN,SA83 7694 9283 7119 7314 4679,replace
228,C-24-00228,الاسم الرباعي,PERSON_NAME,رائد حسام مشاري المحمدي,replace
228,C-24-00228,رقم السجل المدني,SAUDI_ID,١٧٨٥٨٥٩٠١٦,replace
228,C-24-00228,هاتف التواصل,MOBILE,٠٥٣٨٨١٨٦٣٦,replace
228,C-24-00228,البريد الالكتروني,EMAIL,ksara.22746@mail.example.com,replace
228,C-24-00228,رقم الحساب الدولي,IBAN,sa6732933131028112009090,replace
228,C-24-00228,ملاحظات الموظف,SAUDI_ID,١٢٣٨٤٧٢٠٨٦,replace
229,C-24-00229,الاسم الرباعي,PERSON_NAME,صالح عادل غازي الحازمي,replace
229,C-24-00229,رقم السجل المدني,SAUDI_ID,1 488 530 690,replace
229,C-24-00229,هاتف التواصل,MOBILE,056-762-1777,replace
229,C-24-00229,البريد الالكتروني,EMAIL,adana.22897@mail.example.com,replace
229,C-24-00229,رقم الحساب الدولي,IBAN,SA76 2291 4941 0383 2689 3994,replace
230,C-24-00230,الاسم الرباعي,PERSON_NAME,حسام إياد يزيد الزهراني,replace
230,C-24-00230,رقم السجل المدني,SAUDI_ID,1703373678,replace
230,C-24-00230,هاتف التواصل,MOBILE,00966532494155,replace
230,C-24-00230,البريد الالكتروني,EMAIL,rfahad.22992@example.org,replace
230,C-24-00230,رقم الحساب الدولي,IBAN,SA5307293604239756092065,replace
230,C-24-00230,ملاحظات الموظف,PERSON_NAME,بشرى الثبيتي,replace
230,C-24-00230,ملاحظات الموظف,MOBILE,0566752263,replace
231,C-24-00231,الاسم الرباعي,PERSON_NAME,إياد مازن طلال الفيفي,replace
231,C-24-00231,رقم السجل المدني,SAUDI_ID,2 341 296 859,replace
231,C-24-00231,هاتف التواصل,MOBILE,(058) 001 6077,replace
231,C-24-00231,البريد الالكتروني,EMAIL,nfahad.23086@mail.example.com,replace
231,C-24-00231,رقم الحساب الدولي,IBAN,SA 1186138042747235493147,replace
232,C-24-00232,الاسم الرباعي,PERSON_NAME,ثامر باسل حسام الشريف,replace
232,C-24-00232,رقم السجل المدني,SAUDI_ID,١٦٠٤٧٩٨٩٠٨,replace
232,C-24-00232,هاتف التواصل,MOBILE,+966 55 536 3974,replace
232,C-24-00232,رقم الحساب الدولي,IBAN,sa8471074282329579216208,replace
232,C-24-00232,ملاحظات الموظف,SAUDI_ID,1273951028,review
233,C-24-00233,الاسم الرباعي,PERSON_NAME,عهود عمار نايف الزهراني,replace
233,C-24-00233,رقم السجل المدني,SAUDI_ID,1316680428,replace
233,C-24-00233,هاتف التواصل,MOBILE,(055) 970 9903,replace
233,C-24-00233,البريد الالكتروني,EMAIL,rdana.232_90@mail.example.com,replace
233,C-24-00233,رقم الحساب الدولي,IBAN,SA 3620409386455526698130,replace
234,C-24-00234,الاسم الرباعي,PERSON_NAME,منصور عادل إياد الزهراني,replace
234,C-24-00234,رقم السجل المدني,SAUDI_ID,1361865411,replace
234,C-24-00234,هاتف التواصل,MOBILE,059-819-3923,replace
234,C-24-00234,البريد الالكتروني,EMAIL,sfahad.23339@mail.example.com,replace
234,C-24-00234,رقم الحساب الدولي,IBAN,sa1864386055402474536170,replace
235,C-24-00235,الاسم الرباعي,PERSON_NAME,يزيد ثامر مازن الحويطي,replace
235,C-24-00235,رقم السجل المدني,SAUDI_ID,1129734057,replace
235,C-24-00235,هاتف التواصل,MOBILE,0582079405,replace
235,C-24-00235,البريد الالكتروني,EMAIL,rfahad.234.25@inbox.example.net,replace
235,C-24-00235,رقم الحساب الدولي,IBAN,SA79 8912 7205 4046 8910 0643,replace
236,C-24-00236,الاسم الرباعي,PERSON_NAME,هشام هشام ثامر البلوي,replace
236,C-24-00236,رقم السجل المدني,SAUDI_ID,2724645516,replace
236,C-24-00236,هاتف التواصل,MOBILE,0569489953,replace
236,C-24-00236,رقم الحساب الدولي,IBAN,SA5496825688237020779855,replace
236,C-24-00236,ملاحظات الموظف,IBAN,SA 8145706464439792455173,replace
237,C-24-00237,الاسم الرباعي,PERSON_NAME,دانة منصور مشاري الجهني,replace
237,C-24-00237,رقم السجل المدني,SAUDI_ID,2430477246,replace
237,C-24-00237,هاتف التواصل,MOBILE,٠٥٣٦٥٠١٧٥٣,replace
237,C-24-00237,البريد الالكتروني,EMAIL,komar.236_71@example.org,replace
237,C-24-00237,رقم الحساب الدولي,IBAN,SA4897013833951439378494,replace
238,C-24-00238,الاسم الرباعي,PERSON_NAME,ريما مهند عادل الشريف,replace
238,C-24-00238,رقم السجل المدني,SAUDI_ID,1612256295,replace
238,C-24-00238,هاتف التواصل,MOBILE,+966 58 435 9596,replace
238,C-24-00238,البريد الالكتروني,EMAIL,nnoor.23766@mail.example.com,replace
238,C-24-00238,رقم الحساب الدولي,IBAN,sa2650512394813611299972,replace
238,C-24-00238,ملاحظات الموظف,SAUDI_ID,١٤٥٠٠٥٤٧١١,replace
239,C-24-00239,الاسم الرباعي,PERSON_NAME,لجين نايف باسل باعشن,replace
239,C-24-00239,رقم السجل المدني,SAUDI_ID,٢٩٤٤٤١٤٣٩٦,replace
239,C-24-00239,هاتف التواصل,MOBILE,00966557696076,replace
239,C-24-00239,البريد الالكتروني,EMAIL,asara.238_87@mail.example.com,replace
239,C-24-00239,رقم الحساب الدولي,IBAN,SA4179830973250533449030,replace
240,C-24-00240,الاسم الرباعي,PERSON_NAME,شهد حسام عمار المحمدي,replace
240,C-24-00240,رقم السجل المدني,SAUDI_ID,1 119 265 047,replace
240,C-24-00240,هاتف التواصل,MOBILE,(053) 017 4452,replace
240,C-24-00240,البريد الالكتروني,EMAIL,rsara.239_50@mail.example.com,replace
240,C-24-00240,رقم الحساب الدولي,IBAN,SA 4998560255861093032585,replace
240,C-24-00240,ملاحظات الموظف,EMAIL,snoor.923939@example.org,replace
241,C-24-00241,الاسم الرباعي,PERSON_NAME,باسل هشام يزيد المالكي,replace
241,C-24-00241,رقم السجل المدني,SAUDI_ID,1297811166,replace
241,C-24-00241,هاتف التواصل,MOBILE,055-359-4787,replace
241,C-24-00241,البريد الالكتروني,EMAIL,kdana.240_48@example.org,replace
241,C-24-00241,رقم الحساب الدولي,IBAN,SA2024924221510475510275,replace
242,C-24-00242,الاسم الرباعي,PERSON_NAME,إياد غازي مهند البلوي,replace
242,C-24-00242,رقم السجل المدني,SAUDI_ID,١٠٠٢٧٧٦٨٩٤,replace
242,C-24-00242,هاتف التواصل,MOBILE,0539406746,replace
242,C-24-00242,البريد الالكتروني,EMAIL,komar.24139@mail.example.com,replace
242,C-24-00242,رقم الحساب الدولي,IBAN,SA61 0045 3153 6890 5268 8364,replace
242,C-24-00242,ملاحظات الموظف,SAUDI_ID,1498451440,review
243,C-24-00243,الاسم الرباعي,PERSON_NAME,جود غازي طلال الحازمي,replace
243,C-24-00243,رقم السجل المدني,SAUDI_ID,2 586 514 107,replace
243,C-24-00243,هاتف التواصل,MOBILE,+966 56 080 9346,replace
243,C-24-00243,البريد الالكتروني,EMAIL,sali.24299@inbox.example.net,replace
243,C-24-00243,رقم الحساب الدولي,IBAN,SA2570994973364669963841,replace
243,C-24-00243,ملاحظات الموظف,EMAIL,mali.9242_70@example.org,replace
244,C-24-00244,الاسم الرباعي,PERSON_NAME,نايف وليد إياد الأحمدي,replace
244,C-24-00244,رقم السجل المدني,SAUDI_ID,1193987508,replace
244,C-24-00244,هاتف التواصل,MOBILE,٠٥٥٥٠٠٧٢٥٦,replace
244,C-24-00244,رقم الحساب الدولي,IBAN,SA 8226900015053662302512,replace
245,C-24-00245,الاسم الرباعي,PERSON_NAME,وعد طلال بندر الزهراني,replace
245,C-24-00245,رقم السجل المدني,SAUDI_ID,1538740497,replace
245,C-24-00245,هاتف التواصل,MOBILE,+966 53 450 5237,replace
245,C-24-00245,رقم الحساب الدولي,IBAN,sa5728913124877626091225,replace
245,C-24-00245,ملاحظات الموظف,EMAIL,mali.9244_63@mail.example.com,replace
246,C-24-00246,الاسم الرباعي,PERSON_NAME,حسام نايف مهند الفيفي,replace
246,C-24-00246,رقم السجل المدني,SAUDI_ID,1 278 956 766,replace
246,C-24-00246,هاتف التواصل,MOBILE,٠٥٨٨٣٦٨٢٧٠,replace
246,C-24-00246,البريد الالكتروني,EMAIL,romar.24586@inbox.example.net,replace
246,C-24-00246,رقم الحساب الدولي,IBAN,SA71 9718 9251 2446 9130 9891,replace
247,C-24-00247,الاسم الرباعي,PERSON_NAME,لولوة رائد غازي باعشن,replace
247,C-24-00247,رقم السجل المدني,SAUDI_ID,١٠٠٥٤٨٧٦٩٧,replace
247,C-24-00247,هاتف التواصل,MOBILE,+966 55 090 1300,replace
247,C-24-00247,البريد الالكتروني,EMAIL,aali.24679@inbox.example.net,replace
247,C-24-00247,رقم الحساب الدولي,IBAN,sa0563367737064935466112,replace
248,C-24-00248,الاسم الرباعي,PERSON_NAME,وليد مازن مشاري الأحمدي,replace
248,C-24-00248,رقم السجل المدني,SAUDI_ID,١٢١٤٦٧٠٢٩٩,replace
248,C-24-00248,هاتف التواصل,MOBILE,(059) 715 7785,replace
248,C-24-00248,البريد الالكتروني,EMAIL,rfahad.247.59@mail.example.com,replace
248,C-24-00248,رقم الحساب الدولي,IBAN,SA0242733443168322014553,replace
248,C-24-00248,ملاحظات الموظف,PERSON_NAME,غازي العنزي,replace
248,C-24-00248,ملاحظات الموظف,MOBILE,0503004043,replace
249,C-24-00249,الاسم الرباعي,PERSON_NAME,منصور عادل مهند الرويلي,replace
249,C-24-00249,رقم السجل المدني,SAUDI_ID,1 039 786 858,replace
249,C-24-00249,هاتف التواصل,MOBILE,0560594183,replace
249,C-24-00249,البريد الالكتروني,EMAIL,rnoor.24821@example.org,replace
249,C-24-00249,رقم الحساب الدولي,IBAN,SA97 7575 8353 4271 6961 2916,replace
250,C-24-00250,الاسم الرباعي,PERSON_NAME,أنس مشاري يزيد الغامدي,replace
250,C-24-00250,رقم السجل المدني,SAUDI_ID,1 108 577 709,replace
250,C-24-00250,هاتف التواصل,MOBILE,0504249375,replace
250,C-24-00250,البريد الالكتروني,EMAIL,nnoor.249_46@example.org,replace
250,C-24-00250,رقم الحساب الدولي,IBAN,SA1420626193818015282378,replace
250,C-24-00250,ملاحظات الموظف,EMAIL,nomar.9249_69@mail.example.com,replace
251,C-24-00251,الاسم الرباعي,PERSON_NAME,عهود باسل باسل الصاعدي,replace
251,C-24-00251,رقم السجل المدني,SAUDI_ID,1959146398,replace
251,C-24-00251,هاتف التواصل,MOBILE,00966535370449,replace
251,C-24-00251,البريد الالكتروني,EMAIL,rnoor.250_42@mail.example.com,replace
251,C-24-00251,رقم الحساب الدولي,IBAN,sa7036779413270162642317,replace
251,C-24-00251,ملاحظات الموظف,PERSON_NAME,لولوة الجهني,replace
251,C-24-00251,ملاحظات الموظف,MOBILE,+966 54 200 7025,replace
252,C-24-00252,الاسم الرباعي,PERSON_NAME,سديم مازن حسام المحمدي,replace
252,C-24-00252,رقم السجل المدني,SAUDI_ID,1554987915,replace
252,C-24-00252,هاتف التواصل,MOBILE,(054) 798 7671,replace
252,C-24-00252,البريد الالكتروني,EMAIL,kfahad.251_48@mail.example.com,replace
252,C-24-00252,رقم الحساب الدولي,IBAN,SA 5973231780485175043552,replace
252,C-24-00252,ملاحظات الموظف,EMAIL,momar.9251_57@example.org,replace
253,C-24-00253,الاسم الرباعي,PERSON_NAME,مهند منصور عمار الحويطي,replace
253,C-24-00253,رقم السجل المدني,SAUDI_ID,2429406669,replace
253,C-24-00253,هاتف التواصل,MOBILE,+966 55 458 2546,replace
253,C-24-00253,رقم الحساب الدولي,IBAN,SA 3115904667657410042557,replace
253,C-24-00253,ملاحظات الموظف,SAUDI_ID,1459186266,review
254,C-24-00254,الاسم الرباعي,PERSON_NAME,غازي غازي ثامر الحازمي,replace
254,C-24-00254,رقم السجل المدني,SAUDI_ID,١١٨٠٢٩٩٥٠٣,replace
254,C-24-00254,هاتف التواصل,MOBILE,+966 53 275 7880,replace
254,C-24-00254,البريد الالكتروني,EMAIL,rali.253_80@example.org,replace
254,C-24-00254,رقم الحساب الدولي,IBAN,SA 0908038776774840289846,replace
254,C-24-00254,ملاحظات الموظف,PERSON_NAME,مهند الثبيتي,replace
254,C-24-00254,ملاحظات الموظف,MOBILE,(054) 628 1080,replace
255,C-24-00255,الاسم الرباعي,PERSON_NAME,لولوة بندر مازن البلوي,replace
255,C-24-00255,رقم السجل المدني,SAUDI_ID,1 868 255 108,replace
255,C-24-00255,هاتف التواصل,MOBILE,0590387645,replace
255,C-24-00255,البريد الالكتروني,EMAIL,ksara.254.61@inbox.example.net,replace
255,C-24-00255,رقم الحساب الدولي,IBAN,sa7156978258003968609267,replace
255,C-24-00255,ملاحظات الموظف,SAUDI_ID,1634832446,review
256,C-24-00256,الاسم الرباعي,PERSON_NAME,ميار صالح يزيد الشهري,replace
256,C-24-00256,رقم السجل المدني,SAUDI_ID,١٥٦٣٩٦٣٥٠١,replace
256,C-24-00256,هاتف التواصل,MOBILE,00966565337003,replace
256,C-24-00256,البريد الالكتروني,EMAIL,kfahad.255_10@inbox.example.net,replace
256,C-24-00256,رقم الحساب الدولي,IBAN,sa5671491702471237324137,replace
256,C-24-00256,ملاحظات الموظف,SAUDI_ID,1606686218,review
257,C-24-00257,الاسم الرباعي,PERSON_NAME,رائد عمار بندر الحويطي,replace
257,C-24-00257,رقم السجل المدني,SAUDI_ID,2 406 029 278,replace
257,C-24-00257,هاتف التواصل,MOBILE,(056) 200 1036,replace
257,C-24-00257,البريد الالكتروني,EMAIL,snoor.256_27@inbox.example.net,replace
257,C-24-00257,رقم الحساب الدولي,IBAN,sa4473368870598355514499,replace
257,C-24-00257,ملاحظات الموظف,SAUDI_ID,1218125980,ignore
258,C-24-00258,الاسم الرباعي,PERSON_NAME,طلال بندر عمار العمري,replace
258,C-24-00258,رقم السجل المدني,SAUDI_ID,1 344 357 999,replace
258,C-24-00258,هاتف التواصل,MOBILE,056-545-0958,replace
258,C-24-00258,البريد الالكتروني,EMAIL,rdana.257.88@inbox.example.net,replace
258,C-24-00258,رقم الحساب الدولي,IBAN,SA3290885460011769610106,replace
258,C-24-00258,ملاحظات الموظف,SAUDI_ID,1532745344,review
259,C-24-00259,الاسم الرباعي,PERSON_NAME,أريج إياد رائد الغامدي,replace
259,C-24-00259,رقم السجل المدني,SAUDI_ID,1642859282,replace
259,C-24-00259,هاتف التواصل,MOBILE,+966 59 028 8838,replace
259,C-24-00259,البريد الالكتروني,EMAIL,rsara.258_34@inbox.example.net,replace
259,C-24-00259,رقم الحساب الدولي,IBAN,SA95 3370 4087 0927 0373 3279,replace
259,C-24-00259,ملاحظات الموظف,EMAIL,aali.9258_97@example.org,replace
260,C-24-00260,الاسم الرباعي,PERSON_NAME,بندر أنس صالح الجهني,replace
260,C-24-00260,رقم السجل المدني,SAUDI_ID,١٦٧٤١٩٦٣٥٥,replace
260,C-24-00260,هاتف التواصل,MOBILE,0549199653,replace
260,C-24-00260,البريد الالكتروني,EMAIL,ksara.259.25@mail.example.com,replace
260,C-24-00260,رقم الحساب الدولي,IBAN,SA71 9273 5336 5539 8571 5771,replace
260,C-24-00260,ملاحظات الموظف,IBAN,SA89 4735 8587 8953 9231 5903,replace
261,C-24-00261,الاسم الرباعي,PERSON_NAME,بندر وليد رائد الرويلي,replace
261,C-24-00261,رقم السجل المدني,SAUDI_ID,2569777200,replace
261,C-24-00261,هاتف التواصل,MOBILE,+966 53 685 4423,replace
261,C-24-00261,البريد الالكتروني,EMAIL,nali.260_62@mail.example.com,replace
261,C-24-00261,رقم الحساب الدولي,IBAN,SA40 4264 9588 4762 5271 0499,replace
261,C-24-00261,ملاحظات الموظف,EMAIL,mdana.9260_96@example.org,replace
262,C-24-00262,الاسم الرباعي,PERSON_NAME,رهف عادل منصور العمري,replace
262,C-24-00262,رقم السجل المدني,SAUDI_ID,١٨٠٦١٧٣٢٠٧,replace
262,C-24-00262,هاتف التواصل,MOBILE,+966 59 368 3900,replace
262,C-24-00262,البريد الالكتروني,EMAIL,ndana.26134@inbox.example.net,replace
262,C-24-00262,رقم الحساب الدولي,IBAN,sa7938855780657763272468,replace
263,C-24-00263,الاسم الرباعي,PERSON_NAME,جود مشاري ثامر الصاعدي,replace
263,C-24-00263,رقم السجل المدني,SAUDI_ID,٢٢٠٩٣٦٠٥٢٤,replace
263,C-24-00263,هاتف التواصل,MOBILE,0591690458,replace
263,C-24-00263,البريد الالكتروني,EMAIL,adana.26275@example.org,replace
263,C-24-00263,رقم الحساب الدولي,IBAN,SA7312736350921826774322,replace
263,C-24-00263,ملاحظات الموظف,SAUDI_ID,1276571591,replace
264,C-24-00264,الاسم الرباعي,PERSON_NAME,وعد مهند حسام الرويلي,replace
264,C-24-00264,رقم السجل المدني,SAUDI_ID,1548134962,replace
264,C-24-00264,هاتف التواصل,MOBILE,٠٥٥٣٥٨٢٢٨٨,replace
264,C-24-00264,البريد الالكتروني,EMAIL,rsara.263.70@mail.example.com,replace
264,C-24-00264,رقم الحساب الدولي,IBAN,SA 9121272036283655494840,replace
265,C-24-00265,الاسم الرباعي,PERSON_NAME,عادل منصور حسام الحويطي,replace
265,C-24-00265,رقم السجل المدني,SAUDI_ID,١٧٦٧٣٠٠٩٢٢,replace
265,C-24-00265,هاتف التواصل,MOBILE,058-998-6658,replace
265,C-24-00265,البريد الالكتروني,EMAIL,nali.26413@mail.example.com,replace
265,C-24-00265,رقم الحساب الدولي,IBAN,SA91 7594 9461 3421 1627 7624,replace
265,C-24-00265,ملاحظات الموظف,EMAIL,rdana.926454@mail.example.com,replace
266,C-24-00266,الاسم الرباعي,PERSON_NAME,باسل مشاري يزيد الحويطي,replace
266,C-24-00266,رقم السجل المدني,SAUDI_ID,2 353 852 672,replace
266,C-24-00266,هاتف التواصل,MOBILE,٠٥٣٥٥٥٤٩٣٩,replace
266,C-24-00266,البريد الالكتروني,EMAIL,sfahad.265.56@inbox.example.net,replace
266,C-24-00266,رقم الحساب الدولي,IBAN,SA8345122897591276403444,replace
266,C-24-00266,ملاحظات الموظف,SAUDI_ID,1665582373,replace
267,C-24-00267,الاسم الرباعي,PERSON_NAME,صالح منصور إياد الصاعدي,replace
267,C-24-00267,رقم السجل المدني,SAUDI_ID,1358339172,replace
267,C-24-00267,هاتف التواصل,MOBILE,+966 59 898 8785,replace
267,C-24-00267,رقم الحساب الدولي,IBAN,SA40 8788 9858 9917 7398 1775,replace
267,C-24-00267,ملاحظات الموظف,SAUDI_ID,1018943157,replace
268,C-24-00268,الاسم الرباعي,PERSON_NAME,ريما طلال أنس الثبيتي,replace
268,C-24-00268,رقم السجل المدني,SAUDI_ID,1 718 409 525,replace
268,C-24-00268,هاتف التواصل,MOBILE,(056) 286 4361,replace
268,C-24-00268,رقم الحساب الدولي,IBAN,SA 0228545544878855364022,replace
269,C-24-00269,الاسم الرباعي,PERSON_NAME,مها منصور غازي باعشن,replace
269,C-24-00269,رقم السجل المدني,SAUDI_ID,1449704376,replace
269,C-24-00269,هاتف التواصل,MOBILE,(055) 799 0643,replace
269,C-24-00269,البريد الالكتروني,EMAIL,nali.268.97@example.org,replace
269,C-24-00269,رقم الحساب الدولي,IBAN,SA7691492102348427414151,replace
270,C-24-00270,الاسم الرباعي,PERSON_NAME,وعد وليد مهند البلوي,replace
270,C-24-00270,رقم السجل المدني,SAUDI_ID,1999030362,replace
270,C-24-00270,هاتف التواصل,MOBILE,+966 55 334 5736,replace
270,C-24-00270,البريد الالكتروني,EMAIL,afahad.26976@example.org,replace
270,C-24-00270,رقم الحساب الدولي,IBAN,SA15 7138 4695 6786 9101 4118,replace
271,C-24-00271,الاسم الرباعي,PERSON_NAME,ثامر طلال مشاري الثبيتي,replace
271,C-24-00271,رقم السجل المدني,SAUDI_ID,1 024 386 458,replace
271,C-24-00271,هاتف التواصل,MOBILE,+966 50 738 9277,replace
271,C-24-00271,البريد الالكتروني,EMAIL,romar.270_17@mail.example.com,replace
271,C-24-00271,رقم الحساب الدولي,IBAN,SA 8186680382132620270407,replace
272,C-24-00272,الاسم الرباعي,PERSON_NAME,دانة باسل عادل السلمي,replace
272,C-24-00272,رقم السجل المدني,SAUDI_ID,1336259823,replace
272,C-24-00272,هاتف التواصل,MOBILE,(058) 599 4281,replace
272,C-24-00272,البريد الالكتروني,EMAIL,romar.27140@inbox.example.net,replace
272,C-24-00272,رقم الحساب الدولي,IBAN,SA 7718801367639827570273,replace
273,C-24-00273,الاسم الرباعي,PERSON_NAME,عمار رائد أنس الثبيتي,replace
273,C-24-00273,رقم السجل المدني,SAUDI_ID,1283108601,replace
273,C-24-00273,هاتف التواصل,MOBILE,053-779-5794,replace
273,C-24-00273,البريد الالكتروني,EMAIL,asara.27292@inbox.example.net,replace
273,C-24-00273,رقم الحساب الدولي,IBAN,SA3577661446001611252563,replace
273,C-24-00273,ملاحظات الموظف,SAUDI_ID,1 536 425 893,replace
274,C-24-00274,الاسم الرباعي,PERSON_NAME,ريما عادل وليد الشهري,replace
274,C-24-00274,رقم السجل المدني,SAUDI_ID,1808512741,replace
274,C-24-00274,هاتف التواصل,MOBILE,00966568362504,replace
274,C-24-00274,البريد الالكتروني,EMAIL,rali.273.49@mail.example.com,replace
274,C-24-00274,رقم الحساب الدولي,IBAN,sa6758893689885556283997,replace
275,C-24-00275,الاسم الرباعي,PERSON_NAME,عمار باسل إياد المالكي,replace
275,C-24-00275,رقم السجل المدني,SAUDI_ID,1698960240,replace
275,C-24-00275,هاتف التواصل,MOBILE,+966 55 605 1718,replace
275,C-24-00275,البريد الالكتروني,EMAIL,ksara.274_73@example.org,replace
275,C-24-00275,رقم الحساب الدولي,IBAN,SA72 7546 7820 8288 2856 8968,replace
275,C-24-00275,ملاحظات الموظف,SAUDI_ID,1362731281,review
276,C-24-00276,الاسم الرباعي,PERSON_NAME,ثامر غازي مهند الجهني,replace
276,C-24-00276,رقم السجل المدني,SAUDI_ID,1 877 001 204,replace
276,C-24-00276,هاتف التواصل,MOBILE,00966589692694,replace
276,C-24-00276,البريد الالكتروني,EMAIL,rali.275_41@inbox.example.net,replace
276,C-24-00276,رقم الحساب الدولي,IBAN,SA8367453604798649866707,replace
276,C-24-00276,ملاحظات الموظف,PERSON_NAME,مهند الأحمدي,replace
276,C-24-00276,ملاحظات الموظف,MOBILE,059-220-9339,replace
277,C-24-00277,الاسم الرباعي,PERSON_NAME,صالح منصور رائد الحويطي,replace
277,C-24-00277,رقم السجل المدني,SAUDI_ID,1427063167,replace
277,C-24-00277,هاتف التواصل,MOBILE,00966564130444,replace
277,C-24-00277,البريد الالكتروني,EMAIL,ksara.27617@inbox.example.net,replace
277,C-24-00277,رقم الحساب الدولي,IBAN,SA26 1651 2118 8702 3269 1365,replace
278,C-24-00278,الاسم الرباعي,PERSON_NAME,مازن وليد صالح السلمي,replace
278,C-24-00278,رقم السجل المدني,SAUDI_ID,2420822344,replace
278,C-24-00278,هاتف التواصل,MOBILE,0596530225,replace
278,C-24-00278,رقم الحساب الدولي,IBAN,sa0598357927804109741022,replace
279,C-24-00279,الاسم الرباعي,PERSON_NAME,رائد غازي أنس البلوي,replace
279,C-24-00279,رقم السجل المدني,SAUDI_ID,2879208748,replace
279,C-24-00279,هاتف التواصل,MOBILE,(055) 623 2958,replace
279,C-24-00279,رقم الحساب الدولي,IBAN,SA70 5301 0879 2232 5309 5246,replace
280,C-24-00280,الاسم الرباعي,PERSON_NAME,يزيد أنس منصور البلوي,replace
280,C-24-00280,رقم السجل المدني,SAUDI_ID,2293048027,replace
280,C-24-00280,هاتف التواصل,MOBILE,00966566497585,replace
280,C-24-00280,البريد الالكتروني,EMAIL,somar.27999@inbox.example.net,replace
280,C-24-00280,رقم الحساب الدولي,IBAN,SA 8560384028828516749286,replace
280,C-24-00280,ملاحظات الموظف,SAUDI_ID,1868415194,ignore
281,C-24-00281,الاسم الرباعي,PERSON_NAME,مازن منصور مهند الغامدي,replace
281,C-24-00281,رقم السجل المدني,SAUDI_ID,1934323880,replace
281,C-24-00281,هاتف التواصل,MOBILE,+966 50 585 3403,replace
281,C-24-00281,البريد الالكتروني,EMAIL,aomar.280_14@example.org,replace
281,C-24-00281,رقم الحساب الدولي,IBAN,SA47 3319 8767 3269 9360 1397,replace
282,C-24-00282,الاسم الرباعي,PERSON_NAME,بشرى يزيد مازن المحمدي,replace
282,C-24-00282,رقم السجل المدني,SAUDI_ID,2366547921,replace
282,C-24-00282,هاتف التواصل,MOBILE,00966568705254,replace
282,C-24-00282,البريد الالكتروني,EMAIL,anoor.281.25@mail.example.com,replace
282,C-24-00282,رقم الحساب الدولي,IBAN,SA 1243267364009774080906,replace
282,C-24-00282,ملاحظات الموظف,IBAN,SA9830522244724103098529,replace
283,C-24-00283,الاسم الرباعي,PERSON_NAME,عادل عمار رائد الفيفي,replace
283,C-24-00283,رقم السجل المدني,SAUDI_ID,1607463203,replace
283,C-24-00283,هاتف التواصل,MOBILE,٠٥٦٠٥٧٤٦٦٤,replace
283,C-24-00283,البريد الالكتروني,EMAIL,sali.28242@mail.example.com,replace
283,C-24-00283,رقم الحساب الدولي,IBAN,SA51 8503 6254 1065 2020 7471,replace
284,C-24-00284,الاسم الرباعي,PERSON_NAME,أنس ثامر يزيد الرويلي,replace
284,C-24-00284,رقم السجل المدني,SAUDI_ID,2637881182,replace
284,C-24-00284,هاتف التواصل,MOBILE,050-443-6186,replace
284,C-24-00284,البريد الالكتروني,EMAIL,sdana.28333@mail.example.com,replace
284,C-24-00284,رقم الحساب الدولي,IBAN,SA 3994649059999969801316,replace
285,C-24-00285,الاسم الرباعي,PERSON_NAME,أنس حسام وليد الأحمدي,replace
285,C-24-00285,رقم السجل المدني,SAUDI_ID,١٣٤٥١٥٣٨٦٨,replace
285,C-24-00285,هاتف التواصل,MOBILE,+966 58 133 5941,replace
285,C-24-00285,البريد الالكتروني,EMAIL,mali.284_77@mail.example.com,replace
285,C-24-00285,رقم الحساب الدولي,IBAN,SA8307839251515750122719,replace
285,C-24-00285,ملاحظات الموظف,IBAN,sa8288103282626367081303,replace
286,C-24-00286,الاسم الرباعي,PERSON_NAME,عادل هشام غازي اليامي,replace
286,C-24-00286,رقم السجل المدني,SAUDI_ID,١٠٩٥٢٢٢٣٥٠,replace
286,C-24-00286,هاتف التواصل,MOBILE,(054) 623 4523,replace
286,C-24-00286,البريد الالكتروني,EMAIL,sali.28599@example.org,replace
286,C-24-00286,رقم الحساب الدولي,IBAN,SA 8750915858420337351243,replace
287,C-24-00287,الاسم الرباعي,PERSON_NAME,أنس باسل يزيد الشهري,replace
287,C-24-00287,رقم السجل المدني,SAUDI_ID,1720785078,replace
287,C-24-00287,هاتف التواصل,MOBILE,0593222265,replace
287,C-24-00287,البريد الالكتروني,EMAIL,rali.286_73@mail.example.com,replace
287,C-24-00287,رقم الحساب الدولي,IBAN,SA8208495997092594243776,replace
287,C-24-00287,ملاحظات الموظف,EMAIL,rdana.928613@example.org,replace
288,C-24-00288,الاسم الرباعي,PERSON_NAME,غدير نايف مازن باعشن,replace
288,C-24-00288,رقم السجل المدني,SAUDI_ID,1931804502,replace
288,C-24-00288,هاتف التواصل,MOBILE,0564896952,replace
288,C-24-00288,البريد الالكتروني,EMAIL,kfahad.28786@example.org,replace
288,C-24-00288,رقم الحساب الدولي,IBAN,SA76 3617 0763 1867 6437 7301,replace
289,C-24-00289,الاسم الرباعي,PERSON_NAME,نايف أنس غازي الصاعدي,replace
289,C-24-00289,رقم السجل المدني,SAUDI_ID,١٥٥٠٠٧٧٢٠٨,replace
289,C-24-00289,هاتف التواصل,MOBILE,٠٥٠٤٤٩٦٤٩٩,replace
289,C-24-00289,رقم الحساب الدولي,IBAN,SA 0713287831021789890572,replace
290,C-24-00290,الاسم الرباعي,PERSON_NAME,شهد نايف منصور الرويلي,replace
290,C-24-00290,رقم السجل المدني,SAUDI_ID,2956606640,replace
290,C-24-00290,هاتف التواصل,MOBILE,0508945612,replace
290,C-24-00290,البريد الالكتروني,EMAIL,rali.289.50@example.org,replace
290,C-24-00290,رقم الحساب الدولي,IBAN,SA3055282848385204566204,replace
291,C-24-00291,الاسم الرباعي,PERSON_NAME,يزيد طلال صالح الأحمدي,replace
291,C-24-00291,رقم السجل المدني,SAUDI_ID,1597413903,replace
291,C-24-00291,هاتف التواصل,MOBILE,054-120-4741,replace
291,C-24-00291,البريد الالكتروني,EMAIL,somar.290_73@mail.example.com,replace
291,C-24-00291,رقم الحساب الدولي,IBAN,sa3501865291034562774914,replace
292,C-24-00292,الاسم الرباعي,PERSON_NAME,جود غازي نايف الرويلي,replace
292,C-24-00292,رقم السجل المدني,SAUDI_ID,1 661 598 415,replace
292,C-24-00292,هاتف التواصل,MOBILE,+966 59 437 4468,replace
292,C-24-00292,رقم الحساب الدولي,IBAN,SA 5885195592318728434306,replace
292,C-24-00292,ملاحظات الموظف,SAUDI_ID,1696732762,ignore
293,C-24-00293,الاسم الرباعي,PERSON_NAME,تهاني يزيد مازن الفيفي,replace
293,C-24-00293,رقم السجل المدني,SAUDI_ID,2826309102,replace
293,C-24-00293,هاتف التواصل,MOBILE,(059) 585 9508,replace
293,C-24-00293,البريد الالكتروني,EMAIL,rfahad.292.38@mail.example.com,replace
293,C-24-00293,رقم الحساب الدولي,IBAN,SA73 1471 8284 5679 9533 4968,replace
293,C-24-00293,ملاحظات الموظف,PERSON_NAME,جود الفيفي,replace
293,C-24-00293,ملاحظات الموظف,MOBILE,0542135755,replace
294,C-24-00294,الاسم الرباعي,PERSON_NAME,وليد عمار أنس الشريف,replace
294,C-24-00294,رقم السجل المدني,SAUDI_ID,1430039048,replace
294,C-24-00294,هاتف التواصل,MOBILE,+966 55 069 8832,replace
294,C-24-00294,البريد الالكتروني,EMAIL,nsara.29370@example.org,replace
294,C-24-00294,رقم الحساب الدولي,IBAN,SA5332814156494386241920,replace
294,C-24-00294,ملاحظات الموظف,PERSON_NAME,دانة المحمدي,replace
294,C-24-00294,ملاحظات الموظف,MOBILE,00966565776360,replace
295,C-24-00295,الاسم الرباعي,PERSON_NAME,عهود هشام صالح البلوي,replace
295,C-24-00295,رقم السجل المدني,SAUDI_ID,1532722798,replace
295,C-24-00295,هاتف التواصل,MOBILE,٠٥٨٨١٠٨٧٤٢,replace
295,C-24-00295,البريد الالكتروني,EMAIL,asara.294.75@mail.example.com,replace
295,C-24-00295,رقم الحساب الدولي,IBAN,SA41 1047 8554 4428 6640 1655,replace
295,C-24-00295,ملاحظات الموظف,SAUDI_ID,1 254 981 630,replace
296,C-24-00296,الاسم الرباعي,PERSON_NAME,رهف عمار عمار الغامدي,replace
296,C-24-00296,رقم السجل المدني,SAUDI_ID,١١٤٨٧٠٣٠٥٩,replace
296,C-24-00296,هاتف التواصل,MOBILE,٠٥٨٣٥٦٦١٤٧,replace
296,C-24-00296,البريد الالكتروني,EMAIL,mnoor.295_70@mail.example.com,replace
296,C-24-00296,رقم الحساب الدولي,IBAN,SA11 0541 0464 9436 7178 5073,replace
296,C-24-00296,ملاحظات الموظف,SAUDI_ID,1910225182,review
297,C-24-00297,الاسم الرباعي,PERSON_NAME,بندر يزيد ثامر الفيفي,replace
297,C-24-00297,رقم السجل المدني,SAUDI_ID,1987195011,replace
297,C-24-00297,هاتف التواصل,MOBILE,0500658787,replace
297,C-24-00297,البريد الالكتروني,EMAIL,rfahad.29623@example.org,replace
297,C-24-00297,رقم الحساب الدولي,IBAN,SA29 7080 1875 2123 8826 3967,replace
298,C-24-00298,الاسم الرباعي,PERSON_NAME,عادل أنس عمار العنزي,replace
298,C-24-00298,رقم السجل المدني,SAUDI_ID,2 233 286 216,replace
298,C-24-00298,هاتف التواصل,MOBILE,(053) 431 2188,replace
298,C-24-00298,البريد الالكتروني,EMAIL,nomar.297_59@inbox.example.net,replace
298,C-24-00298,رقم الحساب الدولي,IBAN,SA59 3334 3057 8393 3887 6682,replace
298,C-24-00298,ملاحظات الموظف,SAUDI_ID,1585140315,ignore
299,C-24-00299,الاسم الرباعي,PERSON_NAME,يزيد هشام نايف الجهني,replace
299,C-24-00299,رقم السجل المدني,SAUDI_ID,1382343687,replace
299,C-24-00299,هاتف التواصل,MOBILE,٠٥٦٨١١٨٧١١,replace
299,C-24-00299,البريد الالكتروني,EMAIL,anoor.298.80@inbox.example.net,replace
299,C-24-00299,رقم الحساب الدولي,IBAN,SA 6656039085848526752494,replace
299,C-24-00299,ملاحظات الموظف,IBAN,SA39 7066 0543 1493 6232 5272,replace
300,C-24-00300,الاسم الرباعي,PERSON_NAME,حسام باسل صالح الزهراني,replace
300,C-24-00300,رقم السجل المدني,SAUDI_ID,1 068 668 530,replace
300,C-24-00300,هاتف التواصل,MOBILE,٠٥٤٤١٨٠١٦٨,replace
300,C-24-00300,البريد الالكتروني,EMAIL,anoor.299.67@example.org,replace
300,C-24-00300,رقم الحساب الدولي,IBAN,SA31 1316 9628 5852 2658 8800,replace
301,C-24-00301,الاسم الرباعي,PERSON_NAME,أنس إياد أنس الفيفي,replace
301,C-24-00301,رقم السجل المدني,SAUDI_ID,1369142292,replace
301,C-24-00301,هاتف التواصل,MOBILE,٠٥٥٤٢٢٤٩٠٣,replace
301,C-24-00301,رقم الحساب الدولي,IBAN,SA9133778480942714765273,replace
301,C-24-00301,ملاحظات الموظف,SAUDI_ID,1803628146,review
302,C-24-00302,الاسم الرباعي,PERSON_NAME,لجين هشام باسل الحازمي,replace
302,C-24-00302,رقم السجل المدني,SAUDI_ID,1072086562,replace
302,C-24-00302,هاتف التواصل,MOBILE,058-174-8939,replace
302,C-24-00302,رقم الحساب الدولي,IBAN,sa4668785561256726361496,replace
302,C-24-00302,ملاحظات الموظف,SAUDI_ID,1777710654,ignore
303,C-24-00303,الاسم الرباعي,PERSON_NAME,إياد منصور أنس العمري,replace
303,C-24-00303,رقم السجل المدني,SAUDI_ID,2820544456,replace
303,C-24-00303,هاتف التواصل,MOBILE,٠٥٣٤٣٥٤١٣٦,replace
303,C-24-00303,رقم الحساب الدولي,IBAN,SA 2394564841632239115540,replace
304,C-24-00304,الاسم الرباعي,PERSON_NAME,لجين بندر حسام الشريف,replace
304,C-24-00304,رقم السجل المدني,SAUDI_ID,2359855224,replace
304,C-24-00304,هاتف التواصل,MOBILE,+966 58 237 5336,replace
304,C-24-00304,البريد الالكتروني,EMAIL,nsara.303_97@mail.example.com,replace
304,C-24-00304,رقم الحساب الدولي,IBAN,sa5587691867502422516809,replace
304,C-24-00304,ملاحظات الموظف,IBAN,SA 0522644347856432696637,replace
305,C-24-00305,الاسم الرباعي,PERSON_NAME,باسل إياد بندر الرويلي,replace
305,C-24-00305,رقم السجل المدني,SAUDI_ID,1765149198,replace
305,C-24-00305,هاتف التواصل,MOBILE,(055) 964 0295,replace
305,C-24-00305,البريد الالكتروني,EMAIL,ndana.30419@mail.example.com,replace
305,C-24-00305,رقم الحساب الدولي,IBAN,SA90 0830 7337 6282 1836 3932,replace
305,C-24-00305,ملاحظات الموظف,SAUDI_ID,1 378 752 818,replace
306,C-24-00306,الاسم الرباعي,PERSON_NAME,ريما مهند هشام السلمي,replace
306,C-24-00306,رقم السجل المدني,SAUDI_ID,1194447676,replace
306,C-24-00306,هاتف التواصل,MOBILE,00966545970406,replace
306,C-24-00306,رقم الحساب الدولي,IBAN,sa4395744156654923343864,replace
306,C-24-00306,ملاحظات الموظف,PERSON_NAME,عمار الغامدي,replace
306,C-24-00306,ملاحظات الموظف,MOBILE,+966 59 904 0891,replace
307,C-24-00307,الاسم الرباعي,PERSON_NAME,ميار إياد طلال البلوي,replace
307,C-24-00307,رقم السجل المدني,SAUDI_ID,٢٨٥٠٣٧٠٥٩٠,replace
307,C-24-00307,هاتف التواصل,MOBILE,056-094-3981,replace
307,C-24-00307,البريد الالكتروني,EMAIL,rdana.30680@inbox.example.net,replace
307,C-24-00307,رقم الحساب الدولي,IBAN,SA7598143354063541876447,replace
307,C-24-00307,ملاحظات الموظف,SAUDI_ID,1228356307,replace
308,C-24-00308,الاسم الرباعي,PERSON_NAME,حسام عادل عمار المحمدي,replace
308,C-24-00308,رقم السجل المدني,SAUDI_ID,1835423391,replace
308,C-24-00308,هاتف التواصل,MOBILE,0544054087,replace
308,C-24-00308,البريد الالكتروني,EMAIL,ssara.307_63@example.org,replace
308,C-24-00308,رقم الحساب الدولي,IBAN,sa0493485442225072839636,replace
309,C-24-00309,الاسم الرباعي,PERSON_NAME,ريما عمار حسام المالكي,replace
309,C-24-00309,رقم السجل المدني,SAUDI_ID,1351675911,replace
309,C-24-00309,هاتف التواصل,MOBILE,059-067-8368,replace
309,C-24-00309,رقم الحساب الدولي,IBAN,SA 1675810208006032723530,replace
309,C-24-00309,ملاحظات الموظف,SAUDI_ID,1599877587,ignore
310,C-24-00310,الاسم الرباعي,PERSON_NAME,رزان صالح وليد الفيفي,replace
310,C-24-00310,رقم السجل المدني,SAUDI_ID,1690528755,replace
310,C-24-00310,هاتف التواصل,MOBILE,(058) 958 2865,replace
310,C-24-00310,البريد الالكتروني,EMAIL,nnoor.309_67@mail.example.com,replace
310,C-24-00310,رقم الحساب الدولي,IBAN,SA3171935408650610472997,replace
311,C-24-00311,الاسم الرباعي,PERSON_NAME,مازن منصور باسل العنزي,replace
311,C-24-00311,رقم السجل المدني,SAUDI_ID,1086263728,replace
311,C-24-00311,هاتف التواصل,MOBILE,00966568592907,replace
311,C-24-00311,البريد الالكتروني,EMAIL,kfahad.31076@mail.example.com,replace
311,C-24-00311,رقم الحساب الدولي,IBAN,SA23 4085 6049 2887 1791 3933,replace
311,C-24-00311,ملاحظات الموظف,SAUDI_ID,1280507698,review
312,C-24-00312,الاسم الرباعي,PERSON_NAME,لجين منصور هشام باعشن,replace
312,C-24-00312,رقم السجل المدني,SAUDI_ID,١١٦١٢٧٦٤٠٥,replace
312,C-24-00312,هاتف التواصل,MOBILE,058-417-0888,replace
312,C-24-00312,رقم الحساب الدولي,IBAN,SA3134434623402086583803,replace
312,C-24-00312,ملاحظات الموظف,SAUDI_ID,1268271478,ignore
313,C-24-00313,الاسم الرباعي,PERSON_NAME,غدير ثامر غازي البلوي,replace
313,C-24-00313,رقم السجل المدني,SAUDI_ID,1058489822,replace
313,C-24-00313,هاتف التواصل,MOBILE,00966549352699,replace
313,C-24-00313,البريد الالكتروني,EMAIL,aomar.312_27@inbox.example.net,replace
313,C-24-00313,رقم الحساب الدولي,IBAN,SA 3815461834677996255182,replace
313,C-24-00313,ملاحظات الموظف,IBAN,sa0985620848910799081682,replace
314,C-24-00314,الاسم الرباعي,PERSON_NAME,تهاني عمار باسل اليامي,replace
314,C-24-00314,رقم السجل المدني,SAUDI_ID,1 042 569 051,replace
314,C-24-00314,هاتف التواصل,MOBILE,0585056695,replace
314,C-24-00314,رقم الحساب الدولي,IBAN,sa3809854346862827820976,replace
315,C-24-00315,الاسم الرباعي,PERSON_NAME,غازي منصور حسام المحمدي,replace
315,C-24-00315,رقم السجل المدني,SAUDI_ID,2769195518,replace
315,C-24-00315,هاتف التواصل,MOBILE,(058) 572 3790,replace
315,C-24-00315,البريد الالكتروني,EMAIL,nomar.31489@mail.example.com,replace
315,C-24-00315,رقم الحساب الدولي,IBAN,SA3184462487958935190471,replace
316,C-24-00316,الاسم الرباعي,PERSON_NAME,لولوة منصور أنس البلوي,replace
316,C-24-00316,رقم السجل المدني,SAUDI_ID,1 416 776 712,replace
316,C-24-00316,هاتف التواصل,MOBILE,(056) 250 9815,replace
316,C-24-00316,رقم الحساب الدولي,IBAN,SA21 1944 8325 6876 0090 2716,replace
316,C-24-00316,ملاحظات الموظف,PERSON_NAME,نجلاء الصاعدي,replace
316,C-24-00316,ملاحظات الموظف,MOBILE,(056) 833 8740,replace
317,C-24-00317,الاسم الرباعي,PERSON_NAME,غازي رائد مهند البلوي,replace
317,C-24-00317,رقم السجل المدني,SAUDI_ID,1742694001,replace
317,C-24-00317,هاتف التواصل,MOBILE,+966 53 659 0970,replace
317,C-24-00317,البريد الالكتروني,EMAIL,anoor.316.62@inbox.example.net,replace
317,C-24-00317,رقم الحساب الدولي,IBAN,SA2752200223318910598552,replace
318,C-24-00318,الاسم الرباعي,PERSON_NAME,سديم عادل مهند اليامي,replace
318,C-24-00318,رقم السجل المدني,SAUDI_ID,1151399456,replace
318,C-24-00318,هاتف التواصل,MOBILE,00966565653748,replace
318,C-24-00318,البريد الالكتروني,EMAIL,ssara.31715@inbox.example.net,replace
318,C-24-00318,رقم الحساب الدولي,IBAN,SA0997476679204911508307,replace
318,C-24-00318,ملاحظات الموظف,PERSON_NAME,لولوة المحمدي,replace
318,C-24-00318,ملاحظات الموظف,MOBILE,050-671-4893,replace
319,C-24-00319,الاسم الرباعي,PERSON_NAME,مازن مازن طلال الجهني,replace
319,C-24-00319,رقم السجل المدني,SAUDI_ID,2722876329,replace
319,C-24-00319,هاتف التواصل,MOBILE,+966 59 864 1228,replace
319,C-24-00319,البريد الالكتروني,EMAIL,kdana.31896@example.org,replace
319,C-24-00319,رقم الحساب الدولي,IBAN,SA 9644228176444237212292,replace
319,C-24-00319,ملاحظات الموظف,PERSON_NAME,ثامر المحمدي,replace
319,C-24-00319,ملاحظات الموظف,MOBILE,٠٥٨٥٦٦٢٧٥٩,replace
320,C-24-00320,الاسم الرباعي,PERSON_NAME,حسام ثامر طلال المالكي,replace
320,C-24-00320,رقم السجل المدني,SAUDI_ID,2 176 186 373,replace
320,C-24-00320,هاتف التواصل,MOBILE,٠٥٣٨٧٣١١٢٩,replace
320,C-24-00320,رقم الحساب الدولي,IBAN,SA4826596209496423466499,replace
320,C-24-00320,ملاحظات الموظف,SAUDI_ID,1764953491,review
321,C-24-00321,الاسم الرباعي,PERSON_NAME,بشرى مشاري غازي الشريف,replace
321,C-24-00321,رقم السجل المدني,SAUDI_ID,١٩٤٢٦٦٨٥٤٠,replace
321,C-24-00321,هاتف التواصل,MOBILE,055-576-2724,replace
321,C-24-00321,البريد الالكتروني,EMAIL,rsara.32096@mail.example.com,replace
321,C-24-00321,رقم الحساب الدولي,IBAN,sa3843407762101421611213,replace
322,C-24-00322,الاسم الرباعي,PERSON_NAME,يزيد نايف منصور الشهري,replace
322,C-24-00322,رقم السجل المدني,SAUDI_ID,2744196268,replace
322,C-24-00322,هاتف التواصل,MOBILE,(058) 347 2127,replace
322,C-24-00322,رقم الحساب الدولي,IBAN,SA7530049589345421498964,replace
323,C-24-00323,الاسم الرباعي,PERSON_NAME,عهود أنس وليد الحويطي,replace
323,C-24-00323,رقم السجل المدني,SAUDI_ID,٢١٩٣٢٨٩٧٥٤,replace
323,C-24-00323,هاتف التواصل,MOBILE,056-675-8518,replace
323,C-24-00323,البريد الالكتروني,EMAIL,sdana.32249@mail.example.com,replace
323,C-24-00323,رقم الحساب الدولي,IBAN,SA0633023630106838540255,replace
323,C-24-00323,ملاحظات الموظف,IBAN,SA 9716498082323683175817,replace
324,C-24-00324,الاسم الرباعي,PERSON_NAME,عهود عمار مازن باعشن,replace
324,C-24-00324,رقم السجل المدني,SAUDI_ID,2736450574,replace
324,C-24-00324,هاتف التواصل,MOBILE,(055) 927 2990,replace
324,C-24-00324,البريد الالكتروني,EMAIL,ksara.323.71@example.org,replace
324,C-24-00324,رقم الحساب الدولي,IBAN,SA 0248749246054795804513,replace
325,C-24-00325,الاسم الرباعي,PERSON_NAME,ميار حسام صالح الشريف,replace
325,C-24-00325,رقم السجل المدني,SAUDI_ID,1460225491,replace
325,C-24-00325,هاتف التواصل,MOBILE,٠٥٣١٣٣٣٢٧٢,replace
325,C-24-00325,البريد الالكتروني,EMAIL,anoor.324_38@inbox.example.net,replace
325,C-24-00325,رقم الحساب الدولي,IBAN,SA54 6757 1756 1582 5020 5330,replace
325,C-24-00325,ملاحظات الموظف,IBAN,SA33 9359 4217 4152 8838 0080,replace
326,C-24-00326,الاسم الرباعي,PERSON_NAME,بندر مازن باسل البلوي,replace
326,C-24-00326,رقم السجل المدني,SAUDI_ID,١٣٠٧٠١٢٣٣٤,replace
326,C-24-00326,هاتف التواصل,MOBILE,054-086-6491,replace
326,C-24-00326,رقم الحساب الدولي,IBAN,SA54 1506 5589 9119 5368 3241,replace
326,C-24-00326,ملاحظات الموظف,SAUDI_ID,١٦٥١٧٨٢٥١٦,replace
327,C-24-00327,الاسم الرباعي,PERSON_NAME,طلال وليد إياد البلوي,replace
327,C-24-00327,رقم السجل المدني,SAUDI_ID,1583620784,replace
327,C-24-00327,هاتف التواصل,MOBILE,(056) 078 5059,replace
327,C-24-00327,رقم الحساب الدولي,IBAN,SA0485260803310659260105,replace
328,C-24-00328,الاسم الرباعي,PERSON_NAME,وليد ثامر وليد المالكي,replace
328,C-24-00328,رقم السجل المدني,SAUDI_ID,١٢٩١٠٧٩٥٨٨,replace
328,C-24-00328,هاتف التواصل,MOBILE,+966 59 127 3128,replace
328,C-24-00328,البريد الالكتروني,EMAIL,ssara.32714@inbox.example.net,replace
328,C-24-00328,رقم الحساب الدولي,IBAN,SA3134360547577480038323,replace
328,C-24-00328,ملاحظات الموظف,SAUDI_ID,1592670273,ignore
329,C-24-00329,الاسم الرباعي,PERSON_NAME,إياد مازن نايف العمري,replace
329,C-24-00329,رقم السجل المدني,SAUDI_ID,٢٣١٦٤٦٨٤١٨,replace
329,C-24-00329,هاتف التواصل,MOBILE,+966 58 601 7919,replace
329,C-24-00329,البريد الالكتروني,EMAIL,rali.328_90@inbox.example.net,replace
329,C-24-00329,رقم الحساب الدولي,IBAN,sa9501235241096539841900,replace
330,C-24-00330,الاسم الرباعي,PERSON_NAME,وليد باسل باسل الشهري,replace
330,C-24-00330,رقم السجل المدني,SAUDI_ID,٢٩٧٠٥٨٥٩١١,replace
330,C-24-00330,هاتف التواصل,MOBILE,00966567743896,replace
330,C-24-00330,البريد الالكتروني,EMAIL,nali.329.94@mail.example.com,replace
330,C-24-00330,رقم الحساب الدولي,IBAN,sa8036387414311002075415,replace
330,C-24-00330,ملاحظات الموظف,PERSON_NAME,وليد السلمي,replace
330,C-24-00330,ملاحظات الموظف,MOBILE,+966 56 559 1841,replace
331,C-24-00331,الاسم الرباعي,PERSON_NAME,نايف باسل نايف السلمي,replace
331,C-24-00331,رقم السجل المدني,SAUDI_ID,١٩٤٢١٩٥٨١٧,replace
331,C-24-00331,هاتف التواصل,MOBILE,0554750516,replace
331,C-24-00331,البريد الالكتروني,EMAIL,afahad.33045@example.org,replace
331,C-24-00331,رقم الحساب الدولي,IBAN,SA15 7542 5769 2866 0672 2919,replace
331,C-24-00331,ملاحظات الموظف,EMAIL,rali.9330.59@example.org,replace
332,C-24-00332,الاسم الرباعي,PERSON_NAME,وليد مشاري حسام الأحمدي,replace
332,C-24-00332,رقم السجل المدني,SAUDI_ID,١٥٣٧٣٧٠٢٢١,replace
332,C-24-00332,هاتف التواصل,MOBILE,٠٥٨٤٧١٩٩٣٧,replace
332,C-24-00332,البريد الالكتروني,EMAIL,nali.33150@example.org,replace
332,C-24-00332,رقم الحساب الدولي,IBAN,SA24 2568 5906 5789 3640 7161,replace
333,C-24-00333,الاسم الرباعي,PERSON_NAME,هشام باسل يزيد الأحمدي,replace
333,C-24-00333,رقم السجل المدني,SAUDI_ID,1495773473,replace
333,C-24-00333,هاتف التواصل,MOBILE,٠٥٥٢١٥٩٧٧٠,replace
333,C-24-00333,البريد الالكتروني,EMAIL,romar.332_14@inbox.example.net,replace
333,C-24-00333,رقم الحساب الدولي,IBAN,SA9048022640007215670145,replace
334,C-24-00334,الاسم الرباعي,PERSON_NAME,نايف مهند مهند الشريف,replace
334,C-24-00334,رقم السجل المدني,SAUDI_ID,2077872154,replace
334,C-24-00334,هاتف التواصل,MOBILE,(059) 151 8178,replace
334,C-24-00334,البريد الالكتروني,EMAIL,kdana.333_91@inbox.example.net,replace
334,C-24-00334,رقم الحساب الدولي,IBAN,SA9033163872522720830649,replace
335,C-24-00335,الاسم الرباعي,PERSON_NAME,مازن بندر مازن الأحمدي,replace
335,C-24-00335,رقم السجل المدني,SAUDI_ID,1809998139,replace
335,C-24-00335,هاتف التواصل,MOBILE,0564324384,replace
335,C-24-00335,البريد الالكتروني,EMAIL,nnoor.334_12@inbox.example.net,replace
335,C-24-00335,رقم الحساب الدولي,IBAN,SA07 1595 2138 1194 1576 7831,replace
335,C-24-00335,ملاحظات الموظف,IBAN,SA81 5669 6472 5189 5280 2452,replace
336,C-24-00336,الاسم الرباعي,PERSON_NAME,رزان وليد أنس الأحمدي,replace
336,C-24-00336,رقم السجل المدني,SAUDI_ID,1 104 151 509,replace
336,C-24-00336,هاتف التواصل,MOBILE,(059) 296 2599,replace
336,C-24-00336,رقم الحساب الدولي,IBAN,SA71 2412 4535 7506 0611 8514,replace
336,C-24-00336,ملاحظات الموظف,SAUDI_ID,1345115891,review
337,C-24-00337,الاسم الرباعي,PERSON_NAME,سديم طلال يزيد الحازمي,replace
337,C-24-00337,رقم السجل المدني,SAUDI_ID,1296751702,replace
337,C-24-00337,هاتف التواصل,MOBILE,050-292-1641,replace
337,C-24-00337,البريد الالكتروني,EMAIL,sdana.336.51@example.org,replace
337,C-24-00337,رقم الحساب الدولي,IBAN,SA29 3194 4602 5984 4073 8529,replace
337,C-24-00337,ملاحظات الموظف,SAUDI_ID,1874346842,review
338,C-24-00338,الاسم الرباعي,PERSON_NAME,ميار وليد ثامر الأحمدي,replace
338,C-24-00338,رقم السجل المدني,SAUDI_ID,1960545604,replace
338,C-24-00338,هاتف التواصل,MOBILE,00966553175597,replace
338,C-24-00338,البريد الالكتروني,EMAIL,romar.33738@example.org,replace
338,C-24-00338,رقم الحساب الدولي,IBAN,sa6400834882842707865386,replace
338,C-24-00338,ملاحظات الموظف,SAUDI_ID,1931020208,replace
339,C-24-00339,الاسم الرباعي,PERSON_NAME,إياد هشام عادل الثبيتي,replace
339,C-24-00339,رقم السجل المدني,SAUDI_ID,1614443586,replace
339,C-24-00339,هاتف التواصل,MOBILE,0555669803,replace
339,C-24-00339,البريد الالكتروني,EMAIL,rali.338_12@mail.example.com,replace
339,C-24-00339,رقم الحساب الدولي,IBAN,SA6967320624076716517644,replace
340,C-24-00340,الاسم الرباعي,PERSON_NAME,ريما طلال عمار الأحمدي,replace
340,C-24-00340,رقم السجل المدني,SAUDI_ID,1990587683,replace
340,C-24-00340,هاتف التواصل,MOBILE,(053) 465 3891,replace
340,C-24-00340,البريد الالكتروني,EMAIL,sfahad.339_88@inbox.example.net,replace
340,C-24-00340,رقم الحساب الدولي,IBAN,sa8229519915015953493835,replace
341,C-24-00341,الاسم الرباعي,PERSON_NAME,شهد مهند هشام الرويلي,replace
341,C-24-00341,رقم السجل المدني,SAUDI_ID,1067280956,replace
341,C-24-00341,هاتف التواصل,MOBILE,00966534034116,replace
341,C-24-00341,البريد الالكتروني,EMAIL,snoor.340_64@example.org,replace
341,C-24-00341,رقم الحساب الدولي,IBAN,SA04 8539 7835 7205 1652 0651,replace
341,C-24-00341,ملاحظات الموظف,PERSON_NAME,هيفاء المحمدي,replace
341,C-24-00341,ملاحظات الموظف,MOBILE,٠٥٠١١٣٨٦٢٥,replace
342,C-24-00342,الاسم الرباعي,PERSON_NAME,أريج منصور حسام الشريف,replace
342,C-24-00342,رقم السجل المدني,SAUDI_ID,١١٦٥٠٦٨٧٠٩,replace
342,C-24-00342,هاتف التواصل,MOBILE,0589747227,replace
342,C-24-00342,البريد الالكتروني,EMAIL,asara.341_77@inbox.example.net,replace
342,C-24-00342,رقم الحساب الدولي,IBAN,SA7967302123729830887032,replace
342,C-24-00342,ملاحظات الموظف,SAUDI_ID,1038037618,review
343,C-24-00343,الاسم الرباعي,PERSON_NAME,شهد طلال نايف العمري,replace
343,C-24-00343,رقم السجل المدني,SAUDI_ID,1396966747,replace
343,C-24-00343,هاتف التواصل,MOBILE,٠٥٠٣٦٥٢٦٩٩,replace
343,C-24-00343,البريد الالكتروني,EMAIL,ksara.34258@example.org,replace
343,C-24-00343,رقم الحساب الدولي,IBAN,SA14 1319 7796 8023 1866 0182,replace
344,C-24-00344,الاسم الرباعي,PERSON_NAME,لولوة مازن رائد الفيفي,replace
344,C-24-00344,رقم السجل المدني,SAUDI_ID,1 048 710 360,replace
344,C-24-00344,هاتف التواصل,MOBILE,٠٥٤١٠٦٢٥٢٧,replace
344,C-24-00344,البريد الالكتروني,EMAIL,mdana.34371@example.org,replace
344,C-24-00344,رقم الحساب الدولي,IBAN,SA5315807267447420118404,replace
344,C-24-00344,ملاحظات الموظف,PERSON_NAME,سديم باعشن,replace
344,C-24-00344,ملاحظات الموظف,MOBILE,0594202502,replace
345,C-24-00345,الاسم الرباعي,PERSON_NAME,هشام منصور صالح الشهري,replace
345,C-24-00345,رقم السجل المدني,SAUDI_ID,1513336816,replace
345,C-24-00345,هاتف التواصل,MOBILE,053-520-6353,replace
345,C-24-00345,البريد الالكتروني,EMAIL,rnoor.344_31@mail.example.com,replace
345,C-24-00345,رقم الحساب الدولي,IBAN,sa6690731574847376581465,replace
345,C-24-00345,ملاحظات الموظف,SAUDI_ID,1453490853,ignore
346,C-24-00346,الاسم الرباعي,PERSON_NAME,مهند نايف صالح العمري,replace
346,C-24-00346,رقم السجل المدني,SAUDI_ID,١١٩٥٦٤٠٤٧٧,replace
346,C-24-00346,هاتف التواصل,MOBILE,00966507198368,replace
346,C-24-00346,البريد الالكتروني,EMAIL,rfahad.34516@example.org,replace
346,C-24-00346,رقم الحساب الدولي,IBAN,sa0903273733928770625683,replace
346,C-24-00346,ملاحظات الموظف,SAUDI_ID,1762346229,ignore
347,C-24-00347,الاسم الرباعي,PERSON_NAME,مازن رائد أنس الأحمدي,replace
347,C-24-00347,رقم السجل المدني,SAUDI_ID,1023586983,replace
347,C-24-00347,هاتف التواصل,MOBILE,00966593710005,replace
347,C-24-00347,رقم الحساب الدولي,IBAN,SA45 7735 4081 8130 1517 9715,replace
347,C-24-00347,ملاحظات الموظف,IBAN,SA22 7383 7455 5286 5371 0731,replace
348,C-24-00348,الاسم الرباعي,PERSON_NAME,شهد باسل مازن الثبيتي,replace
348,C-24-00348,رقم السجل المدني,SAUDI_ID,١٢٣٠٩٨٩٢٢٨,replace
348,C-24-00348,هاتف التواصل,MOBILE,050-469-2482,replace
348,C-24-00348,البريد الالكتروني,EMAIL,ksara.347_98@mail.example.com,replace
348,C-24-00348,رقم الحساب الدولي,IBAN,SA54 0137 7238 1827 9103 8157,replace
349,C-24-00349,الاسم الرباعي,PERSON_NAME,مها بندر صالح البلوي,replace
349,C-24-00349,رقم السجل المدني,SAUDI_ID,٢٧٢٠٨٦٦٣٨٩,replace
349,C-24-00349,هاتف التواصل,MOBILE,0502391131,replace
349,C-24-00349,البريد الالكتروني,EMAIL,sfahad.34818@example.org,replace
349,C-24-00349,رقم الحساب الدولي,IBAN,SA1873293400539229110362,replace
350,C-24-00350,الاسم الرباعي,PERSON_NAME,إياد حسام حسام الثبيتي,replace
350,C-24-00350,رقم السجل المدني,SAUDI_ID,1964437576,replace
350,C-24-00350,هاتف التواصل,MOBILE,0506778864,replace
350,C-24-00350,البريد الالكتروني,EMAIL,adana.34966@example.org,replace
350,C-24-00350,رقم الحساب الدولي,IBAN,SA75 2915 4639 5130 4081 6503,replace
350,C-24-00350,ملاحظات الموظف,SAUDI_ID,1170914491,review
351,C-24-00351,الاسم الرباعي,PERSON_NAME,يزيد حسام مازن السلمي,replace
351,C-24-00351,رقم السجل المدني,SAUDI_ID,2708088790,replace
351,C-24-00351,هاتف التواصل,MOBILE,(055) 276 4617,replace
351,C-24-00351,البريد الالكتروني,EMAIL,nali.350_39@inbox.example.net,replace
351,C-24-00351,رقم الحساب الدولي,IBAN,sa2182481888448231816596,replace
351,C-24-00351,ملاحظات الموظف,PERSON_NAME,رزان المالكي,replace
351,C-24-00351,ملاحظات الموظف,MOBILE,٠٥٦٠٣٨٥٥٣٥,replace
352,C-24-00352,الاسم الرباعي,PERSON_NAME,أريج حسام يزيد البلوي,replace
352,C-24-00352,رقم السجل المدني,SAUDI_ID,1566134530,replace
352,C-24-00352,هاتف التواصل,MOBILE,050-885-7172,replace
352,C-24-00352,البريد الالكتروني,EMAIL,rnoor.351_49@example.org,replace
352,C-24-00352,رقم الحساب الدولي,IBAN,SA25 7576 0171 0159 6003 0575,replace
352,C-24-00352,ملاحظات الموظف,PERSON_NAME,مها البلوي,replace
352,C-24-00352,ملاحظات الموظف,MOBILE,(050) 347 2336,replace
353,C-24-00353,الاسم الرباعي,PERSON_NAME,طلال طلال طلال الفيفي,replace
353,C-24-00353,رقم السجل المدني,SAUDI_ID,2562812590,replace
353,C-24-00353,هاتف التواصل,MOBILE,(053) 472 7710,replace
353,C-24-00353,رقم الحساب الدولي,IBAN,SA87 1501 6211 7096 4566 0930,replace
353,C-24-00353,ملاحظات الموظف,IBAN,SA 8137508399126205673501,replace
354,C-24-00354,الاسم الرباعي,PERSON_NAME,بشرى منصور مازن الصاعدي,replace
354,C-24-00354,رقم السجل المدني,SAUDI_ID,2248116168,replace
354,C-24-00354,هاتف التواصل,MOBILE,+966 54 081 6490,replace
354,C-24-00354,البريد الالكتروني,EMAIL,ndana.353.38@mail.example.com,replace
354,C-24-00354,رقم الحساب الدولي,IBAN,SA4022287821025408049041,replace
355,C-24-00355,الاسم الرباعي,PERSON_NAME,مهند باسل يزيد الجهني,replace
355,C-24-00355,رقم السجل المدني,SAUDI_ID,1127678504,replace
355,C-24-00355,هاتف التواصل,MOBILE,0554759970,replace
355,C-24-00355,رقم الحساب الدولي,IBAN,SA 1205010440941849499399,replace
355,C-24-00355,ملاحظات الموظف,SAUDI_ID,1826873057,ignore
356,C-24-00356,الاسم الرباعي,PERSON_NAME,وليد منصور أنس المحمدي,replace
356,C-24-00356,رقم السجل المدني,SAUDI_ID,1393509011,replace
356,C-24-00356,هاتف التواصل,MOBILE,(050) 277 0228,replace
356,C-24-00356,البريد الالكتروني,EMAIL,ndana.355_21@inbox.example.net,replace
356,C-24-00356,رقم الحساب الدولي,IBAN,SA65 6418 0061 3167 8630 3860,replace
357,C-24-00357,الاسم الرباعي,PERSON_NAME,مهند هشام وليد الزهراني,replace
357,C-24-00357,رقم السجل المدني,SAUDI_ID,1395892233,replace
357,C-24-00357,هاتف التواصل,MOBILE,+966 50 846 6670,replace
357,C-24-00357,البريد الالكتروني,EMAIL,aomar.356.23@example.org,replace
357,C-24-00357,رقم الحساب الدولي,IBAN,SA02 8385 4442 3124 2790 7153,replace
358,C-24-00358,الاسم الرباعي,PERSON_NAME,أريج غازي باسل العنزي,replace
358,C-24-00358,رقم السجل المدني,SAUDI_ID,2187269044,replace
358,C-24-00358,هاتف التواصل,MOBILE,(055) 378 2266,replace
358,C-24-00358,البريد الالكتروني,EMAIL,sfahad.357.63@mail.example.com,replace
358,C-24-00358,رقم الحساب الدولي,IBAN,SA 8950802259310188900830,replace
359,C-24-00359,الاسم الرباعي,PERSON_NAME,رهف منصور باسل الحازمي,replace
359,C-24-00359,رقم السجل المدني,SAUDI_ID,1875417071,replace
359,C-24-00359,هاتف التواصل,MOBILE,(054) 442 7901,replace
359,C-24-00359,البريد الالكتروني,EMAIL,nnoor.358.63@example.org,replace
359,C-24-00359,رقم الحساب الدولي,IBAN,SA 1537884193830252486888,replace
359,C-24-00359,ملاحظات الموظف,SAUDI_ID,1632546823,ignore
360,C-24-00360,الاسم الرباعي,PERSON_NAME,ميار مازن مشاري الثبيتي,replace
360,C-24-00360,رقم السجل المدني,SAUDI_ID,1436717175,replace
360,C-24-00360,هاتف التواصل,MOBILE,0531199176,replace
360,C-24-00360,البريد الالكتروني,EMAIL,snoor.359_41@mail.example.com,replace
360,C-24-00360,رقم الحساب الدولي,IBAN,SA97 6784 5257 6681 2062 6169,replace
360,C-24-00360,ملاحظات الموظف,IBAN,SA9322965573199931009358,replace
361,C-24-00361,الاسم الرباعي,PERSON_NAME,ميار عادل عمار الأحمدي,replace
361,C-24-00361,رقم السجل المدني,SAUDI_ID,1092437597,replace
361,C-24-00361,هاتف التواصل,MOBILE,0530756936,replace
361,C-24-00361,رقم الحساب الدولي,IBAN,sa3586045008137024729416,replace
361,C-24-00361,ملاحظات الموظف,PERSON_NAME,لجين الثبيتي,replace
361,C-24-00361,ملاحظات الموظف,MOBILE,0559091326,replace
362,C-24-00362,الاسم الرباعي,PERSON_NAME,يزيد عادل طلال الجهني,replace
362,C-24-00362,رقم السجل المدني,SAUDI_ID,1751141209,replace
362,C-24-00362,هاتف التواصل,MOBILE,050-854-7377,replace
362,C-24-00362,رقم الحساب الدولي,IBAN,SA36 2894 0235 6037 9511 1998,replace
363,C-24-00363,الاسم الرباعي,PERSON_NAME,لجين مهند يزيد السلمي,replace
363,C-24-00363,رقم السجل المدني,SAUDI_ID,1300919469,replace
363,C-24-00363,هاتف التواصل,MOBILE,050-974-8205,replace
363,C-24-00363,البريد الالكتروني,EMAIL,sdana.362.74@example.org,replace
363,C-24-00363,رقم الحساب الدولي,IBAN,SA5562008272645866622130,replace
363,C-24-00363,ملاحظات الموظف,EMAIL,nfahad.9362.21@mail.example.com,replace
364,C-24-00364,الاسم الرباعي,PERSON_NAME,نايف غازي هشام الشهري,replace
364,C-24-00364,رقم السجل المدني,SAUDI_ID,1 948 840 630,replace
364,C-24-00364,هاتف التواصل,MOBILE,+966 55 126 8109,replace
364,C-24-00364,البريد الالكتروني,EMAIL,kali.363.12@inbox.example.net,replace
364,C-24-00364,رقم الحساب الدولي,IBAN,SA 5655483783210424524740,replace
364,C-24-00364,ملاحظات الموظف,PERSON_NAME,مشاري البلوي,replace
364,C-24-00364,ملاحظات الموظف,MOBILE,(053) 746 3581,replace
365,C-24-00365,الاسم الرباعي,PERSON_NAME,أنس غازي مهند العنزي,replace
365,C-24-00365,رقم السجل المدني,SAUDI_ID,١٧٧١٥٧٨٦٠٤,replace
365,C-24-00365,هاتف التواصل,MOBILE,+966 59 090 2888,replace
365,C-24-00365,رقم الحساب الدولي,IBAN,SA6337741369056087251948,replace
365,C-24-00365,ملاحظات الموظف,SAUDI_ID,1783932559,review
366,C-24-00366,الاسم الرباعي,PERSON_NAME,سديم ثامر هشام اليامي,replace
366,C-24-00366,رقم السجل المدني,SAUDI_ID,2603255908,replace
366,C-24-00366,هاتف التواصل,MOBILE,054-351-4110,replace
366,C-24-00366,رقم الحساب الدولي,IBAN,sa4699008824641150200848,replace
367,C-24-00367,الاسم الرباعي,PERSON_NAME,بشرى رائد طلال العمري,replace
367,C-24-00367,رقم السجل المدني,SAUDI_ID,2196252353,replace
367,C-24-00367,هاتف التواصل,MOBILE,056-791-1878,replace
367,C-24-00367,البريد الالكتروني,EMAIL,nnoor.366_81@inbox.example.net,replace
367,C-24-00367,رقم الحساب الدولي,IBAN,sa1383076862404310156830,replace
368,C-24-00368,الاسم الرباعي,PERSON_NAME,بشرى مهند هشام السلمي,replace
368,C-24-00368,رقم السجل المدني,SAUDI_ID,٢٧٤٥٦٧٦٠١١,replace
368,C-24-00368,هاتف التواصل,MOBILE,٠٥٦٨٧٠٢١٣٧,replace
368,C-24-00368,البريد الالكتروني,EMAIL,adana.36712@inbox.example.net,replace
368,C-24-00368,رقم الحساب الدولي,IBAN,sa8230319987929777277270,replace
368,C-24-00368,ملاحظات الموظف,PERSON_NAME,جود الأحمدي,replace
368,C-24-00368,ملاحظات الموظف,MOBILE,055-004-7606,replace
369,C-24-00369,الاسم الرباعي,PERSON_NAME,رهف حسام رائد العنزي,replace
369,C-24-00369,رقم السجل المدني,SAUDI_ID,1226078879,replace
369,C-24-00369,هاتف التواصل,MOBILE,00966507312597,replace
369,C-24-00369,البريد الالكتروني,EMAIL,ksara.368_96@mail.example.com,replace
369,C-24-00369,رقم الحساب الدولي,IBAN,sa3408075253165838723805,replace
370,C-24-00370,الاسم الرباعي,PERSON_NAME,لولوة مهند رائد المحمدي,replace
370,C-24-00370,رقم السجل المدني,SAUDI_ID,1385534845,replace
370,C-24-00370,هاتف التواصل,MOBILE,00966530491934,replace
370,C-24-00370,البريد الالكتروني,EMAIL,rfahad.36987@inbox.example.net,replace
370,C-24-00370,رقم الحساب الدولي,IBAN,sa7249856573468313679669,replace
370,C-24-00370,ملاحظات الموظف,PERSON_NAME,غازي باعشن,replace
370,C-24-00370,ملاحظات الموظف,MOBILE,00966599799490,replace
371,C-24-00371,الاسم الرباعي,PERSON_NAME,إياد بندر إياد الفيفي,replace
371,C-24-00371,رقم السجل المدني,SAUDI_ID,١١٠٨٣٨٤٤٦٠,replace
371,C-24-00371,هاتف التواصل,MOBILE,+966 55 108 8408,replace
371,C-24-00371,البريد الالكتروني,EMAIL,rali.37066@inbox.example.net,replace
371,C-24-00371,رقم الحساب الدولي,IBAN,SA08 5628 7593 6693 2899 3414,replace
372,C-24-00372,الاسم الرباعي,PERSON_NAME,لجين أنس أنس الشهري,replace
372,C-24-00372,رقم السجل المدني,SAUDI_ID,2932296904,replace
372,C-24-00372,هاتف التواصل,MOBILE,+966 58 856 6608,replace
372,C-24-00372,البريد الالكتروني,EMAIL,kali.371.50@mail.example.com,replace
372,C-24-00372,رقم الحساب الدولي,IBAN,sa5377470506095854489898,replace
373,C-24-00373,الاسم الرباعي,PERSON_NAME,صالح إياد وليد الشهري,replace
373,C-24-00373,رقم السجل المدني,SAUDI_ID,١٦٥٥٤٣٤٦٥٠,replace
373,C-24-00373,هاتف التواصل,MOBILE,00966599231635,replace
373,C-24-00373,البريد الالكتروني,EMAIL,mnoor.372_86@inbox.example.net,replace
373,C-24-00373,رقم الحساب الدولي,IBAN,SA11 9940 2553 5560 6449 9330,replace
373,C-24-00373,ملاحظات الموظف,SAUDI_ID,1538985784,ignore
374,C-24-00374,الاسم الرباعي,PERSON_NAME,لجين حسام مازن الجهني,replace
374,C-24-00374,رقم السجل المدني,SAUDI_ID,1815830557,replace
374,C-24-00374,هاتف التواصل,MOBILE,0504964281,replace
374,C-24-00374,البريد الالكتروني,EMAIL,snoor.373.92@example.org,replace
374,C-24-00374,رقم الحساب الدولي,IBAN,sa1454956396817459690635,replace
374,C-24-00374,ملاحظات الموظف,EMAIL,mnoor.937357@inbox.example.net,replace
375,C-24-00375,الاسم الرباعي,PERSON_NAME,لجين نايف صالح باعشن,replace
375,C-24-00375,رقم السجل المدني,SAUDI_ID,٢١٥١٢٧٤٩١٣,replace
375,C-24-00375,هاتف التواصل,MOBILE,(050) 400 0931,replace
375,C-24-00375,البريد الالكتروني,EMAIL,aali.374.54@mail.example.com,replace
375,C-24-00375,رقم الحساب الدولي,IBAN,SA40 7956 8190 9107 6363 9245,replace
375,C-24-00375,ملاحظات الموظف,SAUDI_ID,1745996015,review
376,C-24-00376,الاسم الرباعي,PERSON_NAME,حسام أنس حسام السلمي,replace
376,C-24-00376,رقم السجل المدني,SAUDI_ID,1471594190,replace
376,C-24-00376,هاتف التواصل,MOBILE,٠٥٨٧٤١٢٦٧٤,replace
376,C-24-00376,رقم الحساب الدولي,IBAN,SA08 8170 3202 0019 8420 0455,replace
377,C-24-00377,الاسم الرباعي,PERSON_NAME,غازي بندر إياد باعشن,replace
377,C-24-00377,رقم السجل المدني,SAUDI_ID,1479261677,replace
377,C-24-00377,هاتف التواصل,MOBILE,0509715865,replace
377,C-24-00377,البريد الالكتروني,EMAIL,kfahad.376_37@example.org,replace
377,C-24-00377,رقم الحساب الدولي,IBAN,SA 7012314379016381032220,replace
377,C-24-00377,ملاحظات الموظف,IBAN,SA6282737992178353072771,replace
378,C-24-00378,الاسم الرباعي,PERSON_NAME,رهف أنس باسل باعشن,replace
378,C-24-00378,رقم السجل المدني,SAUDI_ID,١٣٠١٤٩٣١٨٣,replace
378,C-24-00378,هاتف التواصل,MOBILE,0505516071,replace
378,C-24-00378,البريد الالكتروني,EMAIL,nomar.37775@example.org,replace
378,C-24-00378,رقم الحساب الدولي,IBAN,sa7928618882810466865777,replace
379,C-24-00379,الاسم الرباعي,PERSON_NAME,ميار غازي نايف الزهراني,replace
379,C-24-00379,رقم السجل المدني,SAUDI_ID,1162751802,replace
379,C-24-00379,هاتف التواصل,MOBILE,(054) 616 0493,replace
379,C-24-00379,البريد الالكتروني,EMAIL,momar.37856@mail.example.com,replace
379,C-24-00379,رقم الحساب الدولي,IBAN,SA 0704112478912167846168,replace
379,C-24-00379,ملاحظات الموظف,SAUDI_ID,1981504028,review
380,C-24-00380,الاسم الرباعي,PERSON_NAME,ميار إياد وليد البلوي,replace
380,C-24-00380,رقم السجل المدني,SAUDI_ID,1 194 846 836,replace
380,C-24-00380,هاتف التواصل,MOBILE,0555671187,replace
380,C-24-00380,البريد الالكتروني,EMAIL,ndana.379_28@example.org,replace
380,C-24-00380,رقم الحساب الدولي,IBAN,sa2216454487497367737596,replace
381,C-24-00381,الاسم الرباعي,PERSON_NAME,أنس رائد مهند باعشن,replace
381,C-24-00381,رقم السجل المدني,SAUDI_ID,1721532727,replace
381,C-24-00381,هاتف التواصل,MOBILE,٠٥٠٤٨٠٦٤٠٧,replace
381,C-24-00381,البريد الالكتروني,EMAIL,aali.380_63@mail.example.com,replace
381,C-24-00381,رقم الحساب الدولي,IBAN,SA56 5468 0067 5313 6075 4426,replace
381,C-24-00381,ملاحظات الموظف,SAUDI_ID,1814541365,ignore
382,C-24-00382,الاسم الرباعي,PERSON_NAME,هشام هشام رائد الزهراني,replace
382,C-24-00382,رقم السجل المدني,SAUDI_ID,1375487269,replace
382,C-24-00382,هاتف التواصل,MOBILE,٠٥٦٧٧٩٨٠٨٧,replace
382,C-24-00382,البريد الالكتروني,EMAIL,adana.38192@inbox.example.net,replace
382,C-24-00382,رقم الحساب الدولي,IBAN,SA60 4589 9142 4367 9834 5342,replace
383,C-24-00383,الاسم الرباعي,PERSON_NAME,أريج نايف بندر العنزي,replace
383,C-24-00383,رقم السجل المدني,SAUDI_ID,1757182405,replace
383,C-24-00383,هاتف التواصل,MOBILE,+966 53 176 9468,replace
383,C-24-00383,رقم الحساب الدولي,IBAN,SA86 6358 5599 2071 5581 6084,replace
383,C-24-00383,ملاحظات الموظف,SAUDI_ID,1239374066,ignore
384,C-24-00384,الاسم الرباعي,PERSON_NAME,صالح بندر غازي الزهراني,replace
384,C-24-00384,رقم السجل المدني,SAUDI_ID,2629439502,replace
384,C-24-00384,هاتف التواصل,MOBILE,0551167585,replace
384,C-24-00384,البريد الالكتروني,EMAIL,sali.383_62@inbox.example.net,replace
384,C-24-00384,رقم الحساب الدولي,IBAN,SA 0359599879931350537907,replace
384,C-24-00384,ملاحظات الموظف,PERSON_NAME,منصور اليامي,replace
384,C-24-00384,ملاحظات الموظف,MOBILE,059-616-7017,replace
385,C-24-00385,الاسم الرباعي,PERSON_NAME,رهف غازي منصور باعشن,replace
385,C-24-00385,رقم السجل المدني,SAUDI_ID,1897059935,replace
385,C-24-00385,هاتف التواصل,MOBILE,0534428833,replace
385,C-24-00385,البريد الالكتروني,EMAIL,kali.384_22@inbox.example.net,replace
385,C-24-00385,رقم الحساب الدولي,IBAN,SA 8004304382845686797657,replace
386,C-24-00386,الاسم الرباعي,PERSON_NAME,عادل منصور صالح المحمدي,replace
386,C-24-00386,رقم السجل المدني,SAUDI_ID,2 524 751 175,replace
386,C-24-00386,هاتف التواصل,MOBILE,0591692845,replace
386,C-24-00386,البريد الالكتروني,EMAIL,rdana.385.89@inbox.example.net,replace
386,C-24-00386,رقم الحساب الدولي,IBAN,SA52 2383 7936 3902 6621 8404,replace
387,C-24-00387,الاسم الرباعي,PERSON_NAME,حسام هشام مازن الأحمدي,replace
387,C-24-00387,رقم السجل المدني,SAUDI_ID,1847006176,replace
387,C-24-00387,هاتف التواصل,MOBILE,٠٥٥٦٧٤٢٩٧٢,replace
387,C-24-00387,البريد الالكتروني,EMAIL,nomar.38628@example.org,replace
387,C-24-00387,رقم الحساب الدولي,IBAN,sa5788321232181997558921,replace
388,C-24-00388,الاسم الرباعي,PERSON_NAME,طلال بندر غازي الجهني,replace
388,C-24-00388,رقم السجل المدني,SAUDI_ID,2974372498,replace
388,C-24-00388,هاتف التواصل,MOBILE,+966 58 382 1847,replace
388,C-24-00388,البريد الالكتروني,EMAIL,sdana.387.63@example.org,replace
388,C-24-00388,رقم الحساب الدولي,IBAN,SA30 5375 2908 6622 3038 1568,replace
389,C-24-00389,الاسم الرباعي,PERSON_NAME,لولوة ثامر إياد الحويطي,replace
389,C-24-00389,رقم السجل المدني,SAUDI_ID,2794225991,replace
389,C-24-00389,هاتف التواصل,MOBILE,058-190-0400,replace
389,C-24-00389,البريد الالكتروني,EMAIL,adana.388.80@inbox.example.net,replace
389,C-24-00389,رقم الحساب الدولي,IBAN,SA4236820390444937830334,replace
390,C-24-00390,الاسم الرباعي,PERSON_NAME,منيرة بندر مازن الشهري,replace
390,C-24-00390,رقم السجل المدني,SAUDI_ID,2523965511,replace
390,C-24-00390,هاتف التواصل,MOBILE,(058) 120 9308,replace
390,C-24-00390,البريد الالكتروني,EMAIL,ndana.38927@inbox.example.net,replace
390,C-24-00390,رقم الحساب الدولي,IBAN,SA 6717629417250928516926,replace
391,C-24-00391,الاسم الرباعي,PERSON_NAME,رائد مشاري أنس الأحمدي,replace
391,C-24-00391,رقم السجل المدني,SAUDI_ID,1418537344,replace
391,C-24-00391,هاتف التواصل,MOBILE,+966 58 807 4588,replace
391,C-24-00391,البريد الالكتروني,EMAIL,rali.390.85@example.org,replace
391,C-24-00391,رقم الحساب الدولي,IBAN,SA 8177647481370602152564,replace
392,C-24-00392,الاسم الرباعي,PERSON_NAME,حسام أنس هشام العمري,replace
392,C-24-00392,رقم السجل المدني,SAUDI_ID,1055464190,replace
392,C-24-00392,هاتف التواصل,MOBILE,00966546834438,replace
392,C-24-00392,البريد الالكتروني,EMAIL,mali.39151@inbox.example.net,replace
392,C-24-00392,رقم الحساب الدولي,IBAN,sa3512720585129888556624,replace
393,C-24-00393,الاسم الرباعي,PERSON_NAME,غازي مهند منصور البلوي,replace
393,C-24-00393,رقم السجل المدني,SAUDI_ID,٢٠٤٠٩٦٦٧٦٠,replace
393,C-24-00393,هاتف التواصل,MOBILE,٠٥٥٠١٤٠٨٦٥,replace
393,C-24-00393,البريد الالكتروني,EMAIL,kfahad.39274@inbox.example.net,replace
393,C-24-00393,رقم الحساب الدولي,IBAN,SA9840306941517514274575,replace
393,C-24-00393,ملاحظات الموظف,SAUDI_ID,1701061309,review
394,C-24-00394,الاسم الرباعي,PERSON_NAME,يزيد طلال أنس الثبيتي,replace
394,C-24-00394,رقم السجل المدني,SAUDI_ID,1079185284,replace
394,C-24-00394,هاتف التواصل,MOBILE,+966 59 117 4648,replace
394,C-24-00394,البريد الالكتروني,EMAIL,mali.393_74@inbox.example.net,replace
394,C-24-00394,رقم الحساب الدولي,IBAN,SA 4462033445289886566402,replace
395,C-24-00395,الاسم الرباعي,PERSON_NAME,منيرة بندر مهند الغامدي,replace
395,C-24-00395,رقم السجل المدني,SAUDI_ID,1 077 839 460,replace
395,C-24-00395,هاتف التواصل,MOBILE,058-138-4474,replace
395,C-24-00395,البريد الالكتروني,EMAIL,romar.39444@inbox.example.net,replace
395,C-24-00395,رقم الحساب الدولي,IBAN,SA9429034300117089061266,replace
395,C-24-00395,ملاحظات الموظف,SAUDI_ID,1942742485,replace
396,C-24-00396,الاسم الرباعي,PERSON_NAME,شهد هشام هشام الرويلي,replace
396,C-24-00396,رقم السجل المدني,SAUDI_ID,1 172 527 564,replace
396,C-24-00396,هاتف التواصل,MOBILE,0531663996,replace
396,C-24-00396,البريد الالكتروني,EMAIL,mnoor.39555@mail.example.com,replace
396,C-24-00396,رقم الحساب الدولي,IBAN,sa3815589595447055347367,replace
396,C-24-00396,ملاحظات الموظف,PERSON_NAME,جود الشريف,replace
396,C-24-00396,ملاحظات الموظف,MOBILE,+966 50 959 6582,replace
397,C-24-00397,الاسم الرباعي,PERSON_NAME,منصور مهند ثامر الثبيتي,replace
397,C-24-00397,رقم السجل المدني,SAUDI_ID,1157934801,replace
397,C-24-00397,هاتف التواصل,MOBILE,(055) 034 5719,replace
397,C-24-00397,رقم الحساب الدولي,IBAN,SA 8857880544462186185935,replace
398,C-24-00398,الاسم الرباعي,PERSON_NAME,مشاري نايف ثامر باعشن,replace
398,C-24-00398,رقم السجل المدني,SAUDI_ID,2593522234,replace
398,C-24-00398,هاتف التواصل,MOBILE,٠٥٦٦٨٩٢٤١٣,replace
398,C-24-00398,البريد الالكتروني,EMAIL,aomar.397.92@example.org,replace
398,C-24-00398,رقم الحساب الدولي,IBAN,SA86 5273 6647 9191 6879 3300,replace
398,C-24-00398,ملاحظات الموظف,SAUDI_ID,1411086643,ignore
399,C-24-00399,الاسم الرباعي,PERSON_NAME,مهند مهند ثامر العمري,replace
399,C-24-00399,رقم السجل المدني,SAUDI_ID,1 817 374 158,replace
399,C-24-00399,هاتف التواصل,MOBILE,00966558023405,replace
399,C-24-00399,البريد الالكتروني,EMAIL,ndana.39831@example.org,replace
399,C-24-00399,رقم الحساب الدولي,IBAN,SA72 2760 8089 4227 9142 0853,replace
399,C-24-00399,ملاحظات الموظف,SAUDI_ID,1859985062,ignore
400,C-24-00400,الاسم الرباعي,PERSON_NAME,هيفاء يزيد نايف الثبيتي,replace
400,C-24-00400,رقم السجل المدني,SAUDI_ID,1363330372,replace
400,C-24-00400,هاتف التواصل,MOBILE,+966 56 048 0126,replace
400,C-24-00400,البريد الالكتروني,EMAIL,mfahad.39912@example.org,replace
400,C-24-00400,رقم الحساب الدولي,IBAN,SA5013016375471336918329,replace
401,C-24-00401,الاسم الرباعي,PERSON_NAME,رهف هشام منصور الزهراني,replace
401,C-24-00401,رقم السجل المدني,SAUDI_ID,1 674 713 878,replace
401,C-24-00401,هاتف التواصل,MOBILE,058-915-1486,replace
401,C-24-00401,البريد الالكتروني,EMAIL,aomar.40028@mail.example.com,replace
401,C-24-00401,رقم الحساب الدولي,IBAN,sa3539297001459979357822,replace
402,C-24-00402,الاسم الرباعي,PERSON_NAME,غدير غازي باسل المحمدي,replace
402,C-24-00402,رقم السجل المدني,SAUDI_ID,2378446906,replace
402,C-24-00402,هاتف التواصل,MOBILE,059-069-7308,replace
402,C-24-00402,البريد الالكتروني,EMAIL,nfahad.401.10@mail.example.com,replace
402,C-24-00402,رقم الحساب الدولي,IBAN,sa8238963314682905648659,replace
403,C-24-00403,الاسم الرباعي,PERSON_NAME,يزيد غازي وليد اليامي,replace
403,C-24-00403,رقم السجل المدني,SAUDI_ID,1453489088,replace
403,C-24-00403,هاتف التواصل,MOBILE,054-212-3991,replace
403,C-24-00403,البريد الالكتروني,EMAIL,rfahad.402.15@mail.example.com,replace
403,C-24-00403,رقم الحساب الدولي,IBAN,SA57 9497 3057 4785 6457 2758,replace
404,C-24-00404,الاسم الرباعي,PERSON_NAME,ريما يزيد باسل البلوي,replace
404,C-24-00404,رقم السجل المدني,SAUDI_ID,1593702101,replace
404,C-24-00404,هاتف التواصل,MOBILE,+966 54 944 8806,replace
404,C-24-00404,البريد الالكتروني,EMAIL,rali.403_62@example.org,replace
404,C-24-00404,رقم الحساب الدولي,IBAN,sa8982181551261050952609,replace
404,C-24-00404,ملاحظات الموظف,IBAN,SA 2501939708677157595069,replace
405,C-24-00405,الاسم الرباعي,PERSON_NAME,لجين يزيد عمار الحويطي,replace
405,C-24-00405,رقم السجل المدني,SAUDI_ID,1837853728,replace
405,C-24-00405,هاتف التواصل,MOBILE,٠٥٨٥٥٥٨١٦٦,replace
405,C-24-00405,البريد الالكتروني,EMAIL,mdana.40454@example.org,replace
405,C-24-00405,رقم الحساب الدولي,IBAN,SA19 9804 0778 8651 2567 5201,replace
406,C-24-00406,الاسم الرباعي,PERSON_NAME,أريج إياد ثامر الجهني,replace
406,C-24-00406,رقم السجل المدني,SAUDI_ID,1423285426,replace
406,C-24-00406,هاتف التواصل,MOBILE,٠٥٥٠١٨٩٠٤٦,replace
406,C-24-00406,البريد الالكتروني,EMAIL,afahad.405_15@example.org,replace
406,C-24-00406,رقم الحساب الدولي,IBAN,sa9032678187009002654668,replace
407,C-24-00407,الاسم الرباعي,PERSON_NAME,رزان طلال حسام الأحمدي,replace
407,C-24-00407,رقم السجل المدني,SAUDI_ID,1159301827,replace
407,C-24-00407,هاتف التواصل,MOBILE,00966569340215,replace
407,C-24-00407,البريد الالكتروني,EMAIL,afahad.406.61@inbox.example.net,replace
407,C-24-00407,رقم الحساب الدولي,IBAN,sa3496175381857349806298,replace
407,C-24-00407,ملاحظات الموظف,SAUDI_ID,1343534077,review
408,C-24-00408,الاسم الرباعي,PERSON_NAME,بندر عمار عمار الحازمي,replace
408,C-24-00408,رقم السجل المدني,SAUDI_ID,1594211813,replace
408,C-24-00408,هاتف التواصل,MOBILE,0552650778,replace
408,C-24-00408,البريد الالكتروني,EMAIL,afahad.407.67@mail.example.com,replace
408,C-24-00408,رقم الحساب الدولي,IBAN,SA0303822093262134050841,replace
408,C-24-00408,ملاحظات الموظف,SAUDI_ID,1583432461,review
409,C-24-00409,الاسم الرباعي,PERSON_NAME,ريما رائد بندر الزهراني,replace
409,C-24-00409,رقم السجل المدني,SAUDI_ID,1442793145,replace
409,C-24-00409,هاتف التواصل,MOBILE,00966555505742,replace
409,C-24-00409,البريد الالكتروني,EMAIL,aali.408.33@example.org,replace
409,C-24-00409,رقم الحساب الدولي,IBAN,sa7307799964626595960520,replace
409,C-24-00409,ملاحظات الموظف,SAUDI_ID,1891831255,replace
410,C-24-00410,الاسم الرباعي,PERSON_NAME,بشرى رائد باسل البلوي,replace
410,C-24-00410,رقم السجل المدني,SAUDI_ID,1852203734,replace
410,C-24-00410,هاتف التواصل,MOBILE,(058) 431 9295,replace
410,C-24-00410,البريد الالكتروني,EMAIL,mnoor.409.82@mail.example.com,replace
410,C-24-00410,رقم الحساب الدولي,IBAN,SA97 8570 0417 8371 8524 2238,replace
410,C-24-00410,ملاحظات الموظف,SAUDI_ID,1102353693,review
411,C-24-00411,الاسم الرباعي,PERSON_NAME,بندر غازي وليد الفيفي,replace
411,C-24-00411,رقم السجل المدني,SAUDI_ID,1960287777,replace
411,C-24-00411,هاتف التواصل,MOBILE,+966 56 447 0433,replace
411,C-24-00411,البريد الالكتروني,EMAIL,ndana.410.48@inbox.example.net,replace
411,C-24-00411,رقم الحساب الدولي,IBAN,SA8492436320550812081561,replace
412,C-24-00412,الاسم الرباعي,PERSON_NAME,طلال وليد منصور البلوي,replace
412,C-24-00412,رقم السجل المدني,SAUDI_ID,1 909 929 877,replace
412,C-24-00412,هاتف التواصل,MOBILE,٠٥٣٦٣٦٩٦٣٧,replace
412,C-24-00412,رقم الحساب الدولي,IBAN,SA 6221867747526997462101,replace
413,C-24-00413,الاسم الرباعي,PERSON_NAME,مها بندر مازن المحمدي,replace
413,C-24-00413,رقم السجل المدني,SAUDI_ID,1 726 502 394,replace
413,C-24-00413,هاتف التواصل,MOBILE,00966504367812,replace
413,C-24-00413,البريد الالكتروني,EMAIL,asara.412.57@example.org,replace
413,C-24-00413,رقم الحساب الدولي,IBAN,sa3890799222506541085959,replace
413,C-24-00413,ملاحظات الموظف,EMAIL,nali.9412.53@mail.example.com,replace
414,C-24-00414,الاسم الرباعي,PERSON_NAME,مهند رائد حسام البلوي,replace
414,C-24-00414,رقم السجل المدني,SAUDI_ID,١٦٤٩٣٨٥٨٢٨,replace
414,C-24-00414,هاتف التواصل,MOBILE,00966548615175,replace
414,C-24-00414,البريد الالكتروني,EMAIL,rali.413_11@example.org,replace
414,C-24-00414,رقم الحساب الدولي,IBAN,sa2649560877200322261947,replace
414,C-24-00414,ملاحظات الموظف,SAUDI_ID,1218122864,ignore
415,C-24-00415,الاسم الرباعي,PERSON_NAME,رزان يزيد هشام باعشن,replace
415,C-24-00415,رقم السجل المدني,SAUDI_ID,2 590 806 622,replace
415,C-24-00415,هاتف التواصل,MOBILE,056-099-4337,replace
415,C-24-00415,رقم الحساب الدولي,IBAN,SA52 0101 9881 7821 1267 0083,replace
415,C-24-00415,ملاحظات الموظف,IBAN,SA9588600456977459173520,replace
416,C-24-00416,الاسم الرباعي,PERSON_NAME,أريج طلال غازي اليامي,replace
416,C-24-00416,رقم السجل المدني,SAUDI_ID,1981745209,replace
416,C-24-00416,هاتف التواصل,MOBILE,054-168-8957,replace
416,C-24-00416,البريد الالكتروني,EMAIL,knoor.41594@example.org,replace
416,C-24-00416,رقم الحساب الدولي,IBAN,SA1108876752970427257399,replace
416,C-24-00416,ملاحظات الموظف,PERSON_NAME,أنس الجهني,replace
416,C-24-00416,ملاحظات الموظف,MOBILE,+966 50 362 1098,replace
417,C-24-00417,الاسم الرباعي,PERSON_NAME,رائد أنس وليد الشهري,replace
417,C-24-00417,رقم السجل المدني,SAUDI_ID,2082932159,replace
417,C-24-00417,هاتف التواصل,MOBILE,059-548-2229,replace
417,C-24-00417,البريد الالكتروني,EMAIL,rali.41669@example.org,replace
417,C-24-00417,رقم الحساب الدولي,IBAN,SA7039416160858584901646,replace
417,C-24-00417,ملاحظات الموظف,SAUDI_ID,١٥٧٠٨٩٠٤٨١,replace
418,C-24-00418,الاسم الرباعي,PERSON_NAME,سديم طلال عمار الجهني,replace
418,C-24-00418,رقم السجل المدني,SAUDI_ID,1629658715,replace
418,C-24-00418,هاتف التواصل,MOBILE,(050) 364 3370,replace
418,C-24-00418,البريد الالكتروني,EMAIL,mnoor.417.71@example.org,replace
418,C-24-00418,رقم الحساب الدولي,IBAN,SA5740264183151380319234,replace
419,C-24-00419,الاسم الرباعي,PERSON_NAME,رزان رائد نايف الرويلي,replace
419,C-24-00419,رقم السجل المدني,SAUDI_ID,2873057679,replace
419,C-24-00419,هاتف التواصل,MOBILE,00966565201763,replace
419,C-24-00419,البريد الالكتروني,EMAIL,mdana.41847@example.org,replace
419,C-24-00419,رقم الحساب الدولي,IBAN,sa6199751123927047234729,replace
419,C-24-00419,ملاحظات الموظف,EMAIL,knoor.9418.88@inbox.example.net,replace
420,C-24-00420,الاسم الرباعي,PERSON_NAME,عمار باسل إياد العنزي,replace
420,C-24-00420,رقم السجل المدني,SAUDI_ID,2104038696,replace
420,C-24-00420,هاتف التواصل,MOBILE,00966540337727,replace
420,C-24-00420,البريد الالكتروني,EMAIL,sdana.41992@mail.example.com,replace
420,C-24-00420,رقم الحساب الدولي,IBAN,SA10 1784 1078 2250 4406 8184,replace
421,C-24-00421,الاسم الرباعي,PERSON_NAME,رهف ثامر نايف الثبيتي,replace
421,C-24-00421,رقم السجل المدني,SAUDI_ID,2962829715,replace
421,C-24-00421,هاتف التواصل,MOBILE,053-809-7735,replace
421,C-24-00421,البريد الالكتروني,EMAIL,sfahad.420.35@mail.example.com,replace
421,C-24-00421,رقم الحساب الدولي,IBAN,SA8315479091654991907385,replace
422,C-24-00422,الاسم الرباعي,PERSON_NAME,صالح ثامر غازي العنزي,replace
422,C-24-00422,رقم السجل المدني,SAUDI_ID,1599090410,replace
422,C-24-00422,هاتف التواصل,MOBILE,+966 59 523 5186,replace
422,C-24-00422,البريد الالكتروني,EMAIL,nnoor.42129@mail.example.com,replace
422,C-24-00422,رقم الحساب الدولي,IBAN,SA25 3731 8703 9904 3752 1154,replace
423,C-24-00423,الاسم الرباعي,PERSON_NAME,رائد رائد صالح الحازمي,replace
423,C-24-00423,رقم السجل المدني,SAUDI_ID,2450310517,replace
423,C-24-00423,هاتف التواصل,MOBILE,050-963-2628,replace
423,C-24-00423,رقم الحساب الدولي,IBAN,SA30 8149 8129 7121 8280 0950,replace
424,C-24-00424,الاسم الرباعي,PERSON_NAME,رهف نايف عمار الصاعدي,replace
424,C-24-00424,رقم السجل المدني,SAUDI_ID,٢٢١١٠٨٨٠٥٥,replace
424,C-24-00424,هاتف التواصل,MOBILE,00966567505375,replace
424,C-24-00424,البريد الالكتروني,EMAIL,anoor.423_89@example.org,replace
424,C-24-00424,رقم الحساب الدولي,IBAN,SA23 5259 5775 0086 2774 7194,replace
424,C-24-00424,ملاحظات الموظف,IBAN,SA47 8966 9469 5778 6252 0519,replace
425,C-24-00425,الاسم الرباعي,PERSON_NAME,حسام طلال عمار المالكي,replace
425,C-24-00425,رقم السجل المدني,SAUDI_ID,1273545473,replace
425,C-24-00425,هاتف التواصل,MOBILE,٠٥٠٩٩٩٢٠٨٤,replace
425,C-24-00425,البريد الالكتروني,EMAIL,kdana.424_84@mail.example.com,replace
425,C-24-00425,رقم الحساب الدولي,IBAN,SA73 8574 9214 1355 1441 6144,replace
425,C-24-00425,ملاحظات الموظف,EMAIL,mnoor.9424_74@inbox.example.net,replace
426,C-24-00426,الاسم الرباعي,PERSON_NAME,غدير غازي باسل العنزي,replace
426,C-24-00426,رقم السجل المدني,SAUDI_ID,1934109651,replace
426,C-24-00426,هاتف التواصل,MOBILE,0502038143,replace
426,C-24-00426,البريد الالكتروني,EMAIL,ndana.425_19@mail.example.com,replace
426,C-24-00426,رقم الحساب الدولي,IBAN,SA86 1870 3345 8925 4726 5343,replace
426,C-24-00426,ملاحظات الموظف,EMAIL,afahad.9425.70@inbox.example.net,replace
427,C-24-00427,الاسم الرباعي,PERSON_NAME,صالح مهند يزيد الحازمي,replace
427,C-24-00427,رقم السجل المدني,SAUDI_ID,1536167610,replace
427,C-24-00427,هاتف التواصل,MOBILE,058-491-9835,replace
427,C-24-00427,البريد الالكتروني,EMAIL,sali.42617@mail.example.com,replace
427,C-24-00427,رقم الحساب الدولي,IBAN,SA 1256907857072861426977,replace
427,C-24-00427,ملاحظات الموظف,SAUDI_ID,1 390 840 187,replace
428,C-24-00428,الاسم الرباعي,PERSON_NAME,مهند رائد وليد المالكي,replace
428,C-24-00428,رقم السجل المدني,SAUDI_ID,1 600 951 105,replace
428,C-24-00428,هاتف التواصل,MOBILE,٠٥٥٢٣٩٤٩١٥,replace
428,C-24-00428,البريد الالكتروني,EMAIL,aali.42711@inbox.example.net,replace
428,C-24-00428,رقم الحساب الدولي,IBAN,SA10 6407 1799 8605 3800 0901,replace
429,C-24-00429,الاسم الرباعي,PERSON_NAME,حسام وليد نايف الثبيتي,replace
429,C-24-00429,رقم السجل المدني,SAUDI_ID,1809920927,replace
429,C-24-00429,هاتف التواصل,MOBILE,+966 59 834 5835,replace
429,C-24-00429,البريد الالكتروني,EMAIL,sdana.42841@mail.example.com,replace
429,C-24-00429,رقم الحساب الدولي,IBAN,sa4788222498397657596809,replace
430,C-24-00430,الاسم الرباعي,PERSON_NAME,إياد وليد هشام الجهني,replace
430,C-24-00430,رقم السجل المدني,SAUDI_ID,1649230008,replace
430,C-24-00430,هاتف التواصل,MOBILE,(054) 997 2949,replace
430,C-24-00430,البريد الالكتروني,EMAIL,rdana.42997@example.org,replace
430,C-24-00430,رقم الحساب الدولي,IBAN,SA 4663625453620866376233,replace
431,C-24-00431,الاسم الرباعي,PERSON_NAME,يزيد مازن يزيد الرويلي,replace
431,C-24-00431,رقم السجل المدني,SAUDI_ID,1649319652,replace
431,C-24-00431,هاتف التواصل,MOBILE,050-869-6236,replace
431,C-24-00431,البريد الالكتروني,EMAIL,nomar.43049@mail.example.com,replace
431,C-24-00431,رقم الحساب الدولي,IBAN,SA91 0861 1890 5587 7610 1057,replace
432,C-24-00432,الاسم الرباعي,PERSON_NAME,أنس مشاري حسام الرويلي,replace
432,C-24-00432,رقم السجل المدني,SAUDI_ID,2574432981,replace
432,C-24-00432,هاتف التواصل,MOBILE,+966 53 049 4359,replace
432,C-24-00432,البريد الالكتروني,EMAIL,nali.431.73@inbox.example.net,replace
432,C-24-00432,رقم الحساب الدولي,IBAN,sa1949831917048231843129,replace
433,C-24-00433,الاسم الرباعي,PERSON_NAME,مشاري غازي رائد الفيفي,replace
433,C-24-00433,رقم السجل المدني,SAUDI_ID,2731287153,replace
433,C-24-00433,هاتف التواصل,MOBILE,0540265161,replace
433,C-24-00433,البريد الالكتروني,EMAIL,nsara.432_62@inbox.example.net,replace
433,C-24-00433,رقم الحساب الدولي,IBAN,SA 5556739599541766694018,replace
433,C-24-00433,ملاحظات الموظف,SAUDI_ID,1733290351,ignore
434,C-24-00434,الاسم الرباعي,PERSON_NAME,غدير غازي عادل باعشن,replace
434,C-24-00434,رقم السجل المدني,SAUDI_ID,1840076929,replace
434,C-24-00434,هاتف التواصل,MOBILE,+966 54 950 4087,replace
434,C-24-00434,البريد الالكتروني,EMAIL,komar.433_84@example.org,replace
434,C-24-00434,رقم الحساب الدولي,IBAN,sa9709089309296031219671,replace
434,C-24-00434,ملاحظات الموظف,SAUDI_ID,1 502 096 660,replace
435,C-24-00435,الاسم الرباعي,PERSON_NAME,غازي عادل إياد الشريف,replace
435,C-24-00435,رقم السجل المدني,SAUDI_ID,1198997429,replace
435,C-24-00435,هاتف التواصل,MOBILE,059-632-3586,replace
435,C-24-00435,البريد الالكتروني,EMAIL,nsara.43442@example.org,replace
435,C-24-00435,رقم الحساب الدولي,IBAN,SA4336070987801939278727,replace
435,C-24-00435,ملاحظات الموظف,SAUDI_ID,1621444387,review
436,C-24-00436,الاسم الرباعي,PERSON_NAME,إياد وليد وليد الأحمدي,replace
436,C-24-00436,رقم السجل المدني,SAUDI_ID,1771074786,replace
436,C-24-00436,هاتف التواصل,MOBILE,056-104-3064,replace
436,C-24-00436,البريد الالكتروني,EMAIL,rali.43577@mail.example.com,replace
436,C-24-00436,رقم الحساب الدولي,IBAN,SA 7967012104560864937482,replace
436,C-24-00436,ملاحظات الموظف,SAUDI_ID,1343290124,ignore
437,C-24-00437,الاسم الرباعي,PERSON_NAME,مازن غازي نايف الشهري,replace
437,C-24-00437,رقم السجل المدني,SAUDI_ID,2104905498,replace
437,C-24-00437,هاتف التواصل,MOBILE,056-147-2319,replace
437,C-24-00437,البريد الالكتروني,EMAIL,kali.436_41@example.org,replace
437,C-24-00437,رقم الحساب الدولي,IBAN,SA67 2257 5274 9639 9142 0772,replace
437,C-24-00437,ملاحظات الموظف,IBAN,SA11 7727 6751 1495 0696 8927,replace
438,C-24-00438,الاسم الرباعي,PERSON_NAME,منيرة غازي يزيد الأحمدي,replace
438,C-24-00438,رقم السجل المدني,SAUDI_ID,2398542031,replace
438,C-24-00438,هاتف التواصل,MOBILE,(050) 338 1236,replace
438,C-24-00438,البريد الالكتروني,EMAIL,mdana.437.66@mail.example.com,replace
438,C-24-00438,رقم الحساب الدولي,IBAN,SA 0673189539201411434695,replace
439,C-24-00439,الاسم الرباعي,PERSON_NAME,منصور ثامر بندر الحويطي,replace
439,C-24-00439,رقم السجل المدني,SAUDI_ID,2 949 746 123,replace
439,C-24-00439,هاتف التواصل,MOBILE,٠٥٥٧٤٩٥٨٩٥,replace
439,C-24-00439,البريد الالكتروني,EMAIL,asara.438_97@mail.example.com,replace
439,C-24-00439,رقم الحساب الدولي,IBAN,SA4225188784878538938599,replace
439,C-24-00439,ملاحظات الموظف,PERSON_NAME,حسام الثبيتي,replace
439,C-24-00439,ملاحظات الموظف,MOBILE,00966595670131,replace
440,C-24-00440,الاسم الرباعي,PERSON_NAME,يزيد باسل أنس الأحمدي,replace
440,C-24-00440,رقم السجل المدني,SAUDI_ID,1009122480,replace
440,C-24-00440,هاتف التواصل,MOBILE,0595809082,replace
440,C-24-00440,البريد الالكتروني,EMAIL,rdana.439.20@mail.example.com,replace
440,C-24-00440,رقم الحساب الدولي,IBAN,SA28 4361 4594 4681 1986 7375,replace
441,C-24-00441,الاسم الرباعي,PERSON_NAME,ميار مهند مشاري البلوي,replace
441,C-24-00441,رقم السجل المدني,SAUDI_ID,1392945703,replace
441,C-24-00441,هاتف التواصل,MOBILE,0533241501,replace
441,C-24-00441,البريد الالكتروني,EMAIL,anoor.440.73@mail.example.com,replace
441,C-24-00441,رقم الحساب الدولي,IBAN,SA03 3683 0538 1107 5148 9588,replace
441,C-24-00441,ملاحظات الموظف,SAUDI_ID,1359905021,replace
442,C-24-00442,الاسم الرباعي,PERSON_NAME,مشاري عمار منصور الجهني,replace
442,C-24-00442,رقم السجل المدني,SAUDI_ID,1919267912,replace
442,C-24-00442,هاتف التواصل,MOBILE,+966 53 707 7119,replace
442,C-24-00442,البريد الالكتروني,EMAIL,rfahad.441_50@inbox.example.net,replace
442,C-24-00442,رقم الحساب الدولي,IBAN,SA18 5963 6839 2090 0842 1598,replace
442,C-24-00442,ملاحظات الموظف,IBAN,SA 5564774165610455027969,replace
443,C-24-00443,الاسم الرباعي,PERSON_NAME,أريج أنس بندر الثبيتي,replace
443,C-24-00443,رقم السجل المدني,SAUDI_ID,١٩٦٥٨٠٨٥٥١,replace
443,C-24-00443,هاتف التواصل,MOBILE,058-046-9639,replace
443,C-24-00443,البريد الالكتروني,EMAIL,mfahad.442.84@mail.example.com,replace
443,C-24-00443,رقم الحساب الدولي,IBAN,SA95 8786 3743 7302 9046 2928,replace
443,C-24-00443,ملاحظات الموظف,SAUDI_ID,١٧٧٧٤٦٤٩٢٤,replace
444,C-24-00444,الاسم الرباعي,PERSON_NAME,دانة إياد غازي الحازمي,replace
444,C-24-00444,رقم السجل المدني,SAUDI_ID,١٣٥٤٤٤٨٧٠٤,replace
444,C-24-00444,هاتف التواصل,MOBILE,+966 54 694 3229,replace
444,C-24-00444,البريد الالكتروني,EMAIL,mnoor.443.79@inbox.example.net,replace
444,C-24-00444,رقم الحساب الدولي,IBAN,SA41 5133 7270 1471 5405 8253,replace
444,C-24-00444,ملاحظات الموظف,IBAN,sa3850465586349160347869,replace
445,C-24-00445,الاسم الرباعي,PERSON_NAME,غازي غازي عادل السلمي,replace
445,C-24-00445,رقم السجل المدني,SAUDI_ID,1422144566,replace
445,C-24-00445,هاتف التواصل,MOBILE,00966532974481,replace
445,C-24-00445,البريد الالكتروني,EMAIL,romar.444_22@inbox.example.net,replace
445,C-24-00445,رقم الحساب الدولي,IBAN,SA82 7886 8803 8332 1118 9612,replace
445,C-24-00445,ملاحظات الموظف,SAUDI_ID,1796614269,review
446,C-24-00446,الاسم الرباعي,PERSON_NAME,هشام صالح هشام الشريف,replace
446,C-24-00446,رقم السجل المدني,SAUDI_ID,1 723 233 258,replace
446,C-24-00446,هاتف التواصل,MOBILE,056-951-6742,replace
446,C-24-00446,البريد الالكتروني,EMAIL,mnoor.44534@inbox.example.net,replace
446,C-24-00446,رقم الحساب الدولي,IBAN,SA16 9489 8699 6539 9387 8087,replace
447,C-24-00447,الاسم الرباعي,PERSON_NAME,هشام طلال بندر الفيفي,replace
447,C-24-00447,رقم السجل المدني,SAUDI_ID,2 562 451 266,replace
447,C-24-00447,هاتف التواصل,MOBILE,00966502301139,replace
447,C-24-00447,البريد الالكتروني,EMAIL,momar.44619@mail.example.com,replace
447,C-24-00447,رقم الحساب الدولي,IBAN,SA61 5693 5945 1155 4082 7377,replace
448,C-24-00448,الاسم الرباعي,PERSON_NAME,ثامر حسام وليد المالكي,replace
448,C-24-00448,رقم السجل المدني,SAUDI_ID,1816307936,replace
448,C-24-00448,هاتف التواصل,MOBILE,0550525757,replace
448,C-24-00448,رقم الحساب الدولي,IBAN,SA6768136319585376949222,replace
449,C-24-00449,الاسم الرباعي,PERSON_NAME,مهند منصور مشاري الشريف,replace
449,C-24-00449,رقم السجل المدني,SAUDI_ID,١١٨٠١٤٦٠٤٣,replace
449,C-24-00449,هاتف التواصل,MOBILE,(058) 567 3605,replace
449,C-24-00449,البريد الالكتروني,EMAIL,kfahad.44868@example.org,replace
449,C-24-00449,رقم الحساب الدولي,IBAN,SA3088171682612321999372,replace
450,C-24-00450,الاسم الرباعي,PERSON_NAME,بندر حسام منصور الصاعدي,replace
450,C-24-00450,رقم السجل المدني,SAUDI_ID,1807530108,replace
450,C-24-00450,هاتف التواصل,MOBILE,(055) 792 2627,replace
450,C-24-00450,البريد الالكتروني,EMAIL,knoor.449_38@inbox.example.net,replace
450,C-24-00450,رقم الحساب الدولي,IBAN,SA5087046121217587261278,replace
450,C-24-00450,ملاحظات الموظف,SAUDI_ID,1864883422,ignore
