row,file_id,column,type,planted_value,expected
1,CUS-500000,ملاحظات_الموظف,IBAN,SA9282816969779680134556,replace
1,CUS-500000,الاسم_الكامل,PERSON_NAME,منى الجبرين,replace
1,CUS-500000,رقم_الهوية_أو_الإقامة,SAUDI_ID,1574793806,replace
1,CUS-500000,الجوال,MOBILE,0599275253,replace
1,CUS-500000,الآيبان,IBAN,SA3109318561008316716285,replace
1,CUS-500000,البريد_الإلكتروني,EMAIL,user0001@bank-mail.example.com,replace
2,CUS-500001,ملاحظات_الموظف,SAUDI_ID,1785233907,review
2,CUS-500001,الاسم_الكامل,PERSON_NAME,أسماء النعيمي,replace
2,CUS-500001,رقم_الهوية_أو_الإقامة,SAUDI_ID,1982066084,replace
2,CUS-500001,الجوال,MOBILE,0503606391,replace
2,CUS-500001,الآيبان,IBAN,SA4283214064759087535477,replace
2,CUS-500001,البريد_الإلكتروني,EMAIL,user0002@bank-mail.example.com,replace
3,CUS-500002,الاسم_الكامل,PERSON_NAME,أمل المري,replace
3,CUS-500002,رقم_الهوية_أو_الإقامة,SAUDI_ID,1158820546,replace
3,CUS-500002,الجوال,MOBILE,0591388775,replace
3,CUS-500002,الآيبان,IBAN,SA5447274904587348400028,replace
3,CUS-500002,البريد_الإلكتروني,EMAIL,user0003@bank-mail.example.com,replace
4,CUS-500003,ملاحظات_الموظف,MOBILE,0595214426,replace
4,CUS-500003,الاسم_الكامل,PERSON_NAME,معاذ المري,replace
4,CUS-500003,رقم_الهوية_أو_الإقامة,SAUDI_ID,1916398553,replace
4,CUS-500003,الجوال,MOBILE,0596920200,replace
4,CUS-500003,الآيبان,IBAN,SA0216836153448799138969,replace
4,CUS-500003,البريد_الإلكتروني,EMAIL,user0004@bank-mail.example.com,replace
5,CUS-500004,ملاحظات_الموظف,IBAN,SA6757542273824706546946,replace
5,CUS-500004,الاسم_الكامل,PERSON_NAME,عبير الخثعمي,replace
5,CUS-500004,رقم_الهوية_أو_الإقامة,SAUDI_ID,1095735138,replace
5,CUS-500004,الجوال,MOBILE,0505543643,replace
5,CUS-500004,الآيبان,IBAN,SA8182852876983770368687,replace
5,CUS-500004,البريد_الإلكتروني,EMAIL,user0005@bank-mail.example.com,replace
6,CUS-500005,ملاحظات_الموظف,IBAN,SA8091578371802687475668,replace
6,CUS-500005,الاسم_الكامل,PERSON_NAME,حصة المري,replace
6,CUS-500005,رقم_الهوية_أو_الإقامة,SAUDI_ID,2966694560,replace
6,CUS-500005,الجوال,MOBILE,0557662234,replace
6,CUS-500005,الآيبان,IBAN,SA1314805424308400232343,replace
6,CUS-500005,البريد_الإلكتروني,EMAIL,user0006@bank-mail.example.com,replace
7,CUS-500006,الاسم_الكامل,PERSON_NAME,سلمان الجبرين,replace
7,CUS-500006,رقم_الهوية_أو_الإقامة,SAUDI_ID,1516869516,replace
7,CUS-500006,الجوال,MOBILE,0535031610,replace
7,CUS-500006,الآيبان,IBAN,SA6803019909397375685361,replace
7,CUS-500006,البريد_الإلكتروني,EMAIL,user0007@bank-mail.example.com,replace
8,CUS-500007,الاسم_الكامل,PERSON_NAME,حصة الشهراني,replace
8,CUS-500007,رقم_الهوية_أو_الإقامة,SAUDI_ID,1176565594,replace
8,CUS-500007,الجوال,MOBILE,0557539895,replace
8,CUS-500007,الآيبان,IBAN,SA2913564992874456119725,replace
8,CUS-500007,البريد_الإلكتروني,EMAIL,user0008@bank-mail.example.com,replace
9,CUS-500008,الاسم_الكامل,PERSON_NAME,أسماء الخثعمي,replace
9,CUS-500008,رقم_الهوية_أو_الإقامة,SAUDI_ID,1963595952,replace
9,CUS-500008,الجوال,MOBILE,0534556085,replace
9,CUS-500008,الآيبان,IBAN,SA2981814271427341333413,replace
9,CUS-500008,البريد_الإلكتروني,EMAIL,user0009@bank-mail.example.com,replace
10,CUS-500009,ملاحظات_الموظف,MOBILE,0532368485,replace
10,CUS-500009,الاسم_الكامل,PERSON_NAME,هالة الأنصاري,replace
10,CUS-500009,رقم_الهوية_أو_الإقامة,SAUDI_ID,1339878959,replace
10,CUS-500009,الجوال,MOBILE,0546420146,replace
10,CUS-500009,الآيبان,IBAN,SA4847286952466020718432,replace
10,CUS-500009,البريد_الإلكتروني,EMAIL,user0010@bank-mail.example.com,replace
11,CUS-500010,الاسم_الكامل,PERSON_NAME,حمد الكثيري,replace
11,CUS-500010,رقم_الهوية_أو_الإقامة,SAUDI_ID,1887179826,replace
11,CUS-500010,الجوال,MOBILE,0560640765,replace
11,CUS-500010,الآيبان,IBAN,SA8961188788680856205189,replace
11,CUS-500010,البريد_الإلكتروني,EMAIL,user0011@bank-mail.example.com,replace
12,CUS-500011,الاسم_الكامل,PERSON_NAME,أسامة النعيمي,replace
12,CUS-500011,رقم_الهوية_أو_الإقامة,SAUDI_ID,1511012195,replace
12,CUS-500011,الجوال,MOBILE,0532882285,replace
12,CUS-500011,الآيبان,IBAN,SA5936024797524046632095,replace
12,CUS-500011,البريد_الإلكتروني,EMAIL,user0012@bank-mail.example.com,replace
13,CUS-500012,الاسم_الكامل,PERSON_NAME,مشاعل الشهراني,replace
13,CUS-500012,رقم_الهوية_أو_الإقامة,SAUDI_ID,1852053832,replace
13,CUS-500012,الجوال,MOBILE,0501192654,replace
13,CUS-500012,الآيبان,IBAN,SA2406355505733911772837,replace
13,CUS-500012,البريد_الإلكتروني,EMAIL,user0013@bank-mail.example.com,replace
14,CUS-500013,الاسم_الكامل,PERSON_NAME,عبير الخثعمي,replace
14,CUS-500013,رقم_الهوية_أو_الإقامة,SAUDI_ID,2136324916,replace
14,CUS-500013,الجوال,MOBILE,0547781663,replace
14,CUS-500013,الآيبان,IBAN,SA5429292182592037722179,replace
14,CUS-500013,البريد_الإلكتروني,EMAIL,user0014@bank-mail.example.com,replace
15,CUS-500014,ملاحظات_الموظف,IBAN,SA5621104544519279166545,replace
15,CUS-500014,الاسم_الكامل,PERSON_NAME,إبراهيم باوزير,replace
15,CUS-500014,رقم_الهوية_أو_الإقامة,SAUDI_ID,1628489062,replace
15,CUS-500014,الجوال,MOBILE,0560782368,replace
15,CUS-500014,الآيبان,IBAN,SA9120001826483178182412,replace
15,CUS-500014,البريد_الإلكتروني,EMAIL,user0015@bank-mail.example.com,replace
16,CUS-500015,الاسم_الكامل,PERSON_NAME,ابتسام العيسى,replace
16,CUS-500015,رقم_الهوية_أو_الإقامة,SAUDI_ID,2477501163,replace
16,CUS-500015,الجوال,MOBILE,0502377866,replace
16,CUS-500015,الآيبان,IBAN,SA3511297274843003576852,replace
16,CUS-500015,البريد_الإلكتروني,EMAIL,user0016@bank-mail.example.com,replace
17,CUS-500016,ملاحظات_الموظف,SAUDI_ID,1247100702,review
17,CUS-500016,الاسم_الكامل,PERSON_NAME,خلود الزامل,replace
17,CUS-500016,رقم_الهوية_أو_الإقامة,SAUDI_ID,1015634304,replace
17,CUS-500016,الجوال,MOBILE,0552390341,replace
17,CUS-500016,الآيبان,IBAN,SA4702058153269111857222,replace
17,CUS-500016,البريد_الإلكتروني,EMAIL,user0017@bank-mail.example.com,replace
18,CUS-500017,ملاحظات_الموظف,SAUDI_ID,1902786399,review
18,CUS-500017,الاسم_الكامل,PERSON_NAME,قصي الشهراني,replace
18,CUS-500017,رقم_الهوية_أو_الإقامة,SAUDI_ID,2286615105,replace
18,CUS-500017,الجوال,MOBILE,0551076948,replace
18,CUS-500017,الآيبان,IBAN,SA7177693876239075237489,replace
18,CUS-500017,البريد_الإلكتروني,EMAIL,user0018@bank-mail.example.com,replace
19,CUS-500018,الاسم_الكامل,PERSON_NAME,جواهر النعيمي,replace
19,CUS-500018,رقم_الهوية_أو_الإقامة,SAUDI_ID,2875272086,replace
19,CUS-500018,الجوال,MOBILE,0503946947,replace
19,CUS-500018,الآيبان,IBAN,SA7757619018188802380016,replace
19,CUS-500018,البريد_الإلكتروني,EMAIL,user0019@bank-mail.example.com,replace
20,CUS-500019,ملاحظات_الموظف,MOBILE,0595403386,replace
20,CUS-500019,الاسم_الكامل,PERSON_NAME,نورة الأنصاري,replace
20,CUS-500019,رقم_الهوية_أو_الإقامة,SAUDI_ID,1846836359,replace
20,CUS-500019,الجوال,MOBILE,0531237973,replace
20,CUS-500019,الآيبان,IBAN,SA1921801926651869879603,replace
20,CUS-500019,البريد_الإلكتروني,EMAIL,user0020@bank-mail.example.com,replace
21,CUS-500020,الاسم_الكامل,PERSON_NAME,فيصل المري,replace
21,CUS-500020,رقم_الهوية_أو_الإقامة,SAUDI_ID,2084432000,replace
21,CUS-500020,الجوال,MOBILE,0567997051,replace
21,CUS-500020,الآيبان,IBAN,SA4102499972275990175563,replace
21,CUS-500020,البريد_الإلكتروني,EMAIL,user0021@bank-mail.example.com,replace
22,CUS-500021,الاسم_الكامل,PERSON_NAME,سلمى الزامل,replace
22,CUS-500021,رقم_الهوية_أو_الإقامة,SAUDI_ID,1213132960,replace
22,CUS-500021,الجوال,MOBILE,0504191467,replace
22,CUS-500021,الآيبان,IBAN,SA3182356362289344474724,replace
22,CUS-500021,البريد_الإلكتروني,EMAIL,user0022@bank-mail.example.com,replace
23,CUS-500022,ملاحظات_الموظف,SAUDI_ID,1295189631,review
23,CUS-500022,الاسم_الكامل,PERSON_NAME,أمل العجمي,replace
23,CUS-500022,رقم_الهوية_أو_الإقامة,SAUDI_ID,1257991487,replace
23,CUS-500022,الجوال,MOBILE,0538666795,replace
23,CUS-500022,الآيبان,IBAN,SA2955749598072947058826,replace
23,CUS-500022,البريد_الإلكتروني,EMAIL,user0023@bank-mail.example.com,replace
24,CUS-500023,الاسم_الكامل,PERSON_NAME,معاذ البيشي,replace
24,CUS-500023,رقم_الهوية_أو_الإقامة,SAUDI_ID,1386741365,replace
24,CUS-500023,الجوال,MOBILE,0554759381,replace
24,CUS-500023,الآيبان,IBAN,SA5699581271678082776963,replace
24,CUS-500023,البريد_الإلكتروني,EMAIL,user0024@bank-mail.example.com,replace
25,CUS-500024,ملاحظات_الموظف,IBAN,SA3297684620878568625859,replace
25,CUS-500024,الاسم_الكامل,PERSON_NAME,معاذ العجمي,replace
25,CUS-500024,رقم_الهوية_أو_الإقامة,SAUDI_ID,2665031049,replace
25,CUS-500024,الجوال,MOBILE,0502838107,replace
25,CUS-500024,الآيبان,IBAN,SA5893848040659380585005,replace
25,CUS-500024,البريد_الإلكتروني,EMAIL,user0025@bank-mail.example.com,replace
26,CUS-500025,الاسم_الكامل,PERSON_NAME,أمل النعيمي,replace
26,CUS-500025,رقم_الهوية_أو_الإقامة,SAUDI_ID,1048431942,replace
26,CUS-500025,الجوال,MOBILE,0530508912,replace
26,CUS-500025,الآيبان,IBAN,SA3446016599418349878189,replace
26,CUS-500025,البريد_الإلكتروني,EMAIL,user0026@bank-mail.example.com,replace
27,CUS-500026,الاسم_الكامل,PERSON_NAME,تركي البيشي,replace
27,CUS-500026,رقم_الهوية_أو_الإقامة,SAUDI_ID,1491059158,replace
27,CUS-500026,الجوال,MOBILE,0544043858,replace
27,CUS-500026,الآيبان,IBAN,SA9746164514188711057018,replace
27,CUS-500026,البريد_الإلكتروني,EMAIL,user0027@bank-mail.example.com,replace
28,CUS-500027,ملاحظات_الموظف,SAUDI_ID,1935393502,review
28,CUS-500027,الاسم_الكامل,PERSON_NAME,ناصر الصقير,replace
28,CUS-500027,رقم_الهوية_أو_الإقامة,SAUDI_ID,2757652603,replace
28,CUS-500027,الجوال,MOBILE,0562913156,replace
28,CUS-500027,الآيبان,IBAN,SA7001477314754602413894,replace
28,CUS-500027,البريد_الإلكتروني,EMAIL,user0028@bank-mail.example.com,replace
29,CUS-500028,الاسم_الكامل,PERSON_NAME,حمد المري,replace
29,CUS-500028,رقم_الهوية_أو_الإقامة,SAUDI_ID,1127874954,replace
29,CUS-500028,الجوال,MOBILE,0558438431,replace
29,CUS-500028,الآيبان,IBAN,SA8113828555606299075374,replace
29,CUS-500028,البريد_الإلكتروني,EMAIL,user0029@bank-mail.example.com,replace
30,CUS-500029,ملاحظات_الموظف,SAUDI_ID,1050820537,review
30,CUS-500029,الاسم_الكامل,PERSON_NAME,عبدالرحمن العيسى,replace
30,CUS-500029,رقم_الهوية_أو_الإقامة,SAUDI_ID,1111849780,replace
30,CUS-500029,الجوال,MOBILE,0505180255,replace
30,CUS-500029,الآيبان,IBAN,SA3749499332641296289286,replace
30,CUS-500029,البريد_الإلكتروني,EMAIL,user0030@bank-mail.example.com,replace
31,CUS-500030,الاسم_الكامل,PERSON_NAME,سامي السديري,replace
31,CUS-500030,رقم_الهوية_أو_الإقامة,SAUDI_ID,1819410422,replace
31,CUS-500030,الجوال,MOBILE,0504898176,replace
31,CUS-500030,الآيبان,IBAN,SA0642418448272051337252,replace
31,CUS-500030,البريد_الإلكتروني,EMAIL,user0031@bank-mail.example.com,replace
32,CUS-500031,الاسم_الكامل,PERSON_NAME,حمد الكثيري,replace
32,CUS-500031,رقم_الهوية_أو_الإقامة,SAUDI_ID,2210823726,replace
32,CUS-500031,الجوال,MOBILE,0590173782,replace
32,CUS-500031,الآيبان,IBAN,SA2161225530182556422033,replace
32,CUS-500031,البريد_الإلكتروني,EMAIL,user0032@bank-mail.example.com,replace
33,CUS-500032,الاسم_الكامل,PERSON_NAME,تركي الشهراني,replace
33,CUS-500032,رقم_الهوية_أو_الإقامة,SAUDI_ID,1871862148,replace
33,CUS-500032,الجوال,MOBILE,0545714214,replace
33,CUS-500032,الآيبان,IBAN,SA9694720412816762090334,replace
33,CUS-500032,البريد_الإلكتروني,EMAIL,user0033@bank-mail.example.com,replace
34,CUS-500033,ملاحظات_الموظف,IBAN,SA0590651523442151942432,replace
34,CUS-500033,الاسم_الكامل,PERSON_NAME,أمل المري,replace
34,CUS-500033,رقم_الهوية_أو_الإقامة,SAUDI_ID,1971282189,replace
34,CUS-500033,الجوال,MOBILE,0545459946,replace
34,CUS-500033,الآيبان,IBAN,SA5961436459358726021292,replace
34,CUS-500033,البريد_الإلكتروني,EMAIL,user0034@bank-mail.example.com,replace
35,CUS-500034,الاسم_الكامل,PERSON_NAME,عبير التميمي,replace
35,CUS-500034,رقم_الهوية_أو_الإقامة,SAUDI_ID,1794052421,replace
35,CUS-500034,الجوال,MOBILE,0509351038,replace
35,CUS-500034,الآيبان,IBAN,SA1855723436443484645428,replace
35,CUS-500034,البريد_الإلكتروني,EMAIL,user0035@bank-mail.example.com,replace
36,CUS-500035,الاسم_الكامل,PERSON_NAME,يوسف باوزير,replace
36,CUS-500035,رقم_الهوية_أو_الإقامة,SAUDI_ID,1596488369,replace
36,CUS-500035,الجوال,MOBILE,0536857083,replace
36,CUS-500035,الآيبان,IBAN,SA2961981712308445810393,replace
36,CUS-500035,البريد_الإلكتروني,EMAIL,user0036@bank-mail.example.com,replace
37,CUS-500036,ملاحظات_الموظف,MOBILE,0592747105,replace
37,CUS-500036,الاسم_الكامل,PERSON_NAME,هالة الجبرين,replace
37,CUS-500036,رقم_الهوية_أو_الإقامة,SAUDI_ID,1361199753,replace
37,CUS-500036,الجوال,MOBILE,0543236803,replace
37,CUS-500036,الآيبان,IBAN,SA5753678612532369992258,replace
37,CUS-500036,البريد_الإلكتروني,EMAIL,user0037@bank-mail.example.com,replace
38,CUS-500037,ملاحظات_الموظف,MOBILE,0509820112,replace
38,CUS-500037,الاسم_الكامل,PERSON_NAME,أسامة المري,replace
38,CUS-500037,رقم_الهوية_أو_الإقامة,SAUDI_ID,1333400255,replace
38,CUS-500037,الجوال,MOBILE,0540817784,replace
38,CUS-500037,الآيبان,IBAN,SA9574891096265616896876,replace
38,CUS-500037,البريد_الإلكتروني,EMAIL,user0038@bank-mail.example.com,replace
39,CUS-500038,الاسم_الكامل,PERSON_NAME,جاسم النعيمي,replace
39,CUS-500038,رقم_الهوية_أو_الإقامة,SAUDI_ID,2134611082,replace
39,CUS-500038,الجوال,MOBILE,0543796021,replace
39,CUS-500038,الآيبان,IBAN,SA5326327629261303042914,replace
39,CUS-500038,البريد_الإلكتروني,EMAIL,user0039@bank-mail.example.com,replace
40,CUS-500039,الاسم_الكامل,PERSON_NAME,عبدالعزيز السديري,replace
40,CUS-500039,رقم_الهوية_أو_الإقامة,SAUDI_ID,1135144614,replace
40,CUS-500039,الجوال,MOBILE,0561748015,replace
40,CUS-500039,الآيبان,IBAN,SA1828265848751189845057,replace
40,CUS-500039,البريد_الإلكتروني,EMAIL,user0040@bank-mail.example.com,replace
41,CUS-500040,الاسم_الكامل,PERSON_NAME,تركي الجبرين,replace
41,CUS-500040,رقم_الهوية_أو_الإقامة,SAUDI_ID,1358714614,replace
41,CUS-500040,الجوال,MOBILE,0562661134,replace
41,CUS-500040,الآيبان,IBAN,SA7254775623354095629312,replace
41,CUS-500040,البريد_الإلكتروني,EMAIL,user0041@bank-mail.example.com,replace
42,CUS-500041,الاسم_الكامل,PERSON_NAME,سلمان الجبرين,replace
42,CUS-500041,رقم_الهوية_أو_الإقامة,SAUDI_ID,2788176382,replace
42,CUS-500041,الجوال,MOBILE,0560403162,replace
42,CUS-500041,الآيبان,IBAN,SA6270749846965090880204,replace
42,CUS-500041,البريد_الإلكتروني,EMAIL,user0042@bank-mail.example.com,replace
43,CUS-500042,ملاحظات_الموظف,IBAN,SA2840241830914114510532,replace
43,CUS-500042,الاسم_الكامل,PERSON_NAME,عبير الصقير,replace
43,CUS-500042,رقم_الهوية_أو_الإقامة,SAUDI_ID,1171123746,replace
43,CUS-500042,الجوال,MOBILE,0568556537,replace
43,CUS-500042,الآيبان,IBAN,SA4972642641208107132770,replace
43,CUS-500042,البريد_الإلكتروني,EMAIL,user0043@bank-mail.example.com,replace
44,CUS-500043,الاسم_الكامل,PERSON_NAME,يوسف الكثيري,replace
44,CUS-500043,رقم_الهوية_أو_الإقامة,SAUDI_ID,2025503448,replace
44,CUS-500043,الجوال,MOBILE,0533604979,replace
44,CUS-500043,الآيبان,IBAN,SA3262388795971131112949,replace
44,CUS-500043,البريد_الإلكتروني,EMAIL,user0044@bank-mail.example.com,replace
45,CUS-500044,ملاحظات_الموظف,MOBILE,0540346923,replace
45,CUS-500044,الاسم_الكامل,PERSON_NAME,حصة السديري,replace
45,CUS-500044,رقم_الهوية_أو_الإقامة,SAUDI_ID,1683992414,replace
45,CUS-500044,الجوال,MOBILE,0544321985,replace
45,CUS-500044,الآيبان,IBAN,SA8473016627610855605461,replace
45,CUS-500044,البريد_الإلكتروني,EMAIL,user0045@bank-mail.example.com,replace
46,CUS-500045,الاسم_الكامل,PERSON_NAME,ابتسام الزامل,replace
46,CUS-500045,رقم_الهوية_أو_الإقامة,SAUDI_ID,2886515648,replace
46,CUS-500045,الجوال,MOBILE,0594218883,replace
46,CUS-500045,الآيبان,IBAN,SA0311538024470752813945,replace
46,CUS-500045,البريد_الإلكتروني,EMAIL,user0046@bank-mail.example.com,replace
47,CUS-500046,الاسم_الكامل,PERSON_NAME,يوسف السديري,replace
47,CUS-500046,رقم_الهوية_أو_الإقامة,SAUDI_ID,1661947596,replace
47,CUS-500046,الجوال,MOBILE,0507596525,replace
47,CUS-500046,الآيبان,IBAN,SA1911549832055504968944,replace
47,CUS-500046,البريد_الإلكتروني,EMAIL,user0047@bank-mail.example.com,replace
48,CUS-500047,الاسم_الكامل,PERSON_NAME,عبدالرحمن العجمي,replace
48,CUS-500047,رقم_الهوية_أو_الإقامة,SAUDI_ID,1576324956,replace
48,CUS-500047,الجوال,MOBILE,0592395244,replace
48,CUS-500047,الآيبان,IBAN,SA5183347793130414564122,replace
48,CUS-500047,البريد_الإلكتروني,EMAIL,user0048@bank-mail.example.com,replace
49,CUS-500048,الاسم_الكامل,PERSON_NAME,فيصل التميمي,replace
49,CUS-500048,رقم_الهوية_أو_الإقامة,SAUDI_ID,1595859420,replace
49,CUS-500048,الجوال,MOBILE,0560484370,replace
49,CUS-500048,الآيبان,IBAN,SA9590648325491815464198,replace
49,CUS-500048,البريد_الإلكتروني,EMAIL,user0049@bank-mail.example.com,replace
50,CUS-500049,الاسم_الكامل,PERSON_NAME,روان الشهراني,replace
50,CUS-500049,رقم_الهوية_أو_الإقامة,SAUDI_ID,2512702669,replace
50,CUS-500049,الجوال,MOBILE,0535708418,replace
50,CUS-500049,الآيبان,IBAN,SA4994470164820492333347,replace
50,CUS-500049,البريد_الإلكتروني,EMAIL,user0050@bank-mail.example.com,replace
51,CUS-500050,ملاحظات_الموظف,MOBILE,0531340341,replace
51,CUS-500050,الاسم_الكامل,PERSON_NAME,ناصر الجبرين,replace
51,CUS-500050,رقم_الهوية_أو_الإقامة,SAUDI_ID,1165205038,replace
51,CUS-500050,الجوال,MOBILE,0507599122,replace
51,CUS-500050,الآيبان,IBAN,SA4433369497657399259639,replace
51,CUS-500050,البريد_الإلكتروني,EMAIL,user0051@bank-mail.example.com,replace
52,CUS-500051,الاسم_الكامل,PERSON_NAME,أسماء الشهراني,replace
52,CUS-500051,رقم_الهوية_أو_الإقامة,SAUDI_ID,1783355793,replace
52,CUS-500051,الجوال,MOBILE,0556569263,replace
52,CUS-500051,الآيبان,IBAN,SA6949522055993046813123,replace
52,CUS-500051,البريد_الإلكتروني,EMAIL,user0052@bank-mail.example.com,replace
53,CUS-500052,الاسم_الكامل,PERSON_NAME,عبير العيسى,replace
53,CUS-500052,رقم_الهوية_أو_الإقامة,SAUDI_ID,1435940174,replace
53,CUS-500052,الجوال,MOBILE,0501851462,replace
53,CUS-500052,الآيبان,IBAN,SA4863430790273070592696,replace
53,CUS-500052,البريد_الإلكتروني,EMAIL,user0053@bank-mail.example.com,replace
54,CUS-500053,الاسم_الكامل,PERSON_NAME,سامي الخثعمي,replace
54,CUS-500053,رقم_الهوية_أو_الإقامة,SAUDI_ID,1312358276,replace
54,CUS-500053,الجوال,MOBILE,0502674067,replace
54,CUS-500053,الآيبان,IBAN,SA1835969634695046487973,replace
54,CUS-500053,البريد_الإلكتروني,EMAIL,user0054@bank-mail.example.com,replace
55,CUS-500054,الاسم_الكامل,PERSON_NAME,سلمى الأنصاري,replace
55,CUS-500054,رقم_الهوية_أو_الإقامة,SAUDI_ID,1244863286,replace
55,CUS-500054,الجوال,MOBILE,0503128761,replace
55,CUS-500054,الآيبان,IBAN,SA2136113117570072474074,replace
55,CUS-500054,البريد_الإلكتروني,EMAIL,user0055@bank-mail.example.com,replace
56,CUS-500055,ملاحظات_الموظف,IBAN,SA6652726056492121573279,replace
56,CUS-500055,الاسم_الكامل,PERSON_NAME,جاسم البيشي,replace
56,CUS-500055,رقم_الهوية_أو_الإقامة,SAUDI_ID,1119202545,replace
56,CUS-500055,الجوال,MOBILE,0546278331,replace
56,CUS-500055,الآيبان,IBAN,SA2737621592586894576413,replace
56,CUS-500055,البريد_الإلكتروني,EMAIL,user0056@bank-mail.example.com,replace
57,CUS-500056,الاسم_الكامل,PERSON_NAME,ليان العيسى,replace
57,CUS-500056,رقم_الهوية_أو_الإقامة,SAUDI_ID,1640194088,replace
57,CUS-500056,الجوال,MOBILE,0560768176,replace
57,CUS-500056,الآيبان,IBAN,SA5647344971561624665508,replace
57,CUS-500056,البريد_الإلكتروني,EMAIL,user0057@bank-mail.example.com,replace
58,CUS-500057,الاسم_الكامل,PERSON_NAME,نورة الشهراني,replace
58,CUS-500057,رقم_الهوية_أو_الإقامة,SAUDI_ID,1162775975,replace
58,CUS-500057,الجوال,MOBILE,0551161485,replace
58,CUS-500057,الآيبان,IBAN,SA5778196955900119724777,replace
58,CUS-500057,البريد_الإلكتروني,EMAIL,user0058@bank-mail.example.com,replace
59,CUS-500058,الاسم_الكامل,PERSON_NAME,هالة الكثيري,replace
59,CUS-500058,رقم_الهوية_أو_الإقامة,SAUDI_ID,2668946458,replace
59,CUS-500058,الجوال,MOBILE,0549355516,replace
59,CUS-500058,الآيبان,IBAN,SA8378045517015909701624,replace
59,CUS-500058,البريد_الإلكتروني,EMAIL,user0059@bank-mail.example.com,replace
60,CUS-500059,ملاحظات_الموظف,MOBILE,0548924234,replace
60,CUS-500059,الاسم_الكامل,PERSON_NAME,جواهر العيسى,replace
60,CUS-500059,رقم_الهوية_أو_الإقامة,SAUDI_ID,1025776046,replace
60,CUS-500059,الجوال,MOBILE,0564960307,replace
60,CUS-500059,الآيبان,IBAN,SA8641650437019375070464,replace
60,CUS-500059,البريد_الإلكتروني,EMAIL,user0060@bank-mail.example.com,replace
61,CUS-500060,ملاحظات_الموظف,MOBILE,0560803666,replace
61,CUS-500060,الاسم_الكامل,PERSON_NAME,أمل الهاجري,replace
61,CUS-500060,رقم_الهوية_أو_الإقامة,SAUDI_ID,1011580634,replace
61,CUS-500060,الجوال,MOBILE,0551482024,replace
61,CUS-500060,الآيبان,IBAN,SA7010760263396003877550,replace
61,CUS-500060,البريد_الإلكتروني,EMAIL,user0061@bank-mail.example.com,replace
62,CUS-500061,الاسم_الكامل,PERSON_NAME,يوسف الكثيري,replace
62,CUS-500061,رقم_الهوية_أو_الإقامة,SAUDI_ID,2988001315,replace
62,CUS-500061,الجوال,MOBILE,0599833456,replace
62,CUS-500061,الآيبان,IBAN,SA5873202049411087484599,replace
62,CUS-500061,البريد_الإلكتروني,EMAIL,user0062@bank-mail.example.com,replace
63,CUS-500062,الاسم_الكامل,PERSON_NAME,دلال البيشي,replace
63,CUS-500062,رقم_الهوية_أو_الإقامة,SAUDI_ID,1799031818,replace
63,CUS-500062,الجوال,MOBILE,0533944714,replace
63,CUS-500062,الآيبان,IBAN,SA8411098004341156626494,replace
63,CUS-500062,البريد_الإلكتروني,EMAIL,user0063@bank-mail.example.com,replace
64,CUS-500063,ملاحظات_الموظف,SAUDI_ID,1136753579,review
64,CUS-500063,الاسم_الكامل,PERSON_NAME,جاسم الخثعمي,replace
64,CUS-500063,رقم_الهوية_أو_الإقامة,SAUDI_ID,1546005834,replace
64,CUS-500063,الجوال,MOBILE,0552493559,replace
64,CUS-500063,الآيبان,IBAN,SA1534480656771359362283,replace
64,CUS-500063,البريد_الإلكتروني,EMAIL,user0064@bank-mail.example.com,replace
65,CUS-500064,الاسم_الكامل,PERSON_NAME,نواف الهاجري,replace
65,CUS-500064,رقم_الهوية_أو_الإقامة,SAUDI_ID,1008430223,replace
65,CUS-500064,الجوال,MOBILE,0552157451,replace
65,CUS-500064,الآيبان,IBAN,SA7522384952603238724520,replace
65,CUS-500064,البريد_الإلكتروني,EMAIL,user0065@bank-mail.example.com,replace
66,CUS-500065,الاسم_الكامل,PERSON_NAME,حصة العيسى,replace
66,CUS-500065,رقم_الهوية_أو_الإقامة,SAUDI_ID,1820815015,replace
66,CUS-500065,الجوال,MOBILE,0547251540,replace
66,CUS-500065,الآيبان,IBAN,SA2196581444571428837420,replace
66,CUS-500065,البريد_الإلكتروني,EMAIL,user0066@bank-mail.example.com,replace
67,CUS-500066,ملاحظات_الموظف,SAUDI_ID,1978628525,review
67,CUS-500066,الاسم_الكامل,PERSON_NAME,جواهر المري,replace
67,CUS-500066,رقم_الهوية_أو_الإقامة,SAUDI_ID,1722478334,replace
67,CUS-500066,الجوال,MOBILE,0544849636,replace
67,CUS-500066,الآيبان,IBAN,SA9126457885837313142339,replace
67,CUS-500066,البريد_الإلكتروني,EMAIL,user0067@bank-mail.example.com,replace
68,CUS-500067,ملاحظات_الموظف,IBAN,SA2033281661843341770023,replace
68,CUS-500067,الاسم_الكامل,PERSON_NAME,أسامة العجمي,replace
68,CUS-500067,رقم_الهوية_أو_الإقامة,SAUDI_ID,1626077760,replace
68,CUS-500067,الجوال,MOBILE,0562589493,replace
68,CUS-500067,الآيبان,IBAN,SA7312540071542209035602,replace
68,CUS-500067,البريد_الإلكتروني,EMAIL,user0068@bank-mail.example.com,replace
69,CUS-500068,الاسم_الكامل,PERSON_NAME,عبدالعزيز النعيمي,replace
69,CUS-500068,رقم_الهوية_أو_الإقامة,SAUDI_ID,1841950999,replace
69,CUS-500068,الجوال,MOBILE,0551150143,replace
69,CUS-500068,الآيبان,IBAN,SA2672829506752469433243,replace
69,CUS-500068,البريد_الإلكتروني,EMAIL,user0069@bank-mail.example.com,replace
70,CUS-500069,الاسم_الكامل,PERSON_NAME,نواف الشهراني,replace
70,CUS-500069,رقم_الهوية_أو_الإقامة,SAUDI_ID,1323791754,replace
70,CUS-500069,الجوال,MOBILE,0557903832,replace
70,CUS-500069,الآيبان,IBAN,SA2358326238366591419201,replace
70,CUS-500069,البريد_الإلكتروني,EMAIL,user0070@bank-mail.example.com,replace
71,CUS-500070,الاسم_الكامل,PERSON_NAME,دلال الشهراني,replace
71,CUS-500070,رقم_الهوية_أو_الإقامة,SAUDI_ID,1542190531,replace
71,CUS-500070,الجوال,MOBILE,0553772524,replace
71,CUS-500070,الآيبان,IBAN,SA4388885539404675860122,replace
71,CUS-500070,البريد_الإلكتروني,EMAIL,user0071@bank-mail.example.com,replace
72,CUS-500071,الاسم_الكامل,PERSON_NAME,جاسم النعيمي,replace
72,CUS-500071,رقم_الهوية_أو_الإقامة,SAUDI_ID,1907764714,replace
72,CUS-500071,الجوال,MOBILE,0503341753,replace
72,CUS-500071,الآيبان,IBAN,SA0440467373328203238234,replace
72,CUS-500071,البريد_الإلكتروني,EMAIL,user0072@bank-mail.example.com,replace
73,CUS-500072,الاسم_الكامل,PERSON_NAME,عبير الأنصاري,replace
73,CUS-500072,رقم_الهوية_أو_الإقامة,SAUDI_ID,1054359250,replace
73,CUS-500072,الجوال,MOBILE,0500411624,replace
73,CUS-500072,الآيبان,IBAN,SA5517493191183830881314,replace
73,CUS-500072,البريد_الإلكتروني,EMAIL,user0073@bank-mail.example.com,replace
74,CUS-500073,الاسم_الكامل,PERSON_NAME,إبراهيم الكثيري,replace
74,CUS-500073,رقم_الهوية_أو_الإقامة,SAUDI_ID,2627374131,replace
74,CUS-500073,الجوال,MOBILE,0565923314,replace
74,CUS-500073,الآيبان,IBAN,SA8824106784436369687601,replace
74,CUS-500073,البريد_الإلكتروني,EMAIL,user0074@bank-mail.example.com,replace
75,CUS-500074,الاسم_الكامل,PERSON_NAME,عبدالعزيز العيسى,replace
75,CUS-500074,رقم_الهوية_أو_الإقامة,SAUDI_ID,1393851587,replace
75,CUS-500074,الجوال,MOBILE,0590186410,replace
75,CUS-500074,الآيبان,IBAN,SA0576769792654978163613,replace
75,CUS-500074,البريد_الإلكتروني,EMAIL,user0075@bank-mail.example.com,replace
76,CUS-500075,الاسم_الكامل,PERSON_NAME,روان الأنصاري,replace
76,CUS-500075,رقم_الهوية_أو_الإقامة,SAUDI_ID,1502228545,replace
76,CUS-500075,الجوال,MOBILE,0568420432,replace
76,CUS-500075,الآيبان,IBAN,SA6038008780355618228787,replace
76,CUS-500075,البريد_الإلكتروني,EMAIL,user0076@bank-mail.example.com,replace
77,CUS-500076,الاسم_الكامل,PERSON_NAME,سلمى الأنصاري,replace
77,CUS-500076,رقم_الهوية_أو_الإقامة,SAUDI_ID,1292393707,replace
77,CUS-500076,الجوال,MOBILE,0508329699,replace
77,CUS-500076,الآيبان,IBAN,SA5884674896835060672608,replace
77,CUS-500076,البريد_الإلكتروني,EMAIL,user0077@bank-mail.example.com,replace
78,CUS-500077,ملاحظات_الموظف,MOBILE,0552795638,replace
78,CUS-500077,الاسم_الكامل,PERSON_NAME,جاسم المري,replace
78,CUS-500077,رقم_الهوية_أو_الإقامة,SAUDI_ID,1288572199,replace
78,CUS-500077,الجوال,MOBILE,0567568061,replace
78,CUS-500077,الآيبان,IBAN,SA0656623865491046181541,replace
78,CUS-500077,البريد_الإلكتروني,EMAIL,user0078@bank-mail.example.com,replace
79,CUS-500078,الاسم_الكامل,PERSON_NAME,دلال الخثعمي,replace
79,CUS-500078,رقم_الهوية_أو_الإقامة,SAUDI_ID,1662824075,replace
79,CUS-500078,الجوال,MOBILE,0594537280,replace
79,CUS-500078,الآيبان,IBAN,SA3238487208817380968134,replace
79,CUS-500078,البريد_الإلكتروني,EMAIL,user0079@bank-mail.example.com,replace
80,CUS-500079,الاسم_الكامل,PERSON_NAME,حصة التميمي,replace
80,CUS-500079,رقم_الهوية_أو_الإقامة,SAUDI_ID,2939796401,replace
80,CUS-500079,الجوال,MOBILE,0538146795,replace
80,CUS-500079,الآيبان,IBAN,SA8300546694551048825075,replace
80,CUS-500079,البريد_الإلكتروني,EMAIL,user0080@bank-mail.example.com,replace
81,CUS-500080,ملاحظات_الموظف,MOBILE,0597571238,replace
81,CUS-500080,الاسم_الكامل,PERSON_NAME,عبير باوزير,replace
81,CUS-500080,رقم_الهوية_أو_الإقامة,SAUDI_ID,1662440203,replace
81,CUS-500080,الجوال,MOBILE,0532469860,replace
81,CUS-500080,الآيبان,IBAN,SA3129705402374932970262,replace
81,CUS-500080,البريد_الإلكتروني,EMAIL,user0081@bank-mail.example.com,replace
82,CUS-500081,الاسم_الكامل,PERSON_NAME,يوسف الصقير,replace
82,CUS-500081,رقم_الهوية_أو_الإقامة,SAUDI_ID,1866750183,replace
82,CUS-500081,الجوال,MOBILE,0502140173,replace
82,CUS-500081,الآيبان,IBAN,SA4186961131607853500791,replace
82,CUS-500081,البريد_الإلكتروني,EMAIL,user0082@bank-mail.example.com,replace
83,CUS-500082,الاسم_الكامل,PERSON_NAME,سامي الهاجري,replace
83,CUS-500082,رقم_الهوية_أو_الإقامة,SAUDI_ID,1010885711,replace
83,CUS-500082,الجوال,MOBILE,0567919713,replace
83,CUS-500082,الآيبان,IBAN,SA7868626621904549983851,replace
83,CUS-500082,البريد_الإلكتروني,EMAIL,user0083@bank-mail.example.com,replace
84,CUS-500083,الاسم_الكامل,PERSON_NAME,فاطمة الجبرين,replace
84,CUS-500083,رقم_الهوية_أو_الإقامة,SAUDI_ID,1172225821,replace
84,CUS-500083,الجوال,MOBILE,0502836982,replace
84,CUS-500083,الآيبان,IBAN,SA3216473867260358516148,replace
84,CUS-500083,البريد_الإلكتروني,EMAIL,user0084@bank-mail.example.com,replace
85,CUS-500084,الاسم_الكامل,PERSON_NAME,ابتسام الخثعمي,replace
85,CUS-500084,رقم_الهوية_أو_الإقامة,SAUDI_ID,1000652576,replace
85,CUS-500084,الجوال,MOBILE,0557015888,replace
85,CUS-500084,الآيبان,IBAN,SA0917674409427638208533,replace
85,CUS-500084,البريد_الإلكتروني,EMAIL,user0085@bank-mail.example.com,replace
86,CUS-500085,ملاحظات_الموظف,SAUDI_ID,1082689017,review
86,CUS-500085,الاسم_الكامل,PERSON_NAME,إبراهيم الأنصاري,replace
86,CUS-500085,رقم_الهوية_أو_الإقامة,SAUDI_ID,1222274548,replace
86,CUS-500085,الجوال,MOBILE,0568167813,replace
86,CUS-500085,الآيبان,IBAN,SA8902930719559876869379,replace
86,CUS-500085,البريد_الإلكتروني,EMAIL,user0086@bank-mail.example.com,replace
87,CUS-500086,الاسم_الكامل,PERSON_NAME,خلود النعيمي,replace
87,CUS-500086,رقم_الهوية_أو_الإقامة,SAUDI_ID,2331031449,replace
87,CUS-500086,الجوال,MOBILE,0540864014,replace
87,CUS-500086,الآيبان,IBAN,SA5077708596147970553553,replace
87,CUS-500086,البريد_الإلكتروني,EMAIL,user0087@bank-mail.example.com,replace
88,CUS-500087,الاسم_الكامل,PERSON_NAME,روان الأنصاري,replace
88,CUS-500087,رقم_الهوية_أو_الإقامة,SAUDI_ID,2315450227,replace
88,CUS-500087,الجوال,MOBILE,0509971069,replace
88,CUS-500087,الآيبان,IBAN,SA1608153462780652903025,replace
88,CUS-500087,البريد_الإلكتروني,EMAIL,user0088@bank-mail.example.com,replace
89,CUS-500088,الاسم_الكامل,PERSON_NAME,مشاعل الشهراني,replace
89,CUS-500088,رقم_الهوية_أو_الإقامة,SAUDI_ID,1844912988,replace
89,CUS-500088,الجوال,MOBILE,0561696275,replace
89,CUS-500088,الآيبان,IBAN,SA7573288972298444677378,replace
89,CUS-500088,البريد_الإلكتروني,EMAIL,user0089@bank-mail.example.com,replace
90,CUS-500089,ملاحظات_الموظف,IBAN,SA6475987415329287868553,replace
90,CUS-500089,الاسم_الكامل,PERSON_NAME,نورة الأنصاري,replace
90,CUS-500089,رقم_الهوية_أو_الإقامة,SAUDI_ID,2882872910,replace
90,CUS-500089,الجوال,MOBILE,0531980825,replace
90,CUS-500089,الآيبان,IBAN,SA3136231034724368056956,replace
90,CUS-500089,البريد_الإلكتروني,EMAIL,user0090@bank-mail.example.com,replace
91,CUS-500090,الاسم_الكامل,PERSON_NAME,مشاعل الأنصاري,replace
91,CUS-500090,رقم_الهوية_أو_الإقامة,SAUDI_ID,2526035551,replace
91,CUS-500090,الجوال,MOBILE,0502774804,replace
91,CUS-500090,الآيبان,IBAN,SA1538722809656531398622,replace
91,CUS-500090,البريد_الإلكتروني,EMAIL,user0091@bank-mail.example.com,replace
92,CUS-500091,الاسم_الكامل,PERSON_NAME,أمل باوزير,replace
92,CUS-500091,رقم_الهوية_أو_الإقامة,SAUDI_ID,1800226167,replace
92,CUS-500091,الجوال,MOBILE,0530193452,replace
92,CUS-500091,الآيبان,IBAN,SA6002199180730617685418,replace
92,CUS-500091,البريد_الإلكتروني,EMAIL,user0092@bank-mail.example.com,replace
93,CUS-500092,الاسم_الكامل,PERSON_NAME,مشاعل باوزير,replace
93,CUS-500092,رقم_الهوية_أو_الإقامة,SAUDI_ID,1824462822,replace
93,CUS-500092,الجوال,MOBILE,0596345717,replace
93,CUS-500092,الآيبان,IBAN,SA9335653879698804710331,replace
93,CUS-500092,البريد_الإلكتروني,EMAIL,user0093@bank-mail.example.com,replace
94,CUS-500093,الاسم_الكامل,PERSON_NAME,قصي السديري,replace
94,CUS-500093,رقم_الهوية_أو_الإقامة,SAUDI_ID,1860385747,replace
94,CUS-500093,الجوال,MOBILE,0508344114,replace
94,CUS-500093,الآيبان,IBAN,SA7115751863510805495169,replace
94,CUS-500093,البريد_الإلكتروني,EMAIL,user0094@bank-mail.example.com,replace
95,CUS-500094,الاسم_الكامل,PERSON_NAME,سلمى باوزير,replace
95,CUS-500094,رقم_الهوية_أو_الإقامة,SAUDI_ID,1831378524,replace
95,CUS-500094,الجوال,MOBILE,0597596113,replace
95,CUS-500094,الآيبان,IBAN,SA3245080347853984340059,replace
95,CUS-500094,البريد_الإلكتروني,EMAIL,user0095@bank-mail.example.com,replace
96,CUS-500095,ملاحظات_الموظف,MOBILE,0540592043,replace
96,CUS-500095,الاسم_الكامل,PERSON_NAME,أسماء العجمي,replace
96,CUS-500095,رقم_الهوية_أو_الإقامة,SAUDI_ID,2359263601,replace
96,CUS-500095,الجوال,MOBILE,0507178397,replace
96,CUS-500095,الآيبان,IBAN,SA9136463228042848416989,replace
96,CUS-500095,البريد_الإلكتروني,EMAIL,user0096@bank-mail.example.com,replace
97,CUS-500096,الاسم_الكامل,PERSON_NAME,نواف الكثيري,replace
97,CUS-500096,رقم_الهوية_أو_الإقامة,SAUDI_ID,2853815252,replace
97,CUS-500096,الجوال,MOBILE,0506578872,replace
97,CUS-500096,الآيبان,IBAN,SA1530526533352377526076,replace
97,CUS-500096,البريد_الإلكتروني,EMAIL,user0097@bank-mail.example.com,replace
98,CUS-500097,ملاحظات_الموظف,IBAN,SA7465155196040200194665,replace
98,CUS-500097,الاسم_الكامل,PERSON_NAME,ابتسام الصقير,replace
98,CUS-500097,رقم_الهوية_أو_الإقامة,SAUDI_ID,1805225339,replace
98,CUS-500097,الجوال,MOBILE,0562496854,replace
98,CUS-500097,الآيبان,IBAN,SA0583239817754226879651,replace
98,CUS-500097,البريد_الإلكتروني,EMAIL,user0098@bank-mail.example.com,replace
99,CUS-500098,الاسم_الكامل,PERSON_NAME,سامي المري,replace
99,CUS-500098,رقم_الهوية_أو_الإقامة,SAUDI_ID,1419811755,replace
99,CUS-500098,الجوال,MOBILE,0532304096,replace
99,CUS-500098,الآيبان,IBAN,SA1680904868976168693241,replace
99,CUS-500098,البريد_الإلكتروني,EMAIL,user0099@bank-mail.example.com,replace
100,CUS-500099,الاسم_الكامل,PERSON_NAME,أسامة الكثيري,replace
100,CUS-500099,رقم_الهوية_أو_الإقامة,SAUDI_ID,1885584134,replace
100,CUS-500099,الجوال,MOBILE,0537365930,replace
100,CUS-500099,الآيبان,IBAN,SA2250996882284283301755,replace
100,CUS-500099,البريد_الإلكتروني,EMAIL,user0100@bank-mail.example.com,replace
101,CUS-500100,الاسم_الكامل,PERSON_NAME,يوسف السديري,replace
101,CUS-500100,رقم_الهوية_أو_الإقامة,SAUDI_ID,1387191602,replace
101,CUS-500100,الجوال,MOBILE,0568916450,replace
101,CUS-500100,الآيبان,IBAN,SA6978217191044052152529,replace
101,CUS-500100,البريد_الإلكتروني,EMAIL,user0101@bank-mail.example.com,replace
102,CUS-500101,ملاحظات_الموظف,SAUDI_ID,1592970857,review
102,CUS-500101,الاسم_الكامل,PERSON_NAME,أسماء باوزير,replace
102,CUS-500101,رقم_الهوية_أو_الإقامة,SAUDI_ID,1748229794,replace
102,CUS-500101,الجوال,MOBILE,0535070391,replace
102,CUS-500101,الآيبان,IBAN,SA7023499376127950728713,replace
102,CUS-500101,البريد_الإلكتروني,EMAIL,user0102@bank-mail.example.com,replace
103,CUS-500102,الاسم_الكامل,PERSON_NAME,إبراهيم الأنصاري,replace
103,CUS-500102,رقم_الهوية_أو_الإقامة,SAUDI_ID,1865307977,replace
103,CUS-500102,الجوال,MOBILE,0593504208,replace
103,CUS-500102,الآيبان,IBAN,SA0481724128415855722891,replace
103,CUS-500102,البريد_الإلكتروني,EMAIL,user0103@bank-mail.example.com,replace
104,CUS-500103,الاسم_الكامل,PERSON_NAME,ابتسام التميمي,replace
104,CUS-500103,رقم_الهوية_أو_الإقامة,SAUDI_ID,1134834702,replace
104,CUS-500103,الجوال,MOBILE,0599295222,replace
104,CUS-500103,الآيبان,IBAN,SA2056881882098978917022,replace
104,CUS-500103,البريد_الإلكتروني,EMAIL,user0104@bank-mail.example.com,replace
105,CUS-500104,ملاحظات_الموظف,MOBILE,0543788318,replace
105,CUS-500104,الاسم_الكامل,PERSON_NAME,سامي باوزير,replace
105,CUS-500104,رقم_الهوية_أو_الإقامة,SAUDI_ID,2454237591,replace
105,CUS-500104,الجوال,MOBILE,0539184343,replace
105,CUS-500104,الآيبان,IBAN,SA8063875749767879726499,replace
105,CUS-500104,البريد_الإلكتروني,EMAIL,user0105@bank-mail.example.com,replace
106,CUS-500105,الاسم_الكامل,PERSON_NAME,نورة الزامل,replace
106,CUS-500105,رقم_الهوية_أو_الإقامة,SAUDI_ID,1894592722,replace
106,CUS-500105,الجوال,MOBILE,0561214516,replace
106,CUS-500105,الآيبان,IBAN,SA8644170417505862618643,replace
106,CUS-500105,البريد_الإلكتروني,EMAIL,user0106@bank-mail.example.com,replace
107,CUS-500106,ملاحظات_الموظف,IBAN,SA4742592078304706992764,replace
107,CUS-500106,الاسم_الكامل,PERSON_NAME,فاطمة البيشي,replace
107,CUS-500106,رقم_الهوية_أو_الإقامة,SAUDI_ID,1595422799,replace
107,CUS-500106,الجوال,MOBILE,0558768749,replace
107,CUS-500106,الآيبان,IBAN,SA2173209306658654390872,replace
107,CUS-500106,البريد_الإلكتروني,EMAIL,user0107@bank-mail.example.com,replace
108,CUS-500107,الاسم_الكامل,PERSON_NAME,معاذ الكثيري,replace
108,CUS-500107,رقم_الهوية_أو_الإقامة,SAUDI_ID,2997793076,replace
108,CUS-500107,الجوال,MOBILE,0504292463,replace
108,CUS-500107,الآيبان,IBAN,SA4731449900559460428594,replace
108,CUS-500107,البريد_الإلكتروني,EMAIL,user0108@bank-mail.example.com,replace
109,CUS-500108,ملاحظات_الموظف,IBAN,SA1159612730256307463688,replace
109,CUS-500108,الاسم_الكامل,PERSON_NAME,دلال العجمي,replace
109,CUS-500108,رقم_الهوية_أو_الإقامة,SAUDI_ID,1156865345,replace
109,CUS-500108,الجوال,MOBILE,0564197569,replace
109,CUS-500108,الآيبان,IBAN,SA4841188607460092399871,replace
109,CUS-500108,البريد_الإلكتروني,EMAIL,user0109@bank-mail.example.com,replace
110,CUS-500109,الاسم_الكامل,PERSON_NAME,عبدالعزيز الأنصاري,replace
110,CUS-500109,رقم_الهوية_أو_الإقامة,SAUDI_ID,1862569181,replace
110,CUS-500109,الجوال,MOBILE,0505055637,replace
110,CUS-500109,الآيبان,IBAN,SA9594542535504540323281,replace
110,CUS-500109,البريد_الإلكتروني,EMAIL,user0110@bank-mail.example.com,replace
111,CUS-500110,الاسم_الكامل,PERSON_NAME,معاذ الكثيري,replace
111,CUS-500110,رقم_الهوية_أو_الإقامة,SAUDI_ID,1112622186,replace
111,CUS-500110,الجوال,MOBILE,0593519644,replace
111,CUS-500110,الآيبان,IBAN,SA9677736365874395291049,replace
111,CUS-500110,البريد_الإلكتروني,EMAIL,user0111@bank-mail.example.com,replace
112,CUS-500111,الاسم_الكامل,PERSON_NAME,هاني الصقير,replace
112,CUS-500111,رقم_الهوية_أو_الإقامة,SAUDI_ID,1781871890,replace
112,CUS-500111,الجوال,MOBILE,0546017671,replace
112,CUS-500111,الآيبان,IBAN,SA9070905328673537062530,replace
112,CUS-500111,البريد_الإلكتروني,EMAIL,user0112@bank-mail.example.com,replace
113,CUS-500112,الاسم_الكامل,PERSON_NAME,ليان النعيمي,replace
113,CUS-500112,رقم_الهوية_أو_الإقامة,SAUDI_ID,2670540125,replace
113,CUS-500112,الجوال,MOBILE,0559375734,replace
113,CUS-500112,الآيبان,IBAN,SA1099457362112898970712,replace
113,CUS-500112,البريد_الإلكتروني,EMAIL,user0113@bank-mail.example.com,replace
114,CUS-500113,ملاحظات_الموظف,MOBILE,0558514652,replace
114,CUS-500113,الاسم_الكامل,PERSON_NAME,حصة البيشي,replace
114,CUS-500113,رقم_الهوية_أو_الإقامة,SAUDI_ID,1068731353,replace
114,CUS-500113,الجوال,MOBILE,0507808554,replace
114,CUS-500113,الآيبان,IBAN,SA3854690588437965520529,replace
114,CUS-500113,البريد_الإلكتروني,EMAIL,user0114@bank-mail.example.com,replace
115,CUS-500114,ملاحظات_الموظف,MOBILE,0592059485,replace
115,CUS-500114,الاسم_الكامل,PERSON_NAME,نواف الهاجري,replace
115,CUS-500114,رقم_الهوية_أو_الإقامة,SAUDI_ID,1899863920,replace
115,CUS-500114,الجوال,MOBILE,0550944299,replace
115,CUS-500114,الآيبان,IBAN,SA8630075955719443640780,replace
115,CUS-500114,البريد_الإلكتروني,EMAIL,user0115@bank-mail.example.com,replace
116,CUS-500115,الاسم_الكامل,PERSON_NAME,يوسف الشهراني,replace
116,CUS-500115,رقم_الهوية_أو_الإقامة,SAUDI_ID,2466237472,replace
116,CUS-500115,الجوال,MOBILE,0590053183,replace
116,CUS-500115,الآيبان,IBAN,SA0419283482069693765607,replace
116,CUS-500115,البريد_الإلكتروني,EMAIL,user0116@bank-mail.example.com,replace
117,CUS-500116,الاسم_الكامل,PERSON_NAME,أمل الشهراني,replace
117,CUS-500116,رقم_الهوية_أو_الإقامة,SAUDI_ID,2596660833,replace
117,CUS-500116,الجوال,MOBILE,0543810614,replace
117,CUS-500116,الآيبان,IBAN,SA7183343028123912982610,replace
117,CUS-500116,البريد_الإلكتروني,EMAIL,user0117@bank-mail.example.com,replace
118,CUS-500117,الاسم_الكامل,PERSON_NAME,ناصر باوزير,replace
118,CUS-500117,رقم_الهوية_أو_الإقامة,SAUDI_ID,1458306956,replace
118,CUS-500117,الجوال,MOBILE,0503917917,replace
118,CUS-500117,الآيبان,IBAN,SA4362940631633291941945,replace
118,CUS-500117,البريد_الإلكتروني,EMAIL,user0118@bank-mail.example.com,replace
119,CUS-500118,الاسم_الكامل,PERSON_NAME,فاطمة العيسى,replace
119,CUS-500118,رقم_الهوية_أو_الإقامة,SAUDI_ID,2329833798,replace
119,CUS-500118,الجوال,MOBILE,0505788831,replace
119,CUS-500118,الآيبان,IBAN,SA3228203000594321244876,replace
119,CUS-500118,البريد_الإلكتروني,EMAIL,user0119@bank-mail.example.com,replace
120,CUS-500119,ملاحظات_الموظف,SAUDI_ID,1920890280,review
120,CUS-500119,الاسم_الكامل,PERSON_NAME,عبير العجمي,replace
120,CUS-500119,رقم_الهوية_أو_الإقامة,SAUDI_ID,2964944785,replace
120,CUS-500119,الجوال,MOBILE,0593508341,replace
120,CUS-500119,الآيبان,IBAN,SA1793671039172770682042,replace
120,CUS-500119,البريد_الإلكتروني,EMAIL,user0120@bank-mail.example.com,replace
121,CUS-500120,الاسم_الكامل,PERSON_NAME,ابتسام العيسى,replace
121,CUS-500120,رقم_الهوية_أو_الإقامة,SAUDI_ID,2842740769,replace
121,CUS-500120,الجوال,MOBILE,0564931866,replace
121,CUS-500120,الآيبان,IBAN,SA2011340101624785269954,replace
121,CUS-500120,البريد_الإلكتروني,EMAIL,user0121@bank-mail.example.com,replace
122,CUS-500121,الاسم_الكامل,PERSON_NAME,فاطمة الجبرين,replace
122,CUS-500121,رقم_الهوية_أو_الإقامة,SAUDI_ID,1989761653,replace
122,CUS-500121,الجوال,MOBILE,0547888029,replace
122,CUS-500121,الآيبان,IBAN,SA8994637666025015383474,replace
122,CUS-500121,البريد_الإلكتروني,EMAIL,user0122@bank-mail.example.com,replace
123,CUS-500122,الاسم_الكامل,PERSON_NAME,أمل الأنصاري,replace
123,CUS-500122,رقم_الهوية_أو_الإقامة,SAUDI_ID,2711040051,replace
123,CUS-500122,الجوال,MOBILE,0552212743,replace
123,CUS-500122,الآيبان,IBAN,SA2692473550390540392721,replace
123,CUS-500122,البريد_الإلكتروني,EMAIL,user0123@bank-mail.example.com,replace
124,CUS-500123,الاسم_الكامل,PERSON_NAME,فيصل السديري,replace
124,CUS-500123,رقم_الهوية_أو_الإقامة,SAUDI_ID,1492960347,replace
124,CUS-500123,الجوال,MOBILE,0553856994,replace
124,CUS-500123,الآيبان,IBAN,SA1649134074150043105737,replace
124,CUS-500123,البريد_الإلكتروني,EMAIL,user0124@bank-mail.example.com,replace
125,CUS-500124,ملاحظات_الموظف,SAUDI_ID,1773557135,review
125,CUS-500124,الاسم_الكامل,PERSON_NAME,أمل الهاجري,replace
125,CUS-500124,رقم_الهوية_أو_الإقامة,SAUDI_ID,1458036306,replace
125,CUS-500124,الجوال,MOBILE,0553046822,replace
125,CUS-500124,الآيبان,IBAN,SA3972528640301631653059,replace
125,CUS-500124,البريد_الإلكتروني,EMAIL,user0125@bank-mail.example.com,replace
126,CUS-500125,ملاحظات_الموظف,MOBILE,0552997267,replace
126,CUS-500125,الاسم_الكامل,PERSON_NAME,معاذ الهاجري,replace
126,CUS-500125,رقم_الهوية_أو_الإقامة,SAUDI_ID,1584295826,replace
126,CUS-500125,الجوال,MOBILE,0548213580,replace
126,CUS-500125,الآيبان,IBAN,SA2714814283291837242938,replace
126,CUS-500125,البريد_الإلكتروني,EMAIL,user0126@bank-mail.example.com,replace
127,CUS-500126,الاسم_الكامل,PERSON_NAME,يوسف الأنصاري,replace
127,CUS-500126,رقم_الهوية_أو_الإقامة,SAUDI_ID,1560648717,replace
127,CUS-500126,الجوال,MOBILE,0543324787,replace
127,CUS-500126,الآيبان,IBAN,SA0904097765607723146390,replace
127,CUS-500126,البريد_الإلكتروني,EMAIL,user0127@bank-mail.example.com,replace
128,CUS-500127,ملاحظات_الموظف,IBAN,SA9327532799200982177871,replace
128,CUS-500127,الاسم_الكامل,PERSON_NAME,تركي الكثيري,replace
128,CUS-500127,رقم_الهوية_أو_الإقامة,SAUDI_ID,1763074927,replace
128,CUS-500127,الجوال,MOBILE,0562842776,replace
128,CUS-500127,الآيبان,IBAN,SA9353618110308502959221,replace
128,CUS-500127,البريد_الإلكتروني,EMAIL,user0128@bank-mail.example.com,replace
129,CUS-500128,الاسم_الكامل,PERSON_NAME,معاذ النعيمي,replace
129,CUS-500128,رقم_الهوية_أو_الإقامة,SAUDI_ID,1246773657,replace
129,CUS-500128,الجوال,MOBILE,0542717248,replace
129,CUS-500128,الآيبان,IBAN,SA4348948674946758796956,replace
129,CUS-500128,البريد_الإلكتروني,EMAIL,user0129@bank-mail.example.com,replace
130,CUS-500129,ملاحظات_الموظف,MOBILE,0599684759,replace
130,CUS-500129,الاسم_الكامل,PERSON_NAME,أمل العيسى,replace
130,CUS-500129,رقم_الهوية_أو_الإقامة,SAUDI_ID,1696874419,replace
130,CUS-500129,الجوال,MOBILE,0532358342,replace
130,CUS-500129,الآيبان,IBAN,SA9178449147564734043585,replace
130,CUS-500129,البريد_الإلكتروني,EMAIL,user0130@bank-mail.example.com,replace
131,CUS-500130,ملاحظات_الموظف,IBAN,SA6568598989394698298352,replace
131,CUS-500130,الاسم_الكامل,PERSON_NAME,أمل المري,replace
131,CUS-500130,رقم_الهوية_أو_الإقامة,SAUDI_ID,2473349302,replace
131,CUS-500130,الجوال,MOBILE,0566734355,replace
131,CUS-500130,الآيبان,IBAN,SA8098127172525308316294,replace
131,CUS-500130,البريد_الإلكتروني,EMAIL,user0131@bank-mail.example.com,replace
132,CUS-500131,الاسم_الكامل,PERSON_NAME,حصة الصقير,replace
132,CUS-500131,رقم_الهوية_أو_الإقامة,SAUDI_ID,1810778884,replace
132,CUS-500131,الجوال,MOBILE,0554604002,replace
132,CUS-500131,الآيبان,IBAN,SA4179775475370583110135,replace
132,CUS-500131,البريد_الإلكتروني,EMAIL,user0132@bank-mail.example.com,replace
133,CUS-500132,ملاحظات_الموظف,SAUDI_ID,1214482539,review
133,CUS-500132,الاسم_الكامل,PERSON_NAME,أسماء العجمي,replace
133,CUS-500132,رقم_الهوية_أو_الإقامة,SAUDI_ID,1174843704,replace
133,CUS-500132,الجوال,MOBILE,0532698414,replace
133,CUS-500132,الآيبان,IBAN,SA3635264262124052026927,replace
133,CUS-500132,البريد_الإلكتروني,EMAIL,user0133@bank-mail.example.com,replace
134,CUS-500133,الاسم_الكامل,PERSON_NAME,دلال الزامل,replace
134,CUS-500133,رقم_الهوية_أو_الإقامة,SAUDI_ID,2797926983,replace
134,CUS-500133,الجوال,MOBILE,0540561716,replace
134,CUS-500133,الآيبان,IBAN,SA8428921750889010927545,replace
134,CUS-500133,البريد_الإلكتروني,EMAIL,user0134@bank-mail.example.com,replace
135,CUS-500134,ملاحظات_الموظف,IBAN,SA3399238293622271462787,replace
135,CUS-500134,الاسم_الكامل,PERSON_NAME,حصة التميمي,replace
135,CUS-500134,رقم_الهوية_أو_الإقامة,SAUDI_ID,1939737472,replace
135,CUS-500134,الجوال,MOBILE,0551517430,replace
135,CUS-500134,الآيبان,IBAN,SA5450464151343857624010,replace
135,CUS-500134,البريد_الإلكتروني,EMAIL,user0135@bank-mail.example.com,replace
136,CUS-500135,الاسم_الكامل,PERSON_NAME,سلمان المري,replace
136,CUS-500135,رقم_الهوية_أو_الإقامة,SAUDI_ID,2968966008,replace
136,CUS-500135,الجوال,MOBILE,0542883922,replace
136,CUS-500135,الآيبان,IBAN,SA9094058516771716392314,replace
136,CUS-500135,البريد_الإلكتروني,EMAIL,user0136@bank-mail.example.com,replace
137,CUS-500136,الاسم_الكامل,PERSON_NAME,هاني العيسى,replace
137,CUS-500136,رقم_الهوية_أو_الإقامة,SAUDI_ID,1907876872,replace
137,CUS-500136,الجوال,MOBILE,0502201705,replace
137,CUS-500136,الآيبان,IBAN,SA6568682614814670228891,replace
137,CUS-500136,البريد_الإلكتروني,EMAIL,user0137@bank-mail.example.com,replace
138,CUS-500137,ملاحظات_الموظف,SAUDI_ID,1683416380,review
138,CUS-500137,الاسم_الكامل,PERSON_NAME,سلمى المري,replace
138,CUS-500137,رقم_الهوية_أو_الإقامة,SAUDI_ID,2048583310,replace
138,CUS-500137,الجوال,MOBILE,0543184815,replace
138,CUS-500137,الآيبان,IBAN,SA8035846554544672282767,replace
138,CUS-500137,البريد_الإلكتروني,EMAIL,user0138@bank-mail.example.com,replace
139,CUS-500138,الاسم_الكامل,PERSON_NAME,نورة المري,replace
139,CUS-500138,رقم_الهوية_أو_الإقامة,SAUDI_ID,1523043030,replace
139,CUS-500138,الجوال,MOBILE,0556829813,replace
139,CUS-500138,الآيبان,IBAN,SA1879354494620155074952,replace
139,CUS-500138,البريد_الإلكتروني,EMAIL,user0139@bank-mail.example.com,replace
140,CUS-500139,ملاحظات_الموظف,MOBILE,0590702323,replace
140,CUS-500139,الاسم_الكامل,PERSON_NAME,روان السديري,replace
140,CUS-500139,رقم_الهوية_أو_الإقامة,SAUDI_ID,1030467367,replace
140,CUS-500139,الجوال,MOBILE,0555972294,replace
140,CUS-500139,الآيبان,IBAN,SA5304589224884956290193,replace
140,CUS-500139,البريد_الإلكتروني,EMAIL,user0140@bank-mail.example.com,replace
141,CUS-500140,الاسم_الكامل,PERSON_NAME,هالة الصقير,replace
141,CUS-500140,رقم_الهوية_أو_الإقامة,SAUDI_ID,1543095416,replace
141,CUS-500140,الجوال,MOBILE,0597899995,replace
141,CUS-500140,الآيبان,IBAN,SA8469300706409112610453,replace
141,CUS-500140,البريد_الإلكتروني,EMAIL,user0141@bank-mail.example.com,replace
142,CUS-500141,ملاحظات_الموظف,MOBILE,0567133559,replace
142,CUS-500141,الاسم_الكامل,PERSON_NAME,خلود الصقير,replace
142,CUS-500141,رقم_الهوية_أو_الإقامة,SAUDI_ID,2356037206,replace
142,CUS-500141,الجوال,MOBILE,0555394964,replace
142,CUS-500141,الآيبان,IBAN,SA2497469933677507661392,replace
142,CUS-500141,البريد_الإلكتروني,EMAIL,user0142@bank-mail.example.com,replace
143,CUS-500142,الاسم_الكامل,PERSON_NAME,نورة الجبرين,replace
143,CUS-500142,رقم_الهوية_أو_الإقامة,SAUDI_ID,1178453013,replace
143,CUS-500142,الجوال,MOBILE,0564043888,replace
143,CUS-500142,الآيبان,IBAN,SA8128757780522468854245,replace
143,CUS-500142,البريد_الإلكتروني,EMAIL,user0143@bank-mail.example.com,replace
144,CUS-500143,ملاحظات_الموظف,MOBILE,0554997226,replace
144,CUS-500143,الاسم_الكامل,PERSON_NAME,سلمى النعيمي,replace
144,CUS-500143,رقم_الهوية_أو_الإقامة,SAUDI_ID,1174321545,replace
144,CUS-500143,الجوال,MOBILE,0590132083,replace
144,CUS-500143,الآيبان,IBAN,SA1149266918813575384919,replace
144,CUS-500143,البريد_الإلكتروني,EMAIL,user0144@bank-mail.example.com,replace
145,CUS-500144,ملاحظات_الموظف,IBAN,SA3085588729271255267407,replace
145,CUS-500144,الاسم_الكامل,PERSON_NAME,أسامة الصقير,replace
145,CUS-500144,رقم_الهوية_أو_الإقامة,SAUDI_ID,2478814615,replace
145,CUS-500144,الجوال,MOBILE,0503715115,replace
145,CUS-500144,الآيبان,IBAN,SA7179224149519139493814,replace
145,CUS-500144,البريد_الإلكتروني,EMAIL,user0145@bank-mail.example.com,replace
146,CUS-500145,الاسم_الكامل,PERSON_NAME,نواف السديري,replace
146,CUS-500145,رقم_الهوية_أو_الإقامة,SAUDI_ID,1893371037,replace
146,CUS-500145,الجوال,MOBILE,0501663640,replace
146,CUS-500145,الآيبان,IBAN,SA7147538379075957207962,replace
146,CUS-500145,البريد_الإلكتروني,EMAIL,user0146@bank-mail.example.com,replace
147,CUS-500146,ملاحظات_الموظف,MOBILE,0539853445,replace
147,CUS-500146,الاسم_الكامل,PERSON_NAME,قصي المري,replace
147,CUS-500146,رقم_الهوية_أو_الإقامة,SAUDI_ID,2665659500,replace
147,CUS-500146,الجوال,MOBILE,0568822733,replace
147,CUS-500146,الآيبان,IBAN,SA4717442692604527505795,replace
147,CUS-500146,البريد_الإلكتروني,EMAIL,user0147@bank-mail.example.com,replace
148,CUS-500147,ملاحظات_الموظف,MOBILE,0598658692,replace
148,CUS-500147,الاسم_الكامل,PERSON_NAME,عبدالرحمن الصقير,replace
148,CUS-500147,رقم_الهوية_أو_الإقامة,SAUDI_ID,2530610043,replace
148,CUS-500147,الجوال,MOBILE,0536679926,replace
148,CUS-500147,الآيبان,IBAN,SA7519792762599956207797,replace
148,CUS-500147,البريد_الإلكتروني,EMAIL,user0148@bank-mail.example.com,replace
149,CUS-500148,ملاحظات_الموظف,SAUDI_ID,1214376582,review
149,CUS-500148,الاسم_الكامل,PERSON_NAME,معاذ الجبرين,replace
149,CUS-500148,رقم_الهوية_أو_الإقامة,SAUDI_ID,2955164880,replace
149,CUS-500148,الجوال,MOBILE,0595266272,replace
149,CUS-500148,الآيبان,IBAN,SA1781176448578046159798,replace
149,CUS-500148,البريد_الإلكتروني,EMAIL,user0149@bank-mail.example.com,replace
150,CUS-500149,ملاحظات_الموظف,IBAN,SA8227388915542303630684,replace
150,CUS-500149,الاسم_الكامل,PERSON_NAME,روان النعيمي,replace
150,CUS-500149,رقم_الهوية_أو_الإقامة,SAUDI_ID,1495785014,replace
150,CUS-500149,الجوال,MOBILE,0540821993,replace
150,CUS-500149,الآيبان,IBAN,SA0742454305830757849191,replace
150,CUS-500149,البريد_الإلكتروني,EMAIL,user0150@bank-mail.example.com,replace
151,CUS-500150,الاسم_الكامل,PERSON_NAME,عبدالرحمن الزامل,replace
151,CUS-500150,رقم_الهوية_أو_الإقامة,SAUDI_ID,1010071494,replace
151,CUS-500150,الجوال,MOBILE,0541755607,replace
151,CUS-500150,الآيبان,IBAN,SA3661012218152467192545,replace
151,CUS-500150,البريد_الإلكتروني,EMAIL,user0151@bank-mail.example.com,replace
152,CUS-500151,الاسم_الكامل,PERSON_NAME,أسماء الزامل,replace
152,CUS-500151,رقم_الهوية_أو_الإقامة,SAUDI_ID,1333848024,replace
152,CUS-500151,الجوال,MOBILE,0542613110,replace
152,CUS-500151,الآيبان,IBAN,SA3733032487675069546986,replace
152,CUS-500151,البريد_الإلكتروني,EMAIL,user0152@bank-mail.example.com,replace
153,CUS-500152,الاسم_الكامل,PERSON_NAME,معاذ العيسى,replace
153,CUS-500152,رقم_الهوية_أو_الإقامة,SAUDI_ID,1227859608,replace
153,CUS-500152,الجوال,MOBILE,0548562925,replace
153,CUS-500152,الآيبان,IBAN,SA6655186238817950489304,replace
153,CUS-500152,البريد_الإلكتروني,EMAIL,user0153@bank-mail.example.com,replace
154,CUS-500153,ملاحظات_الموظف,MOBILE,0500392602,replace
154,CUS-500153,الاسم_الكامل,PERSON_NAME,تركي الخثعمي,replace
154,CUS-500153,رقم_الهوية_أو_الإقامة,SAUDI_ID,1271225656,replace
154,CUS-500153,الجوال,MOBILE,0555112169,replace
154,CUS-500153,الآيبان,IBAN,SA6822857363296225618276,replace
154,CUS-500153,البريد_الإلكتروني,EMAIL,user0154@bank-mail.example.com,replace
155,CUS-500154,ملاحظات_الموظف,SAUDI_ID,1762278842,review
155,CUS-500154,الاسم_الكامل,PERSON_NAME,منى البيشي,replace
155,CUS-500154,رقم_الهوية_أو_الإقامة,SAUDI_ID,1794563450,replace
155,CUS-500154,الجوال,MOBILE,0507042801,replace
155,CUS-500154,الآيبان,IBAN,SA5003200632059455834970,replace
155,CUS-500154,البريد_الإلكتروني,EMAIL,user0155@bank-mail.example.com,replace
156,CUS-500155,الاسم_الكامل,PERSON_NAME,أسماء الهاجري,replace
156,CUS-500155,رقم_الهوية_أو_الإقامة,SAUDI_ID,1969021508,replace
156,CUS-500155,الجوال,MOBILE,0562396720,replace
156,CUS-500155,الآيبان,IBAN,SA2622668548927824350964,replace
156,CUS-500155,البريد_الإلكتروني,EMAIL,user0156@bank-mail.example.com,replace
157,CUS-500156,الاسم_الكامل,PERSON_NAME,روان النعيمي,replace
157,CUS-500156,رقم_الهوية_أو_الإقامة,SAUDI_ID,1550137044,replace
157,CUS-500156,الجوال,MOBILE,0597332942,replace
157,CUS-500156,الآيبان,IBAN,SA0810523846931425668025,replace
157,CUS-500156,البريد_الإلكتروني,EMAIL,user0157@bank-mail.example.com,replace
158,CUS-500157,الاسم_الكامل,PERSON_NAME,سامي العيسى,replace
158,CUS-500157,رقم_الهوية_أو_الإقامة,SAUDI_ID,1228619233,replace
158,CUS-500157,الجوال,MOBILE,0533692532,replace
158,CUS-500157,الآيبان,IBAN,SA2026859311268865872201,replace
158,CUS-500157,البريد_الإلكتروني,EMAIL,user0158@bank-mail.example.com,replace
159,CUS-500158,الاسم_الكامل,PERSON_NAME,ليان المري,replace
159,CUS-500158,رقم_الهوية_أو_الإقامة,SAUDI_ID,1621043445,replace
159,CUS-500158,الجوال,MOBILE,0505417367,replace
159,CUS-500158,الآيبان,IBAN,SA8068272946998140838179,replace
159,CUS-500158,البريد_الإلكتروني,EMAIL,user0159@bank-mail.example.com,replace
160,CUS-500159,ملاحظات_الموظف,MOBILE,0547278072,replace
160,CUS-500159,الاسم_الكامل,PERSON_NAME,سلمى الخثعمي,replace
160,CUS-500159,رقم_الهوية_أو_الإقامة,SAUDI_ID,1684685629,replace
160,CUS-500159,الجوال,MOBILE,0550505918,replace
160,CUS-500159,الآيبان,IBAN,SA8698188825890189985029,replace
160,CUS-500159,البريد_الإلكتروني,EMAIL,user0160@bank-mail.example.com,replace
161,CUS-500160,الاسم_الكامل,PERSON_NAME,نواف الأنصاري,replace
161,CUS-500160,رقم_الهوية_أو_الإقامة,SAUDI_ID,2640992109,replace
161,CUS-500160,الجوال,MOBILE,0531044954,replace
161,CUS-500160,الآيبان,IBAN,SA8931813146071309425401,replace
161,CUS-500160,البريد_الإلكتروني,EMAIL,user0161@bank-mail.example.com,replace
162,CUS-500161,ملاحظات_الموظف,MOBILE,0552048843,replace
162,CUS-500161,الاسم_الكامل,PERSON_NAME,أمل باوزير,replace
162,CUS-500161,رقم_الهوية_أو_الإقامة,SAUDI_ID,1901799997,replace
162,CUS-500161,الجوال,MOBILE,0595036474,replace
162,CUS-500161,الآيبان,IBAN,SA3671385494856519958581,replace
162,CUS-500161,البريد_الإلكتروني,EMAIL,user0162@bank-mail.example.com,replace
163,CUS-500162,ملاحظات_الموظف,SAUDI_ID,1339068759,review
163,CUS-500162,الاسم_الكامل,PERSON_NAME,إبراهيم الخثعمي,replace
163,CUS-500162,رقم_الهوية_أو_الإقامة,SAUDI_ID,1877110914,replace
163,CUS-500162,الجوال,MOBILE,0598698232,replace
163,CUS-500162,الآيبان,IBAN,SA2751094198682752440672,replace
163,CUS-500162,البريد_الإلكتروني,EMAIL,user0163@bank-mail.example.com,replace
164,CUS-500163,الاسم_الكامل,PERSON_NAME,روان الأنصاري,replace
164,CUS-500163,رقم_الهوية_أو_الإقامة,SAUDI_ID,1527169245,replace
164,CUS-500163,الجوال,MOBILE,0535834793,replace
164,CUS-500163,الآيبان,IBAN,SA6376701018015314670104,replace
164,CUS-500163,البريد_الإلكتروني,EMAIL,user0164@bank-mail.example.com,replace
165,CUS-500164,الاسم_الكامل,PERSON_NAME,هالة العجمي,replace
165,CUS-500164,رقم_الهوية_أو_الإقامة,SAUDI_ID,1048653768,replace
165,CUS-500164,الجوال,MOBILE,0566759858,replace
165,CUS-500164,الآيبان,IBAN,SA8291901387251111700514,replace
165,CUS-500164,البريد_الإلكتروني,EMAIL,user0165@bank-mail.example.com,replace
166,CUS-500165,الاسم_الكامل,PERSON_NAME,تركي العجمي,replace
166,CUS-500165,رقم_الهوية_أو_الإقامة,SAUDI_ID,2950185906,replace
166,CUS-500165,الجوال,MOBILE,0542515724,replace
166,CUS-500165,الآيبان,IBAN,SA7216761294411388247269,replace
166,CUS-500165,البريد_الإلكتروني,EMAIL,user0166@bank-mail.example.com,replace
167,CUS-500166,ملاحظات_الموظف,IBAN,SA9523467613144972735693,replace
167,CUS-500166,الاسم_الكامل,PERSON_NAME,جاسم الشهراني,replace
167,CUS-500166,رقم_الهوية_أو_الإقامة,SAUDI_ID,1991547926,replace
167,CUS-500166,الجوال,MOBILE,0539788745,replace
167,CUS-500166,الآيبان,IBAN,SA4115071986461029419587,replace
167,CUS-500166,البريد_الإلكتروني,EMAIL,user0167@bank-mail.example.com,replace
168,CUS-500167,الاسم_الكامل,PERSON_NAME,نورة الصقير,replace
168,CUS-500167,رقم_الهوية_أو_الإقامة,SAUDI_ID,1875477984,replace
168,CUS-500167,الجوال,MOBILE,0500145430,replace
168,CUS-500167,الآيبان,IBAN,SA1599271774906544334316,replace
168,CUS-500167,البريد_الإلكتروني,EMAIL,user0168@bank-mail.example.com,replace
169,CUS-500168,الاسم_الكامل,PERSON_NAME,جواهر الأنصاري,replace
169,CUS-500168,رقم_الهوية_أو_الإقامة,SAUDI_ID,1040151878,replace
169,CUS-500168,الجوال,MOBILE,0533495778,replace
169,CUS-500168,الآيبان,IBAN,SA9300982619554409657459,replace
169,CUS-500168,البريد_الإلكتروني,EMAIL,user0169@bank-mail.example.com,replace
170,CUS-500169,ملاحظات_الموظف,IBAN,SA6769173366855203448043,replace
170,CUS-500169,الاسم_الكامل,PERSON_NAME,قصي الشهراني,replace
170,CUS-500169,رقم_الهوية_أو_الإقامة,SAUDI_ID,1921911614,replace
170,CUS-500169,الجوال,MOBILE,0507884370,replace
170,CUS-500169,الآيبان,IBAN,SA7034689458063280725456,replace
170,CUS-500169,البريد_الإلكتروني,EMAIL,user0170@bank-mail.example.com,replace
171,CUS-500170,الاسم_الكامل,PERSON_NAME,روان النعيمي,replace
171,CUS-500170,رقم_الهوية_أو_الإقامة,SAUDI_ID,1756726277,replace
171,CUS-500170,الجوال,MOBILE,0594293392,replace
171,CUS-500170,الآيبان,IBAN,SA5424459870832339648196,replace
171,CUS-500170,البريد_الإلكتروني,EMAIL,user0171@bank-mail.example.com,replace
172,CUS-500171,ملاحظات_الموظف,MOBILE,0505966296,replace
172,CUS-500171,الاسم_الكامل,PERSON_NAME,حصة الكثيري,replace
172,CUS-500171,رقم_الهوية_أو_الإقامة,SAUDI_ID,1906232911,replace
172,CUS-500171,الجوال,MOBILE,0563754908,replace
172,CUS-500171,الآيبان,IBAN,SA3716878515113797998234,replace
172,CUS-500171,البريد_الإلكتروني,EMAIL,user0172@bank-mail.example.com,replace
173,CUS-500172,الاسم_الكامل,PERSON_NAME,جواهر الهاجري,replace
173,CUS-500172,رقم_الهوية_أو_الإقامة,SAUDI_ID,1463181311,replace
173,CUS-500172,الجوال,MOBILE,0534191970,replace
173,CUS-500172,الآيبان,IBAN,SA5879405080402769489319,replace
173,CUS-500172,البريد_الإلكتروني,EMAIL,user0173@bank-mail.example.com,replace
174,CUS-500173,الاسم_الكامل,PERSON_NAME,مشاعل الصقير,replace
174,CUS-500173,رقم_الهوية_أو_الإقامة,SAUDI_ID,1890035296,replace
174,CUS-500173,الجوال,MOBILE,0565261268,replace
174,CUS-500173,الآيبان,IBAN,SA8325113313341280159108,replace
174,CUS-500173,البريد_الإلكتروني,EMAIL,user0174@bank-mail.example.com,replace
175,CUS-500174,الاسم_الكامل,PERSON_NAME,حمد الهاجري,replace
175,CUS-500174,رقم_الهوية_أو_الإقامة,SAUDI_ID,1650105255,replace
175,CUS-500174,الجوال,MOBILE,0506744433,replace
175,CUS-500174,الآيبان,IBAN,SA2649328145192197454545,replace
175,CUS-500174,البريد_الإلكتروني,EMAIL,user0175@bank-mail.example.com,replace
176,CUS-500175,ملاحظات_الموظف,SAUDI_ID,1227761416,review
176,CUS-500175,الاسم_الكامل,PERSON_NAME,سلمى العيسى,replace
176,CUS-500175,رقم_الهوية_أو_الإقامة,SAUDI_ID,1378513889,replace
176,CUS-500175,الجوال,MOBILE,0599935636,replace
176,CUS-500175,الآيبان,IBAN,SA2355727060546181134264,replace
176,CUS-500175,البريد_الإلكتروني,EMAIL,user0176@bank-mail.example.com,replace
177,CUS-500176,الاسم_الكامل,PERSON_NAME,جاسم المري,replace
177,CUS-500176,رقم_الهوية_أو_الإقامة,SAUDI_ID,2986353627,replace
177,CUS-500176,الجوال,MOBILE,0545360281,replace
177,CUS-500176,الآيبان,IBAN,SA8810436011898819040030,replace
177,CUS-500176,البريد_الإلكتروني,EMAIL,user0177@bank-mail.example.com,replace
178,CUS-500177,الاسم_الكامل,PERSON_NAME,نواف الجبرين,replace
178,CUS-500177,رقم_الهوية_أو_الإقامة,SAUDI_ID,1985500097,replace
178,CUS-500177,الجوال,MOBILE,0548887417,replace
178,CUS-500177,الآيبان,IBAN,SA7660595982245180421999,replace
178,CUS-500177,البريد_الإلكتروني,EMAIL,user0178@bank-mail.example.com,replace
179,CUS-500178,الاسم_الكامل,PERSON_NAME,خلود البيشي,replace
179,CUS-500178,رقم_الهوية_أو_الإقامة,SAUDI_ID,1440180006,replace
179,CUS-500178,الجوال,MOBILE,0508692838,replace
179,CUS-500178,الآيبان,IBAN,SA9647633903698226741587,replace
179,CUS-500178,البريد_الإلكتروني,EMAIL,user0179@bank-mail.example.com,replace
180,CUS-500179,ملاحظات_الموظف,MOBILE,0547248257,replace
180,CUS-500179,الاسم_الكامل,PERSON_NAME,عبدالرحمن باوزير,replace
180,CUS-500179,رقم_الهوية_أو_الإقامة,SAUDI_ID,2454967734,replace
180,CUS-500179,الجوال,MOBILE,0552482054,replace
180,CUS-500179,الآيبان,IBAN,SA8750770961220187469295,replace
180,CUS-500179,البريد_الإلكتروني,EMAIL,user0180@bank-mail.example.com,replace
181,CUS-500180,الاسم_الكامل,PERSON_NAME,أسماء الشهراني,replace
181,CUS-500180,رقم_الهوية_أو_الإقامة,SAUDI_ID,2045938079,replace
181,CUS-500180,الجوال,MOBILE,0563088269,replace
181,CUS-500180,الآيبان,IBAN,SA5601523130738445001684,replace
181,CUS-500180,البريد_الإلكتروني,EMAIL,user0181@bank-mail.example.com,replace
182,CUS-500181,الاسم_الكامل,PERSON_NAME,تركي التميمي,replace
182,CUS-500181,رقم_الهوية_أو_الإقامة,SAUDI_ID,1583382039,replace
182,CUS-500181,الجوال,MOBILE,0503803859,replace
182,CUS-500181,الآيبان,IBAN,SA8229674315918060792248,replace
182,CUS-500181,البريد_الإلكتروني,EMAIL,user0182@bank-mail.example.com,replace
183,CUS-500182,ملاحظات_الموظف,MOBILE,0565689934,replace
183,CUS-500182,الاسم_الكامل,PERSON_NAME,أسامة العيسى,replace
183,CUS-500182,رقم_الهوية_أو_الإقامة,SAUDI_ID,1749429989,replace
183,CUS-500182,الجوال,MOBILE,0505795110,replace
183,CUS-500182,الآيبان,IBAN,SA9619598630814637801008,replace
183,CUS-500182,البريد_الإلكتروني,EMAIL,user0183@bank-mail.example.com,replace
184,CUS-500183,ملاحظات_الموظف,SAUDI_ID,1704240132,review
184,CUS-500183,الاسم_الكامل,PERSON_NAME,سلمى الأنصاري,replace
184,CUS-500183,رقم_الهوية_أو_الإقامة,SAUDI_ID,1485464844,replace
184,CUS-500183,الجوال,MOBILE,0567340160,replace
184,CUS-500183,الآيبان,IBAN,SA2785083308142732190999,replace
184,CUS-500183,البريد_الإلكتروني,EMAIL,user0184@bank-mail.example.com,replace
185,CUS-500184,ملاحظات_الموظف,SAUDI_ID,1618364168,review
185,CUS-500184,الاسم_الكامل,PERSON_NAME,يوسف الأنصاري,replace
185,CUS-500184,رقم_الهوية_أو_الإقامة,SAUDI_ID,1047191091,replace
185,CUS-500184,الجوال,MOBILE,0591942929,replace
185,CUS-500184,الآيبان,IBAN,SA7741100419132716826732,replace
185,CUS-500184,البريد_الإلكتروني,EMAIL,user0185@bank-mail.example.com,replace
186,CUS-500185,الاسم_الكامل,PERSON_NAME,نواف الزامل,replace
186,CUS-500185,رقم_الهوية_أو_الإقامة,SAUDI_ID,1173148345,replace
186,CUS-500185,الجوال,MOBILE,0590256176,replace
186,CUS-500185,الآيبان,IBAN,SA9352453424910662580151,replace
186,CUS-500185,البريد_الإلكتروني,EMAIL,user0186@bank-mail.example.com,replace
187,CUS-500186,ملاحظات_الموظف,MOBILE,0593635598,replace
187,CUS-500186,الاسم_الكامل,PERSON_NAME,دلال النعيمي,replace
187,CUS-500186,رقم_الهوية_أو_الإقامة,SAUDI_ID,2866567593,replace
187,CUS-500186,الجوال,MOBILE,0591654899,replace
187,CUS-500186,الآيبان,IBAN,SA8051367210685943270545,replace
187,CUS-500186,البريد_الإلكتروني,EMAIL,user0187@bank-mail.example.com,replace
188,CUS-500187,الاسم_الكامل,PERSON_NAME,عبدالرحمن الشهراني,replace
188,CUS-500187,رقم_الهوية_أو_الإقامة,SAUDI_ID,1334771944,replace
188,CUS-500187,الجوال,MOBILE,0563856688,replace
188,CUS-500187,الآيبان,IBAN,SA3467197707041935579732,replace
188,CUS-500187,البريد_الإلكتروني,EMAIL,user0188@bank-mail.example.com,replace
189,CUS-500188,ملاحظات_الموظف,SAUDI_ID,1500593841,review
189,CUS-500188,الاسم_الكامل,PERSON_NAME,مشاعل الصقير,replace
189,CUS-500188,رقم_الهوية_أو_الإقامة,SAUDI_ID,1810767705,replace
189,CUS-500188,الجوال,MOBILE,0545699053,replace
189,CUS-500188,الآيبان,IBAN,SA4751238163876358243975,replace
189,CUS-500188,البريد_الإلكتروني,EMAIL,user0189@bank-mail.example.com,replace
190,CUS-500189,الاسم_الكامل,PERSON_NAME,عبدالرحمن العيسى,replace
190,CUS-500189,رقم_الهوية_أو_الإقامة,SAUDI_ID,1034299055,replace
190,CUS-500189,الجوال,MOBILE,0531221087,replace
190,CUS-500189,الآيبان,IBAN,SA3141993346734161056102,replace
190,CUS-500189,البريد_الإلكتروني,EMAIL,user0190@bank-mail.example.com,replace
191,CUS-500190,الاسم_الكامل,PERSON_NAME,منى الصقير,replace
191,CUS-500190,رقم_الهوية_أو_الإقامة,SAUDI_ID,1092755956,replace
191,CUS-500190,الجوال,MOBILE,0501128670,replace
191,CUS-500190,الآيبان,IBAN,SA9863281521115539199879,replace
191,CUS-500190,البريد_الإلكتروني,EMAIL,user0191@bank-mail.example.com,replace
192,CUS-500191,الاسم_الكامل,PERSON_NAME,جاسم الزامل,replace
192,CUS-500191,رقم_الهوية_أو_الإقامة,SAUDI_ID,2424020796,replace
192,CUS-500191,الجوال,MOBILE,0507713278,replace
192,CUS-500191,الآيبان,IBAN,SA9556259841366117547403,replace
192,CUS-500191,البريد_الإلكتروني,EMAIL,user0192@bank-mail.example.com,replace
193,CUS-500192,الاسم_الكامل,PERSON_NAME,سامي التميمي,replace
193,CUS-500192,رقم_الهوية_أو_الإقامة,SAUDI_ID,1550677106,replace
193,CUS-500192,الجوال,MOBILE,0553007988,replace
193,CUS-500192,الآيبان,IBAN,SA9298597916163829612929,replace
193,CUS-500192,البريد_الإلكتروني,EMAIL,user0193@bank-mail.example.com,replace
194,CUS-500193,ملاحظات_الموظف,IBAN,SA9191214481151653889351,replace
194,CUS-500193,الاسم_الكامل,PERSON_NAME,عبدالعزيز المري,replace
194,CUS-500193,رقم_الهوية_أو_الإقامة,SAUDI_ID,1710636802,replace
194,CUS-500193,الجوال,MOBILE,0542477791,replace
194,CUS-500193,الآيبان,IBAN,SA7290515114633210428731,replace
194,CUS-500193,البريد_الإلكتروني,EMAIL,user0194@bank-mail.example.com,replace
195,CUS-500194,ملاحظات_الموظف,IBAN,SA3658708452491920506663,replace
195,CUS-500194,الاسم_الكامل,PERSON_NAME,روان الكثيري,replace
195,CUS-500194,رقم_الهوية_أو_الإقامة,SAUDI_ID,1061093041,replace
195,CUS-500194,الجوال,MOBILE,0500519206,replace
195,CUS-500194,الآيبان,IBAN,SA5570736719129369465157,replace
195,CUS-500194,البريد_الإلكتروني,EMAIL,user0195@bank-mail.example.com,replace
196,CUS-500195,ملاحظات_الموظف,MOBILE,0559707703,replace
196,CUS-500195,الاسم_الكامل,PERSON_NAME,تركي الشهراني,replace
196,CUS-500195,رقم_الهوية_أو_الإقامة,SAUDI_ID,1744180603,replace
196,CUS-500195,الجوال,MOBILE,0597441110,replace
196,CUS-500195,الآيبان,IBAN,SA9483191741442927261680,replace
196,CUS-500195,البريد_الإلكتروني,EMAIL,user0196@bank-mail.example.com,replace
197,CUS-500196,الاسم_الكامل,PERSON_NAME,أمل النعيمي,replace
197,CUS-500196,رقم_الهوية_أو_الإقامة,SAUDI_ID,1975529379,replace
197,CUS-500196,الجوال,MOBILE,0534128125,replace
197,CUS-500196,الآيبان,IBAN,SA1235863173052534282281,replace
197,CUS-500196,البريد_الإلكتروني,EMAIL,user0197@bank-mail.example.com,replace
198,CUS-500197,ملاحظات_الموظف,MOBILE,0553134673,replace
198,CUS-500197,الاسم_الكامل,PERSON_NAME,جواهر الصقير,replace
198,CUS-500197,رقم_الهوية_أو_الإقامة,SAUDI_ID,1088210990,replace
198,CUS-500197,الجوال,MOBILE,0545536169,replace
198,CUS-500197,الآيبان,IBAN,SA6720852187113260393960,replace
198,CUS-500197,البريد_الإلكتروني,EMAIL,user0198@bank-mail.example.com,replace
199,CUS-500198,الاسم_الكامل,PERSON_NAME,منى البيشي,replace
199,CUS-500198,رقم_الهوية_أو_الإقامة,SAUDI_ID,1299419240,replace
199,CUS-500198,الجوال,MOBILE,0535826362,replace
199,CUS-500198,الآيبان,IBAN,SA8463508201696045666458,replace
199,CUS-500198,البريد_الإلكتروني,EMAIL,user0199@bank-mail.example.com,replace
200,CUS-500199,الاسم_الكامل,PERSON_NAME,مشاعل الخثعمي,replace
200,CUS-500199,رقم_الهوية_أو_الإقامة,SAUDI_ID,2662826136,replace
200,CUS-500199,الجوال,MOBILE,0568883659,replace
200,CUS-500199,الآيبان,IBAN,SA5492414944365708101632,replace
200,CUS-500199,البريد_الإلكتروني,EMAIL,user0200@bank-mail.example.com,replace
201,CUS-500200,الاسم_الكامل,PERSON_NAME,أسامة الجبرين,replace
201,CUS-500200,رقم_الهوية_أو_الإقامة,SAUDI_ID,1276174230,replace
201,CUS-500200,الجوال,MOBILE,0590467813,replace
201,CUS-500200,الآيبان,IBAN,SA3217374537737162415023,replace
201,CUS-500200,البريد_الإلكتروني,EMAIL,user0201@bank-mail.example.com,replace
202,CUS-500201,ملاحظات_الموظف,MOBILE,0535723964,replace
202,CUS-500201,الاسم_الكامل,PERSON_NAME,ناصر الخثعمي,replace
202,CUS-500201,رقم_الهوية_أو_الإقامة,SAUDI_ID,1967097898,replace
202,CUS-500201,الجوال,MOBILE,0538300346,replace
202,CUS-500201,الآيبان,IBAN,SA4024922452109541862514,replace
202,CUS-500201,البريد_الإلكتروني,EMAIL,user0202@bank-mail.example.com,replace
203,CUS-500202,ملاحظات_الموظف,IBAN,SA7628662921888433878182,replace
203,CUS-500202,الاسم_الكامل,PERSON_NAME,هالة الكثيري,replace
203,CUS-500202,رقم_الهوية_أو_الإقامة,SAUDI_ID,1743295907,replace
203,CUS-500202,الجوال,MOBILE,0507296374,replace
203,CUS-500202,الآيبان,IBAN,SA8656227359895254734071,replace
203,CUS-500202,البريد_الإلكتروني,EMAIL,user0203@bank-mail.example.com,replace
204,CUS-500203,الاسم_الكامل,PERSON_NAME,إبراهيم العجمي,replace
204,CUS-500203,رقم_الهوية_أو_الإقامة,SAUDI_ID,1195373558,replace
204,CUS-500203,الجوال,MOBILE,0543232566,replace
204,CUS-500203,الآيبان,IBAN,SA6440479311971164807598,replace
204,CUS-500203,البريد_الإلكتروني,EMAIL,user0204@bank-mail.example.com,replace
205,CUS-500204,الاسم_الكامل,PERSON_NAME,جواهر الكثيري,replace
205,CUS-500204,رقم_الهوية_أو_الإقامة,SAUDI_ID,1145851778,replace
205,CUS-500204,الجوال,MOBILE,0550057685,replace
205,CUS-500204,الآيبان,IBAN,SA2138291863108892684636,replace
205,CUS-500204,البريد_الإلكتروني,EMAIL,user0205@bank-mail.example.com,replace
206,CUS-500205,الاسم_الكامل,PERSON_NAME,دلال الجبرين,replace
206,CUS-500205,رقم_الهوية_أو_الإقامة,SAUDI_ID,2776784932,replace
206,CUS-500205,الجوال,MOBILE,0598031135,replace
206,CUS-500205,الآيبان,IBAN,SA9383208046764909856745,replace
206,CUS-500205,البريد_الإلكتروني,EMAIL,user0206@bank-mail.example.com,replace
207,CUS-500206,الاسم_الكامل,PERSON_NAME,نورة الخثعمي,replace
207,CUS-500206,رقم_الهوية_أو_الإقامة,SAUDI_ID,1067595296,replace
207,CUS-500206,الجوال,MOBILE,0531808291,replace
207,CUS-500206,الآيبان,IBAN,SA2498067052270036196225,replace
207,CUS-500206,البريد_الإلكتروني,EMAIL,user0207@bank-mail.example.com,replace
208,CUS-500207,ملاحظات_الموظف,MOBILE,0553606268,replace
208,CUS-500207,الاسم_الكامل,PERSON_NAME,عبدالعزيز النعيمي,replace
208,CUS-500207,رقم_الهوية_أو_الإقامة,SAUDI_ID,2635714567,replace
208,CUS-500207,الجوال,MOBILE,0558518590,replace
208,CUS-500207,الآيبان,IBAN,SA7526924189590027138873,replace
208,CUS-500207,البريد_الإلكتروني,EMAIL,user0208@bank-mail.example.com,replace
209,CUS-500208,الاسم_الكامل,PERSON_NAME,ابتسام العيسى,replace
209,CUS-500208,رقم_الهوية_أو_الإقامة,SAUDI_ID,2981911841,replace
209,CUS-500208,الجوال,MOBILE,0545948568,replace
209,CUS-500208,الآيبان,IBAN,SA9286323973628652716139,replace
209,CUS-500208,البريد_الإلكتروني,EMAIL,user0209@bank-mail.example.com,replace
210,CUS-500209,الاسم_الكامل,PERSON_NAME,عبير الهاجري,replace
210,CUS-500209,رقم_الهوية_أو_الإقامة,SAUDI_ID,2947049165,replace
210,CUS-500209,الجوال,MOBILE,0531197598,replace
210,CUS-500209,الآيبان,IBAN,SA9145218426829582266496,replace
210,CUS-500209,البريد_الإلكتروني,EMAIL,user0210@bank-mail.example.com,replace
211,CUS-500210,الاسم_الكامل,PERSON_NAME,سامي الكثيري,replace
211,CUS-500210,رقم_الهوية_أو_الإقامة,SAUDI_ID,1971533359,replace
211,CUS-500210,الجوال,MOBILE,0592543104,replace
211,CUS-500210,الآيبان,IBAN,SA4754906416012572847821,replace
211,CUS-500210,البريد_الإلكتروني,EMAIL,user0211@bank-mail.example.com,replace
212,CUS-500211,الاسم_الكامل,PERSON_NAME,روان الشهراني,replace
212,CUS-500211,رقم_الهوية_أو_الإقامة,SAUDI_ID,1961125935,replace
212,CUS-500211,الجوال,MOBILE,0560168860,replace
212,CUS-500211,الآيبان,IBAN,SA8137740213625334945240,replace
212,CUS-500211,البريد_الإلكتروني,EMAIL,user0212@bank-mail.example.com,replace
213,CUS-500212,ملاحظات_الموظف,SAUDI_ID,1021150428,review
213,CUS-500212,الاسم_الكامل,PERSON_NAME,دلال الأنصاري,replace
213,CUS-500212,رقم_الهوية_أو_الإقامة,SAUDI_ID,1402215543,replace
213,CUS-500212,الجوال,MOBILE,0539578609,replace
213,CUS-500212,الآيبان,IBAN,SA6251675127823133092194,replace
213,CUS-500212,البريد_الإلكتروني,EMAIL,user0213@bank-mail.example.com,replace
214,CUS-500213,الاسم_الكامل,PERSON_NAME,سامي الكثيري,replace
214,CUS-500213,رقم_الهوية_أو_الإقامة,SAUDI_ID,2152292609,replace
214,CUS-500213,الجوال,MOBILE,0566007550,replace
214,CUS-500213,الآيبان,IBAN,SA9797621550311171575467,replace
214,CUS-500213,البريد_الإلكتروني,EMAIL,user0214@bank-mail.example.com,replace
215,CUS-500214,الاسم_الكامل,PERSON_NAME,معاذ الشهراني,replace
215,CUS-500214,رقم_الهوية_أو_الإقامة,SAUDI_ID,1250172598,replace
215,CUS-500214,الجوال,MOBILE,0545614465,replace
215,CUS-500214,الآيبان,IBAN,SA1435693687176936313339,replace
215,CUS-500214,البريد_الإلكتروني,EMAIL,user0215@bank-mail.example.com,replace
216,CUS-500215,ملاحظات_الموظف,MOBILE,0549604215,replace
216,CUS-500215,الاسم_الكامل,PERSON_NAME,سلمى الجبرين,replace
216,CUS-500215,رقم_الهوية_أو_الإقامة,SAUDI_ID,1953923263,replace
216,CUS-500215,الجوال,MOBILE,0564327173,replace
216,CUS-500215,الآيبان,IBAN,SA9449386288439994101110,replace
216,CUS-500215,البريد_الإلكتروني,EMAIL,user0216@bank-mail.example.com,replace
217,CUS-500216,الاسم_الكامل,PERSON_NAME,نورة الزامل,replace
217,CUS-500216,رقم_الهوية_أو_الإقامة,SAUDI_ID,2418383804,replace
217,CUS-500216,الجوال,MOBILE,0544876027,replace
217,CUS-500216,الآيبان,IBAN,SA0791399821064568224189,replace
217,CUS-500216,البريد_الإلكتروني,EMAIL,user0217@bank-mail.example.com,replace
218,CUS-500217,الاسم_الكامل,PERSON_NAME,منى العجمي,replace
218,CUS-500217,رقم_الهوية_أو_الإقامة,SAUDI_ID,2755118268,replace
218,CUS-500217,الجوال,MOBILE,0564061282,replace
218,CUS-500217,الآيبان,IBAN,SA4992616456782902438474,replace
218,CUS-500217,البريد_الإلكتروني,EMAIL,user0218@bank-mail.example.com,replace
219,CUS-500218,ملاحظات_الموظف,IBAN,SA2315491198503525290082,replace
219,CUS-500218,الاسم_الكامل,PERSON_NAME,قصي النعيمي,replace
219,CUS-500218,رقم_الهوية_أو_الإقامة,SAUDI_ID,1220024564,replace
219,CUS-500218,الجوال,MOBILE,0531104654,replace
219,CUS-500218,الآيبان,IBAN,SA7463636057926267334455,replace
219,CUS-500218,البريد_الإلكتروني,EMAIL,user0219@bank-mail.example.com,replace
220,CUS-500219,الاسم_الكامل,PERSON_NAME,عبير باوزير,replace
220,CUS-500219,رقم_الهوية_أو_الإقامة,SAUDI_ID,1686053677,replace
220,CUS-500219,الجوال,MOBILE,0535874667,replace
220,CUS-500219,الآيبان,IBAN,SA8432557486619803058055,replace
220,CUS-500219,البريد_الإلكتروني,EMAIL,user0220@bank-mail.example.com,replace
221,CUS-500220,الاسم_الكامل,PERSON_NAME,قصي باوزير,replace
221,CUS-500220,رقم_الهوية_أو_الإقامة,SAUDI_ID,2231026184,replace
221,CUS-500220,الجوال,MOBILE,0500431630,replace
221,CUS-500220,الآيبان,IBAN,SA8310973460427969443521,replace
221,CUS-500220,البريد_الإلكتروني,EMAIL,user0221@bank-mail.example.com,replace
222,CUS-500221,الاسم_الكامل,PERSON_NAME,فيصل التميمي,replace
222,CUS-500221,رقم_الهوية_أو_الإقامة,SAUDI_ID,1438788620,replace
222,CUS-500221,الجوال,MOBILE,0561953281,replace
222,CUS-500221,الآيبان,IBAN,SA6158795011347312802128,replace
222,CUS-500221,البريد_الإلكتروني,EMAIL,user0222@bank-mail.example.com,replace
223,CUS-500222,ملاحظات_الموظف,MOBILE,0563050511,replace
223,CUS-500222,الاسم_الكامل,PERSON_NAME,جاسم الشهراني,replace
223,CUS-500222,رقم_الهوية_أو_الإقامة,SAUDI_ID,1963280027,replace
223,CUS-500222,الجوال,MOBILE,0557004466,replace
223,CUS-500222,الآيبان,IBAN,SA5445323299309541362749,replace
223,CUS-500222,البريد_الإلكتروني,EMAIL,user0223@bank-mail.example.com,replace
224,CUS-500223,الاسم_الكامل,PERSON_NAME,أمل السديري,replace
224,CUS-500223,رقم_الهوية_أو_الإقامة,SAUDI_ID,1538049980,replace
224,CUS-500223,الجوال,MOBILE,0548065160,replace
224,CUS-500223,الآيبان,IBAN,SA8444461081483215194013,replace
224,CUS-500223,البريد_الإلكتروني,EMAIL,user0224@bank-mail.example.com,replace
225,CUS-500224,ملاحظات_الموظف,SAUDI_ID,1268542808,review
225,CUS-500224,الاسم_الكامل,PERSON_NAME,نواف السديري,replace
225,CUS-500224,رقم_الهوية_أو_الإقامة,SAUDI_ID,1466092879,replace
225,CUS-500224,الجوال,MOBILE,0556808223,replace
225,CUS-500224,الآيبان,IBAN,SA2700364999600696134344,replace
225,CUS-500224,البريد_الإلكتروني,EMAIL,user0225@bank-mail.example.com,replace
226,CUS-500225,ملاحظات_الموظف,SAUDI_ID,1065782748,review
226,CUS-500225,الاسم_الكامل,PERSON_NAME,هاني الشهراني,replace
226,CUS-500225,رقم_الهوية_أو_الإقامة,SAUDI_ID,1951300233,replace
226,CUS-500225,الجوال,MOBILE,0500929808,replace
226,CUS-500225,الآيبان,IBAN,SA7970106535721254073972,replace
226,CUS-500225,البريد_الإلكتروني,EMAIL,user0226@bank-mail.example.com,replace
227,CUS-500226,ملاحظات_الموظف,MOBILE,0543535413,replace
227,CUS-500226,الاسم_الكامل,PERSON_NAME,أسماء البيشي,replace
227,CUS-500226,رقم_الهوية_أو_الإقامة,SAUDI_ID,2543191999,replace
227,CUS-500226,الجوال,MOBILE,0567178394,replace
227,CUS-500226,الآيبان,IBAN,SA8579103588599743828957,replace
227,CUS-500226,البريد_الإلكتروني,EMAIL,user0227@bank-mail.example.com,replace
228,CUS-500227,الاسم_الكامل,PERSON_NAME,عبير الأنصاري,replace
228,CUS-500227,رقم_الهوية_أو_الإقامة,SAUDI_ID,1907451619,replace
228,CUS-500227,الجوال,MOBILE,0509431800,replace
228,CUS-500227,الآيبان,IBAN,SA6282888045844696281047,replace
228,CUS-500227,البريد_الإلكتروني,EMAIL,user0228@bank-mail.example.com,replace
229,CUS-500228,الاسم_الكامل,PERSON_NAME,ابتسام البيشي,replace
229,CUS-500228,رقم_الهوية_أو_الإقامة,SAUDI_ID,2506256334,replace
229,CUS-500228,الجوال,MOBILE,0500342882,replace
229,CUS-500228,الآيبان,IBAN,SA6617366877411972177465,replace
229,CUS-500228,البريد_الإلكتروني,EMAIL,user0229@bank-mail.example.com,replace
230,CUS-500229,الاسم_الكامل,PERSON_NAME,دلال الخثعمي,replace
230,CUS-500229,رقم_الهوية_أو_الإقامة,SAUDI_ID,1576202673,replace
230,CUS-500229,الجوال,MOBILE,0538003904,replace
230,CUS-500229,الآيبان,IBAN,SA3919054806001919014600,replace
230,CUS-500229,البريد_الإلكتروني,EMAIL,user0230@bank-mail.example.com,replace
231,CUS-500230,ملاحظات_الموظف,SAUDI_ID,1952788774,review
231,CUS-500230,الاسم_الكامل,PERSON_NAME,معاذ العيسى,replace
231,CUS-500230,رقم_الهوية_أو_الإقامة,SAUDI_ID,1799446941,replace
231,CUS-500230,الجوال,MOBILE,0503169603,replace
231,CUS-500230,الآيبان,IBAN,SA4469868536865525367250,replace
231,CUS-500230,البريد_الإلكتروني,EMAIL,user0231@bank-mail.example.com,replace
232,CUS-500231,الاسم_الكامل,PERSON_NAME,سلمى الخثعمي,replace
232,CUS-500231,رقم_الهوية_أو_الإقامة,SAUDI_ID,2894638077,replace
232,CUS-500231,الجوال,MOBILE,0541838256,replace
232,CUS-500231,الآيبان,IBAN,SA9669624338412278146104,replace
232,CUS-500231,البريد_الإلكتروني,EMAIL,user0232@bank-mail.example.com,replace
233,CUS-500232,الاسم_الكامل,PERSON_NAME,هالة العجمي,replace
233,CUS-500232,رقم_الهوية_أو_الإقامة,SAUDI_ID,1580584157,replace
233,CUS-500232,الجوال,MOBILE,0539329273,replace
233,CUS-500232,الآيبان,IBAN,SA9748604896242715316211,replace
233,CUS-500232,البريد_الإلكتروني,EMAIL,user0233@bank-mail.example.com,replace
234,CUS-500233,الاسم_الكامل,PERSON_NAME,عبير باوزير,replace
234,CUS-500233,رقم_الهوية_أو_الإقامة,SAUDI_ID,1799647894,replace
234,CUS-500233,الجوال,MOBILE,0556721709,replace
234,CUS-500233,الآيبان,IBAN,SA6581450869706233310832,replace
234,CUS-500233,البريد_الإلكتروني,EMAIL,user0234@bank-mail.example.com,replace
235,CUS-500234,الاسم_الكامل,PERSON_NAME,منى العجمي,replace
235,CUS-500234,رقم_الهوية_أو_الإقامة,SAUDI_ID,1283390548,replace
235,CUS-500234,الجوال,MOBILE,0561898014,replace
235,CUS-500234,الآيبان,IBAN,SA5987064553763442015216,replace
235,CUS-500234,البريد_الإلكتروني,EMAIL,user0235@bank-mail.example.com,replace
236,CUS-500235,الاسم_الكامل,PERSON_NAME,يوسف العيسى,replace
236,CUS-500235,رقم_الهوية_أو_الإقامة,SAUDI_ID,2670537717,replace
236,CUS-500235,الجوال,MOBILE,0598390735,replace
236,CUS-500235,الآيبان,IBAN,SA4294591759031115493005,replace
236,CUS-500235,البريد_الإلكتروني,EMAIL,user0236@bank-mail.example.com,replace
237,CUS-500236,الاسم_الكامل,PERSON_NAME,ناصر باوزير,replace
237,CUS-500236,رقم_الهوية_أو_الإقامة,SAUDI_ID,1800936278,replace
237,CUS-500236,الجوال,MOBILE,0555514347,replace
237,CUS-500236,الآيبان,IBAN,SA6366998627065239841486,replace
237,CUS-500236,البريد_الإلكتروني,EMAIL,user0237@bank-mail.example.com,replace
238,CUS-500237,ملاحظات_الموظف,IBAN,SA5563146598515825812347,replace
238,CUS-500237,الاسم_الكامل,PERSON_NAME,ابتسام البيشي,replace
238,CUS-500237,رقم_الهوية_أو_الإقامة,SAUDI_ID,2558725194,replace
238,CUS-500237,الجوال,MOBILE,0597390102,replace
238,CUS-500237,الآيبان,IBAN,SA9210348998017341117938,replace
238,CUS-500237,البريد_الإلكتروني,EMAIL,user0238@bank-mail.example.com,replace
239,CUS-500238,الاسم_الكامل,PERSON_NAME,هاني السديري,replace
239,CUS-500238,رقم_الهوية_أو_الإقامة,SAUDI_ID,1713152963,replace
239,CUS-500238,الجوال,MOBILE,0559986146,replace
239,CUS-500238,الآيبان,IBAN,SA6746183705718765065893,replace
239,CUS-500238,البريد_الإلكتروني,EMAIL,user0239@bank-mail.example.com,replace
240,CUS-500239,الاسم_الكامل,PERSON_NAME,عبير الخثعمي,replace
240,CUS-500239,رقم_الهوية_أو_الإقامة,SAUDI_ID,1680890819,replace
240,CUS-500239,الجوال,MOBILE,0541066941,replace
240,CUS-500239,الآيبان,IBAN,SA3552695859366711638866,replace
240,CUS-500239,البريد_الإلكتروني,EMAIL,user0240@bank-mail.example.com,replace
241,CUS-500240,الاسم_الكامل,PERSON_NAME,خلود الزامل,replace
241,CUS-500240,رقم_الهوية_أو_الإقامة,SAUDI_ID,2234765770,replace
241,CUS-500240,الجوال,MOBILE,0548134745,replace
241,CUS-500240,الآيبان,IBAN,SA9543819173611264802190,replace
241,CUS-500240,البريد_الإلكتروني,EMAIL,user0241@bank-mail.example.com,replace
242,CUS-500241,ملاحظات_الموظف,IBAN,SA2568169746566274573292,replace
242,CUS-500241,الاسم_الكامل,PERSON_NAME,ناصر الكثيري,replace
242,CUS-500241,رقم_الهوية_أو_الإقامة,SAUDI_ID,2354451201,replace
242,CUS-500241,الجوال,MOBILE,0552644254,replace
242,CUS-500241,الآيبان,IBAN,SA6691249459996695829489,replace
242,CUS-500241,البريد_الإلكتروني,EMAIL,user0242@bank-mail.example.com,replace
243,CUS-500242,ملاحظات_الموظف,IBAN,SA1406550313089960752511,replace
243,CUS-500242,الاسم_الكامل,PERSON_NAME,ابتسام العجمي,replace
243,CUS-500242,رقم_الهوية_أو_الإقامة,SAUDI_ID,2103541963,replace
243,CUS-500242,الجوال,MOBILE,0504235668,replace
243,CUS-500242,الآيبان,IBAN,SA9204048431676315538258,replace
243,CUS-500242,البريد_الإلكتروني,EMAIL,user0243@bank-mail.example.com,replace
244,CUS-500243,الاسم_الكامل,PERSON_NAME,سلمى الشهراني,replace
244,CUS-500243,رقم_الهوية_أو_الإقامة,SAUDI_ID,1267220919,replace
244,CUS-500243,الجوال,MOBILE,0504511822,replace
244,CUS-500243,الآيبان,IBAN,SA5327907420761757976453,replace
244,CUS-500243,البريد_الإلكتروني,EMAIL,user0244@bank-mail.example.com,replace
245,CUS-500244,الاسم_الكامل,PERSON_NAME,حمد باوزير,replace
245,CUS-500244,رقم_الهوية_أو_الإقامة,SAUDI_ID,1178379051,replace
245,CUS-500244,الجوال,MOBILE,0558641895,replace
245,CUS-500244,الآيبان,IBAN,SA8820661780188740245564,replace
245,CUS-500244,البريد_الإلكتروني,EMAIL,user0245@bank-mail.example.com,replace
246,CUS-500245,ملاحظات_الموظف,MOBILE,0544122779,replace
246,CUS-500245,الاسم_الكامل,PERSON_NAME,أسماء الخثعمي,replace
246,CUS-500245,رقم_الهوية_أو_الإقامة,SAUDI_ID,2841205582,replace
246,CUS-500245,الجوال,MOBILE,0553619688,replace
246,CUS-500245,الآيبان,IBAN,SA1395406197522924889608,replace
246,CUS-500245,البريد_الإلكتروني,EMAIL,user0246@bank-mail.example.com,replace
247,CUS-500246,الاسم_الكامل,PERSON_NAME,هاني الهاجري,replace
247,CUS-500246,رقم_الهوية_أو_الإقامة,SAUDI_ID,1263923045,replace
247,CUS-500246,الجوال,MOBILE,0555766394,replace
247,CUS-500246,الآيبان,IBAN,SA4723369968861757703092,replace
247,CUS-500246,البريد_الإلكتروني,EMAIL,user0247@bank-mail.example.com,replace
248,CUS-500247,الاسم_الكامل,PERSON_NAME,دلال البيشي,replace
248,CUS-500247,رقم_الهوية_أو_الإقامة,SAUDI_ID,1164902767,replace
248,CUS-500247,الجوال,MOBILE,0560563429,replace
248,CUS-500247,الآيبان,IBAN,SA8983412692011336527774,replace
248,CUS-500247,البريد_الإلكتروني,EMAIL,user0248@bank-mail.example.com,replace
249,CUS-500248,الاسم_الكامل,PERSON_NAME,ابتسام الشهراني,replace
249,CUS-500248,رقم_الهوية_أو_الإقامة,SAUDI_ID,1260983372,replace
249,CUS-500248,الجوال,MOBILE,0549773446,replace
249,CUS-500248,الآيبان,IBAN,SA4070480630880480886456,replace
249,CUS-500248,البريد_الإلكتروني,EMAIL,user0249@bank-mail.example.com,replace
250,CUS-500249,الاسم_الكامل,PERSON_NAME,سلمى النعيمي,replace
250,CUS-500249,رقم_الهوية_أو_الإقامة,SAUDI_ID,1240357184,replace
250,CUS-500249,الجوال,MOBILE,0547163441,replace
250,CUS-500249,الآيبان,IBAN,SA3787567514854112548308,replace
250,CUS-500249,البريد_الإلكتروني,EMAIL,user0250@bank-mail.example.com,replace
251,CUS-500250,ملاحظات_الموظف,MOBILE,0549677143,replace
251,CUS-500250,الاسم_الكامل,PERSON_NAME,دلال العجمي,replace
251,CUS-500250,رقم_الهوية_أو_الإقامة,SAUDI_ID,1919503324,replace
251,CUS-500250,الجوال,MOBILE,0551286421,replace
251,CUS-500250,الآيبان,IBAN,SA6493584471033769520145,replace
251,CUS-500250,البريد_الإلكتروني,EMAIL,user0251@bank-mail.example.com,replace
252,CUS-500251,الاسم_الكامل,PERSON_NAME,عبير باوزير,replace
252,CUS-500251,رقم_الهوية_أو_الإقامة,SAUDI_ID,1941027359,replace
252,CUS-500251,الجوال,MOBILE,0550598876,replace
252,CUS-500251,الآيبان,IBAN,SA0660922557680691436709,replace
252,CUS-500251,البريد_الإلكتروني,EMAIL,user0252@bank-mail.example.com,replace
253,CUS-500252,ملاحظات_الموظف,SAUDI_ID,1946600275,review
253,CUS-500252,الاسم_الكامل,PERSON_NAME,أسامة الكثيري,replace
253,CUS-500252,رقم_الهوية_أو_الإقامة,SAUDI_ID,1396168534,replace
253,CUS-500252,الجوال,MOBILE,0539988871,replace
253,CUS-500252,الآيبان,IBAN,SA4389985803609263019659,replace
253,CUS-500252,البريد_الإلكتروني,EMAIL,user0253@bank-mail.example.com,replace
254,CUS-500253,ملاحظات_الموظف,IBAN,SA5854303573751399040383,replace
254,CUS-500253,الاسم_الكامل,PERSON_NAME,قصي العجمي,replace
254,CUS-500253,رقم_الهوية_أو_الإقامة,SAUDI_ID,2258948211,replace
254,CUS-500253,الجوال,MOBILE,0553042617,replace
254,CUS-500253,الآيبان,IBAN,SA8292698248211955190003,replace
254,CUS-500253,البريد_الإلكتروني,EMAIL,user0254@bank-mail.example.com,replace
255,CUS-500254,ملاحظات_الموظف,MOBILE,0535843441,replace
255,CUS-500254,الاسم_الكامل,PERSON_NAME,فيصل العيسى,replace
255,CUS-500254,رقم_الهوية_أو_الإقامة,SAUDI_ID,1167147147,replace
255,CUS-500254,الجوال,MOBILE,0556086137,replace
255,CUS-500254,الآيبان,IBAN,SA2299261105884840505376,replace
255,CUS-500254,البريد_الإلكتروني,EMAIL,user0255@bank-mail.example.com,replace
256,CUS-500255,ملاحظات_الموظف,SAUDI_ID,1700596941,review
256,CUS-500255,الاسم_الكامل,PERSON_NAME,خلود الزامل,replace
256,CUS-500255,رقم_الهوية_أو_الإقامة,SAUDI_ID,1313121277,replace
256,CUS-500255,الجوال,MOBILE,0504467317,replace
256,CUS-500255,الآيبان,IBAN,SA2063040515885868504449,replace
256,CUS-500255,البريد_الإلكتروني,EMAIL,user0256@bank-mail.example.com,replace
257,CUS-500256,الاسم_الكامل,PERSON_NAME,معاذ الخثعمي,replace
257,CUS-500256,رقم_الهوية_أو_الإقامة,SAUDI_ID,2362910156,replace
257,CUS-500256,الجوال,MOBILE,0535143289,replace
257,CUS-500256,الآيبان,IBAN,SA5592988275695161526294,replace
257,CUS-500256,البريد_الإلكتروني,EMAIL,user0257@bank-mail.example.com,replace
258,CUS-500257,الاسم_الكامل,PERSON_NAME,عبدالرحمن الهاجري,replace
258,CUS-500257,رقم_الهوية_أو_الإقامة,SAUDI_ID,1029001748,replace
258,CUS-500257,الجوال,MOBILE,0555240889,replace
258,CUS-500257,الآيبان,IBAN,SA5007051960455824232296,replace
258,CUS-500257,البريد_الإلكتروني,EMAIL,user0258@bank-mail.example.com,replace
259,CUS-500258,الاسم_الكامل,PERSON_NAME,هالة الشهراني,replace
259,CUS-500258,رقم_الهوية_أو_الإقامة,SAUDI_ID,1260065915,replace
259,CUS-500258,الجوال,MOBILE,0546472353,replace
259,CUS-500258,الآيبان,IBAN,SA7351813982368358538207,replace
259,CUS-500258,البريد_الإلكتروني,EMAIL,user0259@bank-mail.example.com,replace
260,CUS-500259,ملاحظات_الموظف,IBAN,SA3938925195538405872108,replace
260,CUS-500259,الاسم_الكامل,PERSON_NAME,جواهر الخثعمي,replace
260,CUS-500259,رقم_الهوية_أو_الإقامة,SAUDI_ID,2602660306,replace
260,CUS-500259,الجوال,MOBILE,0530728462,replace
260,CUS-500259,الآيبان,IBAN,SA1704515808144209316605,replace
260,CUS-500259,البريد_الإلكتروني,EMAIL,user0260@bank-mail.example.com,replace
261,CUS-500260,ملاحظات_الموظف,SAUDI_ID,1003556717,review
261,CUS-500260,الاسم_الكامل,PERSON_NAME,نواف النعيمي,replace
261,CUS-500260,رقم_الهوية_أو_الإقامة,SAUDI_ID,1703698165,replace
261,CUS-500260,الجوال,MOBILE,0599649039,replace
261,CUS-500260,الآيبان,IBAN,SA4771601131091592209711,replace
261,CUS-500260,البريد_الإلكتروني,EMAIL,user0261@bank-mail.example.com,replace
262,CUS-500261,الاسم_الكامل,PERSON_NAME,جواهر باوزير,replace
262,CUS-500261,رقم_الهوية_أو_الإقامة,SAUDI_ID,2150897961,replace
262,CUS-500261,الجوال,MOBILE,0534851792,replace
262,CUS-500261,الآيبان,IBAN,SA0746184422933209554865,replace
262,CUS-500261,البريد_الإلكتروني,EMAIL,user0262@bank-mail.example.com,replace
263,CUS-500262,الاسم_الكامل,PERSON_NAME,هالة العيسى,replace
263,CUS-500262,رقم_الهوية_أو_الإقامة,SAUDI_ID,2511270940,replace
263,CUS-500262,الجوال,MOBILE,0564685783,replace
263,CUS-500262,الآيبان,IBAN,SA0227855313155274908611,replace
263,CUS-500262,البريد_الإلكتروني,EMAIL,user0263@bank-mail.example.com,replace
264,CUS-500263,ملاحظات_الموظف,IBAN,SA7805906862812659375885,replace
264,CUS-500263,الاسم_الكامل,PERSON_NAME,قصي النعيمي,replace
264,CUS-500263,رقم_الهوية_أو_الإقامة,SAUDI_ID,1142916483,replace
264,CUS-500263,الجوال,MOBILE,0545394499,replace
264,CUS-500263,الآيبان,IBAN,SA8620152868548616174800,replace
264,CUS-500263,البريد_الإلكتروني,EMAIL,user0264@bank-mail.example.com,replace
265,CUS-500264,ملاحظات_الموظف,IBAN,SA2010379922424892106407,replace
265,CUS-500264,الاسم_الكامل,PERSON_NAME,ابتسام السديري,replace
265,CUS-500264,رقم_الهوية_أو_الإقامة,SAUDI_ID,1171693284,replace
265,CUS-500264,الجوال,MOBILE,0551280272,replace
265,CUS-500264,الآيبان,IBAN,SA5508181921975961297630,replace
265,CUS-500264,البريد_الإلكتروني,EMAIL,user0265@bank-mail.example.com,replace
266,CUS-500265,الاسم_الكامل,PERSON_NAME,إبراهيم باوزير,replace
266,CUS-500265,رقم_الهوية_أو_الإقامة,SAUDI_ID,2961483043,replace
266,CUS-500265,الجوال,MOBILE,0555763457,replace
266,CUS-500265,الآيبان,IBAN,SA8627235084792984201983,replace
266,CUS-500265,البريد_الإلكتروني,EMAIL,user0266@bank-mail.example.com,replace
267,CUS-500266,الاسم_الكامل,PERSON_NAME,أسماء التميمي,replace
267,CUS-500266,رقم_الهوية_أو_الإقامة,SAUDI_ID,2065527778,replace
267,CUS-500266,الجوال,MOBILE,0550249524,replace
267,CUS-500266,الآيبان,IBAN,SA0538591090120410778843,replace
267,CUS-500266,البريد_الإلكتروني,EMAIL,user0267@bank-mail.example.com,replace
268,CUS-500267,ملاحظات_الموظف,IBAN,SA2326619025626017155930,replace
268,CUS-500267,الاسم_الكامل,PERSON_NAME,تركي باوزير,replace
268,CUS-500267,رقم_الهوية_أو_الإقامة,SAUDI_ID,2491019655,replace
268,CUS-500267,الجوال,MOBILE,0561398673,replace
268,CUS-500267,الآيبان,IBAN,SA1299904578881052661171,replace
268,CUS-500267,البريد_الإلكتروني,EMAIL,user0268@bank-mail.example.com,replace
269,CUS-500268,ملاحظات_الموظف,IBAN,SA8048744728335665835949,replace
269,CUS-500268,الاسم_الكامل,PERSON_NAME,أمل العيسى,replace
269,CUS-500268,رقم_الهوية_أو_الإقامة,SAUDI_ID,1145834287,replace
269,CUS-500268,الجوال,MOBILE,0503932478,replace
269,CUS-500268,الآيبان,IBAN,SA4851297700901231572342,replace
269,CUS-500268,البريد_الإلكتروني,EMAIL,user0269@bank-mail.example.com,replace
270,CUS-500269,الاسم_الكامل,PERSON_NAME,جواهر الشهراني,replace
270,CUS-500269,رقم_الهوية_أو_الإقامة,SAUDI_ID,1739000592,replace
270,CUS-500269,الجوال,MOBILE,0554809782,replace
270,CUS-500269,الآيبان,IBAN,SA8073608400780566898010,replace
270,CUS-500269,البريد_الإلكتروني,EMAIL,user0270@bank-mail.example.com,replace
271,CUS-500270,الاسم_الكامل,PERSON_NAME,حصة الزامل,replace
271,CUS-500270,رقم_الهوية_أو_الإقامة,SAUDI_ID,1480697521,replace
271,CUS-500270,الجوال,MOBILE,0561334357,replace
271,CUS-500270,الآيبان,IBAN,SA0669387105956483511310,replace
271,CUS-500270,البريد_الإلكتروني,EMAIL,user0271@bank-mail.example.com,replace
272,CUS-500271,الاسم_الكامل,PERSON_NAME,هاني الخثعمي,replace
272,CUS-500271,رقم_الهوية_أو_الإقامة,SAUDI_ID,1095555783,replace
272,CUS-500271,الجوال,MOBILE,0558391688,replace
272,CUS-500271,الآيبان,IBAN,SA7205252873416715184898,replace
272,CUS-500271,البريد_الإلكتروني,EMAIL,user0272@bank-mail.example.com,replace
273,CUS-500272,الاسم_الكامل,PERSON_NAME,فيصل البيشي,replace
273,CUS-500272,رقم_الهوية_أو_الإقامة,SAUDI_ID,1365919271,replace
273,CUS-500272,الجوال,MOBILE,0501101220,replace
273,CUS-500272,الآيبان,IBAN,SA2652245519382910603916,replace
273,CUS-500272,البريد_الإلكتروني,EMAIL,user0273@bank-mail.example.com,replace
274,CUS-500273,ملاحظات_الموظف,SAUDI_ID,1026303881,review
274,CUS-500273,الاسم_الكامل,PERSON_NAME,جواهر التميمي,replace
274,CUS-500273,رقم_الهوية_أو_الإقامة,SAUDI_ID,1131905315,replace
274,CUS-500273,الجوال,MOBILE,0541443850,replace
274,CUS-500273,الآيبان,IBAN,SA5127354222633374359771,replace
274,CUS-500273,البريد_الإلكتروني,EMAIL,user0274@bank-mail.example.com,replace
275,CUS-500274,الاسم_الكامل,PERSON_NAME,فاطمة باوزير,replace
275,CUS-500274,رقم_الهوية_أو_الإقامة,SAUDI_ID,1631549332,replace
275,CUS-500274,الجوال,MOBILE,0535116507,replace
275,CUS-500274,الآيبان,IBAN,SA0798140756886325104079,replace
275,CUS-500274,البريد_الإلكتروني,EMAIL,user0275@bank-mail.example.com,replace
276,CUS-500275,الاسم_الكامل,PERSON_NAME,سلمان الخثعمي,replace
276,CUS-500275,رقم_الهوية_أو_الإقامة,SAUDI_ID,2650231463,replace
276,CUS-500275,الجوال,MOBILE,0565894336,replace
276,CUS-500275,الآيبان,IBAN,SA1703076782879562210108,replace
276,CUS-500275,البريد_الإلكتروني,EMAIL,user0276@bank-mail.example.com,replace
277,CUS-500276,ملاحظات_الموظف,SAUDI_ID,1437001363,review
277,CUS-500276,الاسم_الكامل,PERSON_NAME,عبدالعزيز الخثعمي,replace
277,CUS-500276,رقم_الهوية_أو_الإقامة,SAUDI_ID,1749120679,replace
277,CUS-500276,الجوال,MOBILE,0545863676,replace
277,CUS-500276,الآيبان,IBAN,SA7651245907780055606353,replace
277,CUS-500276,البريد_الإلكتروني,EMAIL,user0277@bank-mail.example.com,replace
278,CUS-500277,ملاحظات_الموظف,IBAN,SA2984891112303776508873,replace
278,CUS-500277,الاسم_الكامل,PERSON_NAME,خلود التميمي,replace
278,CUS-500277,رقم_الهوية_أو_الإقامة,SAUDI_ID,1765475338,replace
278,CUS-500277,الجوال,MOBILE,0530039255,replace
278,CUS-500277,الآيبان,IBAN,SA5926824884280911012745,replace
278,CUS-500277,البريد_الإلكتروني,EMAIL,user0278@bank-mail.example.com,replace
279,CUS-500278,الاسم_الكامل,PERSON_NAME,سامي الهاجري,replace
279,CUS-500278,رقم_الهوية_أو_الإقامة,SAUDI_ID,2525713323,replace
279,CUS-500278,الجوال,MOBILE,0553907452,replace
279,CUS-500278,الآيبان,IBAN,SA3956722047641514159013,replace
279,CUS-500278,البريد_الإلكتروني,EMAIL,user0279@bank-mail.example.com,replace
280,CUS-500279,الاسم_الكامل,PERSON_NAME,أسماء العجمي,replace
280,CUS-500279,رقم_الهوية_أو_الإقامة,SAUDI_ID,2861523633,replace
280,CUS-500279,الجوال,MOBILE,0536707261,replace
280,CUS-500279,الآيبان,IBAN,SA9666569461111686295659,replace
280,CUS-500279,البريد_الإلكتروني,EMAIL,user0280@bank-mail.example.com,replace
281,CUS-500280,الاسم_الكامل,PERSON_NAME,فيصل الزامل,replace
281,CUS-500280,رقم_الهوية_أو_الإقامة,SAUDI_ID,1279517815,replace
281,CUS-500280,الجوال,MOBILE,0536134241,replace
281,CUS-500280,الآيبان,IBAN,SA5967848422364588322452,replace
281,CUS-500280,البريد_الإلكتروني,EMAIL,user0281@bank-mail.example.com,replace
282,CUS-500281,الاسم_الكامل,PERSON_NAME,سامي الشهراني,replace
282,CUS-500281,رقم_الهوية_أو_الإقامة,SAUDI_ID,1635118936,replace
282,CUS-500281,الجوال,MOBILE,0504280025,replace
282,CUS-500281,الآيبان,IBAN,SA3850671274501519789127,replace
282,CUS-500281,البريد_الإلكتروني,EMAIL,user0282@bank-mail.example.com,replace
283,CUS-500282,الاسم_الكامل,PERSON_NAME,حمد التميمي,replace
283,CUS-500282,رقم_الهوية_أو_الإقامة,SAUDI_ID,1988895247,replace
283,CUS-500282,الجوال,MOBILE,0537669064,replace
283,CUS-500282,الآيبان,IBAN,SA4579619825865791076167,replace
283,CUS-500282,البريد_الإلكتروني,EMAIL,user0283@bank-mail.example.com,replace
284,CUS-500283,ملاحظات_الموظف,MOBILE,0568218914,replace
284,CUS-500283,الاسم_الكامل,PERSON_NAME,جواهر باوزير,replace
284,CUS-500283,رقم_الهوية_أو_الإقامة,SAUDI_ID,1393072473,replace
284,CUS-500283,الجوال,MOBILE,0530281817,replace
284,CUS-500283,الآيبان,IBAN,SA7023070230838375192120,replace
284,CUS-500283,البريد_الإلكتروني,EMAIL,user0284@bank-mail.example.com,replace
285,CUS-500284,ملاحظات_الموظف,SAUDI_ID,1254768854,review
285,CUS-500284,الاسم_الكامل,PERSON_NAME,جواهر الخثعمي,replace
285,CUS-500284,رقم_الهوية_أو_الإقامة,SAUDI_ID,1140370600,replace
285,CUS-500284,الجوال,MOBILE,0595963585,replace
285,CUS-500284,الآيبان,IBAN,SA9595426543865722458070,replace
285,CUS-500284,البريد_الإلكتروني,EMAIL,user0285@bank-mail.example.com,replace
286,CUS-500285,الاسم_الكامل,PERSON_NAME,أمل الصقير,replace
286,CUS-500285,رقم_الهوية_أو_الإقامة,SAUDI_ID,1645266360,replace
286,CUS-500285,الجوال,MOBILE,0536536546,replace
286,CUS-500285,الآيبان,IBAN,SA3590191742156485785411,replace
286,CUS-500285,البريد_الإلكتروني,EMAIL,user0286@bank-mail.example.com,replace
287,CUS-500286,ملاحظات_الموظف,IBAN,SA1474005100068474114724,replace
287,CUS-500286,الاسم_الكامل,PERSON_NAME,ليان العجمي,replace
287,CUS-500286,رقم_الهوية_أو_الإقامة,SAUDI_ID,1465100921,replace
287,CUS-500286,الجوال,MOBILE,0593128436,replace
287,CUS-500286,الآيبان,IBAN,SA3934766939578338725595,replace
287,CUS-500286,البريد_الإلكتروني,EMAIL,user0287@bank-mail.example.com,replace
288,CUS-500287,ملاحظات_الموظف,SAUDI_ID,1206406363,review
288,CUS-500287,الاسم_الكامل,PERSON_NAME,تركي البيشي,replace
288,CUS-500287,رقم_الهوية_أو_الإقامة,SAUDI_ID,1600859498,replace
288,CUS-500287,الجوال,MOBILE,0567982121,replace
288,CUS-500287,الآيبان,IBAN,SA1120519355457408985127,replace
288,CUS-500287,البريد_الإلكتروني,EMAIL,user0288@bank-mail.example.com,replace
289,CUS-500288,الاسم_الكامل,PERSON_NAME,عبير الشهراني,replace
289,CUS-500288,رقم_الهوية_أو_الإقامة,SAUDI_ID,2838138739,replace
289,CUS-500288,الجوال,MOBILE,0506081695,replace
289,CUS-500288,الآيبان,IBAN,SA6340606255145183298772,replace
289,CUS-500288,البريد_الإلكتروني,EMAIL,user0289@bank-mail.example.com,replace
290,CUS-500289,ملاحظات_الموظف,MOBILE,0565871787,replace
290,CUS-500289,الاسم_الكامل,PERSON_NAME,هالة باوزير,replace
290,CUS-500289,رقم_الهوية_أو_الإقامة,SAUDI_ID,2739639447,replace
290,CUS-500289,الجوال,MOBILE,0534780884,replace
290,CUS-500289,الآيبان,IBAN,SA1321873454093834356515,replace
290,CUS-500289,البريد_الإلكتروني,EMAIL,user0290@bank-mail.example.com,replace
291,CUS-500290,الاسم_الكامل,PERSON_NAME,سامي البيشي,replace
291,CUS-500290,رقم_الهوية_أو_الإقامة,SAUDI_ID,2104746173,replace
291,CUS-500290,الجوال,MOBILE,0593166957,replace
291,CUS-500290,الآيبان,IBAN,SA2268434787450907362991,replace
291,CUS-500290,البريد_الإلكتروني,EMAIL,user0291@bank-mail.example.com,replace
292,CUS-500291,ملاحظات_الموظف,SAUDI_ID,1815090814,review
292,CUS-500291,الاسم_الكامل,PERSON_NAME,عبدالعزيز الكثيري,replace
292,CUS-500291,رقم_الهوية_أو_الإقامة,SAUDI_ID,1092760477,replace
292,CUS-500291,الجوال,MOBILE,0534226884,replace
292,CUS-500291,الآيبان,IBAN,SA7352368234077459393481,replace
292,CUS-500291,البريد_الإلكتروني,EMAIL,user0292@bank-mail.example.com,replace
293,CUS-500292,الاسم_الكامل,PERSON_NAME,نورة الخثعمي,replace
293,CUS-500292,رقم_الهوية_أو_الإقامة,SAUDI_ID,2058064896,replace
293,CUS-500292,الجوال,MOBILE,0569556810,replace
293,CUS-500292,الآيبان,IBAN,SA1896708015023296311932,replace
293,CUS-500292,البريد_الإلكتروني,EMAIL,user0293@bank-mail.example.com,replace
294,CUS-500293,الاسم_الكامل,PERSON_NAME,مشاعل العجمي,replace
294,CUS-500293,رقم_الهوية_أو_الإقامة,SAUDI_ID,1461249854,replace
294,CUS-500293,الجوال,MOBILE,0534228029,replace
294,CUS-500293,الآيبان,IBAN,SA7464984716327756063902,replace
294,CUS-500293,البريد_الإلكتروني,EMAIL,user0294@bank-mail.example.com,replace
295,CUS-500294,ملاحظات_الموظف,MOBILE,0505987727,replace
295,CUS-500294,الاسم_الكامل,PERSON_NAME,أسامة العجمي,replace
295,CUS-500294,رقم_الهوية_أو_الإقامة,SAUDI_ID,1004845556,replace
295,CUS-500294,الجوال,MOBILE,0534543537,replace
295,CUS-500294,الآيبان,IBAN,SA0745986320443290871826,replace
295,CUS-500294,البريد_الإلكتروني,EMAIL,user0295@bank-mail.example.com,replace
296,CUS-500295,الاسم_الكامل,PERSON_NAME,أسامة المري,replace
296,CUS-500295,رقم_الهوية_أو_الإقامة,SAUDI_ID,1606514238,replace
296,CUS-500295,الجوال,MOBILE,0503958939,replace
296,CUS-500295,الآيبان,IBAN,SA8363276446790356870644,replace
296,CUS-500295,البريد_الإلكتروني,EMAIL,user0296@bank-mail.example.com,replace
297,CUS-500296,الاسم_الكامل,PERSON_NAME,أمل العيسى,replace
297,CUS-500296,رقم_الهوية_أو_الإقامة,SAUDI_ID,1984128353,replace
297,CUS-500296,الجوال,MOBILE,0533136998,replace
297,CUS-500296,الآيبان,IBAN,SA9589860457998869037959,replace
297,CUS-500296,البريد_الإلكتروني,EMAIL,user0297@bank-mail.example.com,replace
298,CUS-500297,الاسم_الكامل,PERSON_NAME,أمل العجمي,replace
298,CUS-500297,رقم_الهوية_أو_الإقامة,SAUDI_ID,2728882107,replace
298,CUS-500297,الجوال,MOBILE,0532795658,replace
298,CUS-500297,الآيبان,IBAN,SA7292923415894380232978,replace
298,CUS-500297,البريد_الإلكتروني,EMAIL,user0298@bank-mail.example.com,replace
299,CUS-500298,الاسم_الكامل,PERSON_NAME,عبير الأنصاري,replace
299,CUS-500298,رقم_الهوية_أو_الإقامة,SAUDI_ID,1237710767,replace
299,CUS-500298,الجوال,MOBILE,0598133212,replace
299,CUS-500298,الآيبان,IBAN,SA9487207871676180971410,replace
299,CUS-500298,البريد_الإلكتروني,EMAIL,user0299@bank-mail.example.com,replace
300,CUS-500299,الاسم_الكامل,PERSON_NAME,فيصل الشهراني,replace
300,CUS-500299,رقم_الهوية_أو_الإقامة,SAUDI_ID,1101202115,replace
300,CUS-500299,الجوال,MOBILE,0531616016,replace
300,CUS-500299,الآيبان,IBAN,SA5440552566968407697790,replace
300,CUS-500299,البريد_الإلكتروني,EMAIL,user0300@bank-mail.example.com,replace
301,CUS-500300,الاسم_الكامل,PERSON_NAME,هاني الجبرين,replace
301,CUS-500300,رقم_الهوية_أو_الإقامة,SAUDI_ID,1854090386,replace
301,CUS-500300,الجوال,MOBILE,0598383452,replace
301,CUS-500300,الآيبان,IBAN,SA9126475066381684193883,replace
301,CUS-500300,البريد_الإلكتروني,EMAIL,user0301@bank-mail.example.com,replace
302,CUS-500301,ملاحظات_الموظف,SAUDI_ID,1592468589,review
302,CUS-500301,الاسم_الكامل,PERSON_NAME,ناصر الجبرين,replace
302,CUS-500301,رقم_الهوية_أو_الإقامة,SAUDI_ID,2620566469,replace
302,CUS-500301,الجوال,MOBILE,0595792292,replace
302,CUS-500301,الآيبان,IBAN,SA2542586488980281764608,replace
302,CUS-500301,البريد_الإلكتروني,EMAIL,user0302@bank-mail.example.com,replace
303,CUS-500302,الاسم_الكامل,PERSON_NAME,ابتسام باوزير,replace
303,CUS-500302,رقم_الهوية_أو_الإقامة,SAUDI_ID,1787335312,replace
303,CUS-500302,الجوال,MOBILE,0548788206,replace
303,CUS-500302,الآيبان,IBAN,SA0776747539644683508144,replace
303,CUS-500302,البريد_الإلكتروني,EMAIL,user0303@bank-mail.example.com,replace
304,CUS-500303,ملاحظات_الموظف,MOBILE,0561829118,replace
304,CUS-500303,الاسم_الكامل,PERSON_NAME,هالة التميمي,replace
304,CUS-500303,رقم_الهوية_أو_الإقامة,SAUDI_ID,1023506775,replace
304,CUS-500303,الجوال,MOBILE,0503854599,replace
304,CUS-500303,الآيبان,IBAN,SA5469108675468766889900,replace
304,CUS-500303,البريد_الإلكتروني,EMAIL,user0304@bank-mail.example.com,replace
305,CUS-500304,ملاحظات_الموظف,IBAN,SA5874090172511388426477,replace
305,CUS-500304,الاسم_الكامل,PERSON_NAME,أمل المري,replace
305,CUS-500304,رقم_الهوية_أو_الإقامة,SAUDI_ID,1914644057,replace
305,CUS-500304,الجوال,MOBILE,0563061047,replace
305,CUS-500304,الآيبان,IBAN,SA6758024759027145570749,replace
305,CUS-500304,البريد_الإلكتروني,EMAIL,user0305@bank-mail.example.com,replace
306,CUS-500305,الاسم_الكامل,PERSON_NAME,نورة الكثيري,replace
306,CUS-500305,رقم_الهوية_أو_الإقامة,SAUDI_ID,2036121859,replace
306,CUS-500305,الجوال,MOBILE,0540405937,replace
306,CUS-500305,الآيبان,IBAN,SA7667228709236938635275,replace
306,CUS-500305,البريد_الإلكتروني,EMAIL,user0306@bank-mail.example.com,replace
307,CUS-500306,ملاحظات_الموظف,IBAN,SA6790087145960440699833,replace
307,CUS-500306,الاسم_الكامل,PERSON_NAME,عبدالعزيز الكثيري,replace
307,CUS-500306,رقم_الهوية_أو_الإقامة,SAUDI_ID,2184375901,replace
307,CUS-500306,الجوال,MOBILE,0538795100,replace
307,CUS-500306,الآيبان,IBAN,SA9538062126858531539524,replace
307,CUS-500306,البريد_الإلكتروني,EMAIL,user0307@bank-mail.example.com,replace
308,CUS-500307,الاسم_الكامل,PERSON_NAME,فاطمة الجبرين,replace
308,CUS-500307,رقم_الهوية_أو_الإقامة,SAUDI_ID,1186150767,replace
308,CUS-500307,الجوال,MOBILE,0546832591,replace
308,CUS-500307,الآيبان,IBAN,SA0589782214226652071050,replace
308,CUS-500307,البريد_الإلكتروني,EMAIL,user0308@bank-mail.example.com,replace
309,CUS-500308,الاسم_الكامل,PERSON_NAME,سلمى البيشي,replace
309,CUS-500308,رقم_الهوية_أو_الإقامة,SAUDI_ID,1929866984,replace
309,CUS-500308,الجوال,MOBILE,0531487929,replace
309,CUS-500308,الآيبان,IBAN,SA1163537916983144380539,replace
309,CUS-500308,البريد_الإلكتروني,EMAIL,user0309@bank-mail.example.com,replace
310,CUS-500309,الاسم_الكامل,PERSON_NAME,ناصر التميمي,replace
310,CUS-500309,رقم_الهوية_أو_الإقامة,SAUDI_ID,1016763243,replace
310,CUS-500309,الجوال,MOBILE,0548377483,replace
310,CUS-500309,الآيبان,IBAN,SA3200684342715335702905,replace
310,CUS-500309,البريد_الإلكتروني,EMAIL,user0310@bank-mail.example.com,replace
311,CUS-500310,الاسم_الكامل,PERSON_NAME,حمد المري,replace
311,CUS-500310,رقم_الهوية_أو_الإقامة,SAUDI_ID,2812126213,replace
311,CUS-500310,الجوال,MOBILE,0501418476,replace
311,CUS-500310,الآيبان,IBAN,SA6908708501883965536109,replace
311,CUS-500310,البريد_الإلكتروني,EMAIL,user0311@bank-mail.example.com,replace
312,CUS-500311,الاسم_الكامل,PERSON_NAME,إبراهيم المري,replace
312,CUS-500311,رقم_الهوية_أو_الإقامة,SAUDI_ID,1695490241,replace
312,CUS-500311,الجوال,MOBILE,0537066277,replace
312,CUS-500311,الآيبان,IBAN,SA6571830172740970434905,replace
312,CUS-500311,البريد_الإلكتروني,EMAIL,user0312@bank-mail.example.com,replace
313,CUS-500312,الاسم_الكامل,PERSON_NAME,تركي النعيمي,replace
313,CUS-500312,رقم_الهوية_أو_الإقامة,SAUDI_ID,1436336281,replace
313,CUS-500312,الجوال,MOBILE,0502301614,replace
313,CUS-500312,الآيبان,IBAN,SA6687229781634704201351,replace
313,CUS-500312,البريد_الإلكتروني,EMAIL,user0313@bank-mail.example.com,replace
314,CUS-500313,الاسم_الكامل,PERSON_NAME,قصي الجبرين,replace
314,CUS-500313,رقم_الهوية_أو_الإقامة,SAUDI_ID,1131179564,replace
314,CUS-500313,الجوال,MOBILE,0596642910,replace
314,CUS-500313,الآيبان,IBAN,SA7508993034767266462449,replace
314,CUS-500313,البريد_الإلكتروني,EMAIL,user0314@bank-mail.example.com,replace
315,CUS-500314,الاسم_الكامل,PERSON_NAME,ابتسام البيشي,replace
315,CUS-500314,رقم_الهوية_أو_الإقامة,SAUDI_ID,1342435664,replace
315,CUS-500314,الجوال,MOBILE,0556355141,replace
315,CUS-500314,الآيبان,IBAN,SA5552572029473712556746,replace
315,CUS-500314,البريد_الإلكتروني,EMAIL,user0315@bank-mail.example.com,replace
316,CUS-500315,ملاحظات_الموظف,SAUDI_ID,1862330204,review
316,CUS-500315,الاسم_الكامل,PERSON_NAME,عبدالعزيز الشهراني,replace
316,CUS-500315,رقم_الهوية_أو_الإقامة,SAUDI_ID,1768304139,replace
316,CUS-500315,الجوال,MOBILE,0536842608,replace
316,CUS-500315,الآيبان,IBAN,SA5254919212810127091740,replace
316,CUS-500315,البريد_الإلكتروني,EMAIL,user0316@bank-mail.example.com,replace
317,CUS-500316,الاسم_الكامل,PERSON_NAME,نورة الهاجري,replace
317,CUS-500316,رقم_الهوية_أو_الإقامة,SAUDI_ID,1715601611,replace
317,CUS-500316,الجوال,MOBILE,0503826305,replace
317,CUS-500316,الآيبان,IBAN,SA2418282331367865263843,replace
317,CUS-500316,البريد_الإلكتروني,EMAIL,user0317@bank-mail.example.com,replace
318,CUS-500317,ملاحظات_الموظف,SAUDI_ID,1840131922,review
318,CUS-500317,الاسم_الكامل,PERSON_NAME,حصة العجمي,replace
318,CUS-500317,رقم_الهوية_أو_الإقامة,SAUDI_ID,2300068497,replace
318,CUS-500317,الجوال,MOBILE,0562787260,replace
318,CUS-500317,الآيبان,IBAN,SA0284628169100748722427,replace
318,CUS-500317,البريد_الإلكتروني,EMAIL,user0318@bank-mail.example.com,replace
319,CUS-500318,الاسم_الكامل,PERSON_NAME,أسامة الكثيري,replace
319,CUS-500318,رقم_الهوية_أو_الإقامة,SAUDI_ID,1130696584,replace
319,CUS-500318,الجوال,MOBILE,0500840026,replace
319,CUS-500318,الآيبان,IBAN,SA3131375512513886027484,replace
319,CUS-500318,البريد_الإلكتروني,EMAIL,user0319@bank-mail.example.com,replace
320,CUS-500319,ملاحظات_الموظف,SAUDI_ID,1806578207,review
320,CUS-500319,الاسم_الكامل,PERSON_NAME,عبير الشهراني,replace
320,CUS-500319,رقم_الهوية_أو_الإقامة,SAUDI_ID,1891712976,replace
320,CUS-500319,الجوال,MOBILE,0557148311,replace
320,CUS-500319,الآيبان,IBAN,SA5729035629970082274741,replace
320,CUS-500319,البريد_الإلكتروني,EMAIL,user0320@bank-mail.example.com,replace
321,CUS-500320,ملاحظات_الموظف,SAUDI_ID,1093090627,review
321,CUS-500320,الاسم_الكامل,PERSON_NAME,ليان السديري,replace
321,CUS-500320,رقم_الهوية_أو_الإقامة,SAUDI_ID,1563403664,replace
321,CUS-500320,الجوال,MOBILE,0536777727,replace
321,CUS-500320,الآيبان,IBAN,SA6661207674936391900186,replace
321,CUS-500320,البريد_الإلكتروني,EMAIL,user0321@bank-mail.example.com,replace
322,CUS-500321,ملاحظات_الموظف,IBAN,SA8802708223457107463206,replace
322,CUS-500321,الاسم_الكامل,PERSON_NAME,معاذ التميمي,replace
322,CUS-500321,رقم_الهوية_أو_الإقامة,SAUDI_ID,1986227336,replace
322,CUS-500321,الجوال,MOBILE,0563714180,replace
322,CUS-500321,الآيبان,IBAN,SA3201151235423997955065,replace
322,CUS-500321,البريد_الإلكتروني,EMAIL,user0322@bank-mail.example.com,replace
323,CUS-500322,الاسم_الكامل,PERSON_NAME,جواهر الصقير,replace
323,CUS-500322,رقم_الهوية_أو_الإقامة,SAUDI_ID,1362426601,replace
323,CUS-500322,الجوال,MOBILE,0535741035,replace
323,CUS-500322,الآيبان,IBAN,SA8067335400515646931841,replace
323,CUS-500322,البريد_الإلكتروني,EMAIL,user0323@bank-mail.example.com,replace
324,CUS-500323,الاسم_الكامل,PERSON_NAME,أسماء باوزير,replace
324,CUS-500323,رقم_الهوية_أو_الإقامة,SAUDI_ID,1554819662,replace
324,CUS-500323,الجوال,MOBILE,0598539314,replace
324,CUS-500323,الآيبان,IBAN,SA7055132512729786716921,replace
324,CUS-500323,البريد_الإلكتروني,EMAIL,user0324@bank-mail.example.com,replace
325,CUS-500324,الاسم_الكامل,PERSON_NAME,يوسف باوزير,replace
325,CUS-500324,رقم_الهوية_أو_الإقامة,SAUDI_ID,1589857869,replace
325,CUS-500324,الجوال,MOBILE,0540529036,replace
325,CUS-500324,الآيبان,IBAN,SA1666325457701390994805,replace
325,CUS-500324,البريد_الإلكتروني,EMAIL,user0325@bank-mail.example.com,replace
326,CUS-500325,الاسم_الكامل,PERSON_NAME,سلمان البيشي,replace
326,CUS-500325,رقم_الهوية_أو_الإقامة,SAUDI_ID,1792911453,replace
326,CUS-500325,الجوال,MOBILE,0532732436,replace
326,CUS-500325,الآيبان,IBAN,SA7549769055305065788501,replace
326,CUS-500325,البريد_الإلكتروني,EMAIL,user0326@bank-mail.example.com,replace
327,CUS-500326,ملاحظات_الموظف,MOBILE,0591185181,replace
327,CUS-500326,الاسم_الكامل,PERSON_NAME,ناصر الزامل,replace
327,CUS-500326,رقم_الهوية_أو_الإقامة,SAUDI_ID,1088580608,replace
327,CUS-500326,الجوال,MOBILE,0505486438,replace
327,CUS-500326,الآيبان,IBAN,SA1476319824641275451202,replace
327,CUS-500326,البريد_الإلكتروني,EMAIL,user0327@bank-mail.example.com,replace
328,CUS-500327,ملاحظات_الموظف,MOBILE,0592777572,replace
328,CUS-500327,الاسم_الكامل,PERSON_NAME,قصي النعيمي,replace
328,CUS-500327,رقم_الهوية_أو_الإقامة,SAUDI_ID,1414462182,replace
328,CUS-500327,الجوال,MOBILE,0568680200,replace
328,CUS-500327,الآيبان,IBAN,SA5774939776810474062653,replace
328,CUS-500327,البريد_الإلكتروني,EMAIL,user0328@bank-mail.example.com,replace
329,CUS-500328,الاسم_الكامل,PERSON_NAME,هالة البيشي,replace
329,CUS-500328,رقم_الهوية_أو_الإقامة,SAUDI_ID,1785355882,replace
329,CUS-500328,الجوال,MOBILE,0534673747,replace
329,CUS-500328,الآيبان,IBAN,SA4319982452992677569655,replace
329,CUS-500328,البريد_الإلكتروني,EMAIL,user0329@bank-mail.example.com,replace
330,CUS-500329,الاسم_الكامل,PERSON_NAME,يوسف العيسى,replace
330,CUS-500329,رقم_الهوية_أو_الإقامة,SAUDI_ID,2924672187,replace
330,CUS-500329,الجوال,MOBILE,0553644653,replace
330,CUS-500329,الآيبان,IBAN,SA4022752128031220557585,replace
330,CUS-500329,البريد_الإلكتروني,EMAIL,user0330@bank-mail.example.com,replace
331,CUS-500330,الاسم_الكامل,PERSON_NAME,ناصر الخثعمي,replace
331,CUS-500330,رقم_الهوية_أو_الإقامة,SAUDI_ID,1043795788,replace
331,CUS-500330,الجوال,MOBILE,0599357136,replace
331,CUS-500330,الآيبان,IBAN,SA2604652335214173773094,replace
331,CUS-500330,البريد_الإلكتروني,EMAIL,user0331@bank-mail.example.com,replace
332,CUS-500331,الاسم_الكامل,PERSON_NAME,ليان الهاجري,replace
332,CUS-500331,رقم_الهوية_أو_الإقامة,SAUDI_ID,2153915034,replace
332,CUS-500331,الجوال,MOBILE,0593680828,replace
332,CUS-500331,الآيبان,IBAN,SA0235200461857220027386,replace
332,CUS-500331,البريد_الإلكتروني,EMAIL,user0332@bank-mail.example.com,replace
333,CUS-500332,ملاحظات_الموظف,IBAN,SA5195087101743009076520,replace
333,CUS-500332,الاسم_الكامل,PERSON_NAME,خلود الشهراني,replace
333,CUS-500332,رقم_الهوية_أو_الإقامة,SAUDI_ID,1308143492,replace
333,CUS-500332,الجوال,MOBILE,0599070293,replace
333,CUS-500332,الآيبان,IBAN,SA7432999358159116635423,replace
333,CUS-500332,البريد_الإلكتروني,EMAIL,user0333@bank-mail.example.com,replace
334,CUS-500333,الاسم_الكامل,PERSON_NAME,فيصل المري,replace
334,CUS-500333,رقم_الهوية_أو_الإقامة,SAUDI_ID,1412328625,replace
334,CUS-500333,الجوال,MOBILE,0545931352,replace
334,CUS-500333,الآيبان,IBAN,SA1952829369464172303834,replace
334,CUS-500333,البريد_الإلكتروني,EMAIL,user0334@bank-mail.example.com,replace
335,CUS-500334,ملاحظات_الموظف,SAUDI_ID,1980873531,review
335,CUS-500334,الاسم_الكامل,PERSON_NAME,قصي الجبرين,replace
335,CUS-500334,رقم_الهوية_أو_الإقامة,SAUDI_ID,1170718769,replace
335,CUS-500334,الجوال,MOBILE,0559801305,replace
335,CUS-500334,الآيبان,IBAN,SA3315729233784733011430,replace
335,CUS-500334,البريد_الإلكتروني,EMAIL,user0335@bank-mail.example.com,replace
336,CUS-500335,ملاحظات_الموظف,SAUDI_ID,1078909759,review
336,CUS-500335,الاسم_الكامل,PERSON_NAME,يوسف الهاجري,replace
336,CUS-500335,رقم_الهوية_أو_الإقامة,SAUDI_ID,2777312105,replace
336,CUS-500335,الجوال,MOBILE,0542780907,replace
336,CUS-500335,الآيبان,IBAN,SA1621956454514105617279,replace
336,CUS-500335,البريد_الإلكتروني,EMAIL,user0336@bank-mail.example.com,replace
337,CUS-500336,الاسم_الكامل,PERSON_NAME,نواف التميمي,replace
337,CUS-500336,رقم_الهوية_أو_الإقامة,SAUDI_ID,1650405465,replace
337,CUS-500336,الجوال,MOBILE,0545369421,replace
337,CUS-500336,الآيبان,IBAN,SA4853018014335817095731,replace
337,CUS-500336,البريد_الإلكتروني,EMAIL,user0337@bank-mail.example.com,replace
338,CUS-500337,ملاحظات_الموظف,IBAN,SA1965942371024935281763,replace
338,CUS-500337,الاسم_الكامل,PERSON_NAME,سلمان الخثعمي,replace
338,CUS-500337,رقم_الهوية_أو_الإقامة,SAUDI_ID,2742862358,replace
338,CUS-500337,الجوال,MOBILE,0534337552,replace
338,CUS-500337,الآيبان,IBAN,SA4249178483624262237253,replace
338,CUS-500337,البريد_الإلكتروني,EMAIL,user0338@bank-mail.example.com,replace
339,CUS-500338,ملاحظات_الموظف,IBAN,SA3364601774919607366480,replace
339,CUS-500338,الاسم_الكامل,PERSON_NAME,أسامة الصقير,replace
339,CUS-500338,رقم_الهوية_أو_الإقامة,SAUDI_ID,1707569479,replace
339,CUS-500338,الجوال,MOBILE,0537156755,replace
339,CUS-500338,الآيبان,IBAN,SA3652927641272047305897,replace
339,CUS-500338,البريد_الإلكتروني,EMAIL,user0339@bank-mail.example.com,replace
340,CUS-500339,الاسم_الكامل,PERSON_NAME,ناصر السديري,replace
340,CUS-500339,رقم_الهوية_أو_الإقامة,SAUDI_ID,2130874429,replace
340,CUS-500339,الجوال,MOBILE,0560704444,replace
340,CUS-500339,الآيبان,IBAN,SA2055793672133107503624,replace
340,CUS-500339,البريد_الإلكتروني,EMAIL,user0340@bank-mail.example.com,replace
341,CUS-500340,ملاحظات_الموظف,MOBILE,0534363172,replace
341,CUS-500340,الاسم_الكامل,PERSON_NAME,مشاعل باوزير,replace
341,CUS-500340,رقم_الهوية_أو_الإقامة,SAUDI_ID,1380821098,replace
341,CUS-500340,الجوال,MOBILE,0569398363,replace
341,CUS-500340,الآيبان,IBAN,SA9376130718676358549588,replace
341,CUS-500340,البريد_الإلكتروني,EMAIL,user0341@bank-mail.example.com,replace
342,CUS-500341,ملاحظات_الموظف,IBAN,SA4373526133057617937757,replace
342,CUS-500341,الاسم_الكامل,PERSON_NAME,معاذ النعيمي,replace
342,CUS-500341,رقم_الهوية_أو_الإقامة,SAUDI_ID,1078814249,replace
342,CUS-500341,الجوال,MOBILE,0509669961,replace
342,CUS-500341,الآيبان,IBAN,SA8111520637309806218685,replace
342,CUS-500341,البريد_الإلكتروني,EMAIL,user0342@bank-mail.example.com,replace
343,CUS-500342,الاسم_الكامل,PERSON_NAME,حصة الجبرين,replace
343,CUS-500342,رقم_الهوية_أو_الإقامة,SAUDI_ID,1133616738,replace
343,CUS-500342,الجوال,MOBILE,0509658156,replace
343,CUS-500342,الآيبان,IBAN,SA6807366382116617804781,replace
343,CUS-500342,البريد_الإلكتروني,EMAIL,user0343@bank-mail.example.com,replace
344,CUS-500343,ملاحظات_الموظف,MOBILE,0530180263,replace
344,CUS-500343,الاسم_الكامل,PERSON_NAME,فاطمة الهاجري,replace
344,CUS-500343,رقم_الهوية_أو_الإقامة,SAUDI_ID,1371415538,replace
344,CUS-500343,الجوال,MOBILE,0504503501,replace
344,CUS-500343,الآيبان,IBAN,SA6080877543205687318401,replace
344,CUS-500343,البريد_الإلكتروني,EMAIL,user0344@bank-mail.example.com,replace
345,CUS-500344,الاسم_الكامل,PERSON_NAME,فاطمة الكثيري,replace
345,CUS-500344,رقم_الهوية_أو_الإقامة,SAUDI_ID,1467105639,replace
345,CUS-500344,الجوال,MOBILE,0560278986,replace
345,CUS-500344,الآيبان,IBAN,SA5718340597985682883981,replace
345,CUS-500344,البريد_الإلكتروني,EMAIL,user0345@bank-mail.example.com,replace
346,CUS-500345,الاسم_الكامل,PERSON_NAME,ناصر الزامل,replace
346,CUS-500345,رقم_الهوية_أو_الإقامة,SAUDI_ID,1355474709,replace
346,CUS-500345,الجوال,MOBILE,0561294879,replace
346,CUS-500345,الآيبان,IBAN,SA9132167927755980240354,replace
346,CUS-500345,البريد_الإلكتروني,EMAIL,user0346@bank-mail.example.com,replace
347,CUS-500346,ملاحظات_الموظف,IBAN,SA6356241606006336049662,replace
347,CUS-500346,الاسم_الكامل,PERSON_NAME,أمل الشهراني,replace
347,CUS-500346,رقم_الهوية_أو_الإقامة,SAUDI_ID,1831697626,replace
347,CUS-500346,الجوال,MOBILE,0590062779,replace
347,CUS-500346,الآيبان,IBAN,SA9656884991884914972179,replace
347,CUS-500346,البريد_الإلكتروني,EMAIL,user0347@bank-mail.example.com,replace
348,CUS-500347,الاسم_الكامل,PERSON_NAME,دلال النعيمي,replace
348,CUS-500347,رقم_الهوية_أو_الإقامة,SAUDI_ID,1357126257,replace
348,CUS-500347,الجوال,MOBILE,0537731878,replace
348,CUS-500347,الآيبان,IBAN,SA3303518193546896256992,replace
348,CUS-500347,البريد_الإلكتروني,EMAIL,user0348@bank-mail.example.com,replace
349,CUS-500348,ملاحظات_الموظف,MOBILE,0509522112,replace
349,CUS-500348,الاسم_الكامل,PERSON_NAME,نواف الخثعمي,replace
349,CUS-500348,رقم_الهوية_أو_الإقامة,SAUDI_ID,1102330204,replace
349,CUS-500348,الجوال,MOBILE,0565645268,replace
349,CUS-500348,الآيبان,IBAN,SA7759183408174672806476,replace
349,CUS-500348,البريد_الإلكتروني,EMAIL,user0349@bank-mail.example.com,replace
350,CUS-500349,الاسم_الكامل,PERSON_NAME,تركي الزامل,replace
350,CUS-500349,رقم_الهوية_أو_الإقامة,SAUDI_ID,1249512227,replace
350,CUS-500349,الجوال,MOBILE,0591620414,replace
350,CUS-500349,الآيبان,IBAN,SA2971491291212473774698,replace
350,CUS-500349,البريد_الإلكتروني,EMAIL,user0350@bank-mail.example.com,replace
351,CUS-500350,الاسم_الكامل,PERSON_NAME,دلال الأنصاري,replace
351,CUS-500350,رقم_الهوية_أو_الإقامة,SAUDI_ID,2220416974,replace
351,CUS-500350,الجوال,MOBILE,0532417288,replace
351,CUS-500350,الآيبان,IBAN,SA6267790179380747946913,replace
351,CUS-500350,البريد_الإلكتروني,EMAIL,user0351@bank-mail.example.com,replace
352,CUS-500351,الاسم_الكامل,PERSON_NAME,جاسم الزامل,replace
352,CUS-500351,رقم_الهوية_أو_الإقامة,SAUDI_ID,2675992024,replace
352,CUS-500351,الجوال,MOBILE,0547715790,replace
352,CUS-500351,الآيبان,IBAN,SA9186412177929600585885,replace
352,CUS-500351,البريد_الإلكتروني,EMAIL,user0352@bank-mail.example.com,replace
353,CUS-500352,الاسم_الكامل,PERSON_NAME,منى العجمي,replace
353,CUS-500352,رقم_الهوية_أو_الإقامة,SAUDI_ID,2173389616,replace
353,CUS-500352,الجوال,MOBILE,0591672923,replace
353,CUS-500352,الآيبان,IBAN,SA2810115217867461937705,replace
353,CUS-500352,البريد_الإلكتروني,EMAIL,user0353@bank-mail.example.com,replace
354,CUS-500353,الاسم_الكامل,PERSON_NAME,عبدالرحمن الهاجري,replace
354,CUS-500353,رقم_الهوية_أو_الإقامة,SAUDI_ID,1570953321,replace
354,CUS-500353,الجوال,MOBILE,0563169360,replace
354,CUS-500353,الآيبان,IBAN,SA5164314851055876389283,replace
354,CUS-500353,البريد_الإلكتروني,EMAIL,user0354@bank-mail.example.com,replace
355,CUS-500354,الاسم_الكامل,PERSON_NAME,خلود البيشي,replace
355,CUS-500354,رقم_الهوية_أو_الإقامة,SAUDI_ID,2988342404,replace
355,CUS-500354,الجوال,MOBILE,0538452472,replace
355,CUS-500354,الآيبان,IBAN,SA1596096015464498956077,replace
355,CUS-500354,البريد_الإلكتروني,EMAIL,user0355@bank-mail.example.com,replace
356,CUS-500355,ملاحظات_الموظف,SAUDI_ID,1308786282,review
356,CUS-500355,الاسم_الكامل,PERSON_NAME,جواهر الزامل,replace
356,CUS-500355,رقم_الهوية_أو_الإقامة,SAUDI_ID,1687661114,replace
356,CUS-500355,الجوال,MOBILE,0559006053,replace
356,CUS-500355,الآيبان,IBAN,SA3562446776359331481566,replace
356,CUS-500355,البريد_الإلكتروني,EMAIL,user0356@bank-mail.example.com,replace
357,CUS-500356,الاسم_الكامل,PERSON_NAME,خلود الخثعمي,replace
357,CUS-500356,رقم_الهوية_أو_الإقامة,SAUDI_ID,1498704012,replace
357,CUS-500356,الجوال,MOBILE,0503065014,replace
357,CUS-500356,الآيبان,IBAN,SA6306810126403510684502,replace
357,CUS-500356,البريد_الإلكتروني,EMAIL,user0357@bank-mail.example.com,replace
358,CUS-500357,ملاحظات_الموظف,MOBILE,0564415971,replace
358,CUS-500357,الاسم_الكامل,PERSON_NAME,عبير العيسى,replace
358,CUS-500357,رقم_الهوية_أو_الإقامة,SAUDI_ID,1033357078,replace
358,CUS-500357,الجوال,MOBILE,0567747355,replace
358,CUS-500357,الآيبان,IBAN,SA2405331872803301655480,replace
358,CUS-500357,البريد_الإلكتروني,EMAIL,user0358@bank-mail.example.com,replace
359,CUS-500358,الاسم_الكامل,PERSON_NAME,ليان العيسى,replace
359,CUS-500358,رقم_الهوية_أو_الإقامة,SAUDI_ID,1462722800,replace
359,CUS-500358,الجوال,MOBILE,0568745194,replace
359,CUS-500358,الآيبان,IBAN,SA7219786218231503611107,replace
359,CUS-500358,البريد_الإلكتروني,EMAIL,user0359@bank-mail.example.com,replace
360,CUS-500359,ملاحظات_الموظف,IBAN,SA2732828777175247336760,replace
360,CUS-500359,الاسم_الكامل,PERSON_NAME,ناصر الزامل,replace
360,CUS-500359,رقم_الهوية_أو_الإقامة,SAUDI_ID,2969139985,replace
360,CUS-500359,الجوال,MOBILE,0594509210,replace
360,CUS-500359,الآيبان,IBAN,SA3758102139240971246613,replace
360,CUS-500359,البريد_الإلكتروني,EMAIL,user0360@bank-mail.example.com,replace
361,CUS-500360,ملاحظات_الموظف,SAUDI_ID,1262542820,review
361,CUS-500360,الاسم_الكامل,PERSON_NAME,نورة الهاجري,replace
361,CUS-500360,رقم_الهوية_أو_الإقامة,SAUDI_ID,1740784630,replace
361,CUS-500360,الجوال,MOBILE,0566642208,replace
361,CUS-500360,الآيبان,IBAN,SA8259351549070818160288,replace
361,CUS-500360,البريد_الإلكتروني,EMAIL,user0361@bank-mail.example.com,replace
362,CUS-500361,الاسم_الكامل,PERSON_NAME,أمل المري,replace
362,CUS-500361,رقم_الهوية_أو_الإقامة,SAUDI_ID,2498964499,replace
362,CUS-500361,الجوال,MOBILE,0590254595,replace
362,CUS-500361,الآيبان,IBAN,SA8539811367935184818868,replace
362,CUS-500361,البريد_الإلكتروني,EMAIL,user0362@bank-mail.example.com,replace
363,CUS-500362,الاسم_الكامل,PERSON_NAME,عبدالرحمن باوزير,replace
363,CUS-500362,رقم_الهوية_أو_الإقامة,SAUDI_ID,2526070764,replace
363,CUS-500362,الجوال,MOBILE,0560966188,replace
363,CUS-500362,الآيبان,IBAN,SA8990588614829791193004,replace
363,CUS-500362,البريد_الإلكتروني,EMAIL,user0363@bank-mail.example.com,replace
364,CUS-500363,الاسم_الكامل,PERSON_NAME,ليان التميمي,replace
364,CUS-500363,رقم_الهوية_أو_الإقامة,SAUDI_ID,1914888753,replace
364,CUS-500363,الجوال,MOBILE,0552264583,replace
364,CUS-500363,الآيبان,IBAN,SA6363472876006896968578,replace
364,CUS-500363,البريد_الإلكتروني,EMAIL,user0364@bank-mail.example.com,replace
365,CUS-500364,الاسم_الكامل,PERSON_NAME,حمد السديري,replace
365,CUS-500364,رقم_الهوية_أو_الإقامة,SAUDI_ID,2795313333,replace
365,CUS-500364,الجوال,MOBILE,0554685014,replace
365,CUS-500364,الآيبان,IBAN,SA1368073476839428364197,replace
365,CUS-500364,البريد_الإلكتروني,EMAIL,user0365@bank-mail.example.com,replace
366,CUS-500365,الاسم_الكامل,PERSON_NAME,حصة باوزير,replace
366,CUS-500365,رقم_الهوية_أو_الإقامة,SAUDI_ID,1209688967,replace
366,CUS-500365,الجوال,MOBILE,0548770145,replace
366,CUS-500365,الآيبان,IBAN,SA4634540272905746965493,replace
366,CUS-500365,البريد_الإلكتروني,EMAIL,user0366@bank-mail.example.com,replace
367,CUS-500366,الاسم_الكامل,PERSON_NAME,تركي الجبرين,replace
367,CUS-500366,رقم_الهوية_أو_الإقامة,SAUDI_ID,1583944747,replace
367,CUS-500366,الجوال,MOBILE,0557207769,replace
367,CUS-500366,الآيبان,IBAN,SA5794871821470300946867,replace
367,CUS-500366,البريد_الإلكتروني,EMAIL,user0367@bank-mail.example.com,replace
368,CUS-500367,الاسم_الكامل,PERSON_NAME,حصة البيشي,replace
368,CUS-500367,رقم_الهوية_أو_الإقامة,SAUDI_ID,1282436805,replace
368,CUS-500367,الجوال,MOBILE,0555439443,replace
368,CUS-500367,الآيبان,IBAN,SA5350356549760153534084,replace
368,CUS-500367,البريد_الإلكتروني,EMAIL,user0368@bank-mail.example.com,replace
369,CUS-500368,ملاحظات_الموظف,SAUDI_ID,1794503282,review
369,CUS-500368,الاسم_الكامل,PERSON_NAME,دلال المري,replace
369,CUS-500368,رقم_الهوية_أو_الإقامة,SAUDI_ID,1227093372,replace
369,CUS-500368,الجوال,MOBILE,0563692625,replace
369,CUS-500368,الآيبان,IBAN,SA9207244953635181282461,replace
369,CUS-500368,البريد_الإلكتروني,EMAIL,user0369@bank-mail.example.com,replace
370,CUS-500369,الاسم_الكامل,PERSON_NAME,إبراهيم النعيمي,replace
370,CUS-500369,رقم_الهوية_أو_الإقامة,SAUDI_ID,1759066432,replace
370,CUS-500369,الجوال,MOBILE,0599898774,replace
370,CUS-500369,الآيبان,IBAN,SA1068105020225544305191,replace
370,CUS-500369,البريد_الإلكتروني,EMAIL,user0370@bank-mail.example.com,replace
371,CUS-500370,ملاحظات_الموظف,SAUDI_ID,1460476847,review
371,CUS-500370,الاسم_الكامل,PERSON_NAME,سامي باوزير,replace
371,CUS-500370,رقم_الهوية_أو_الإقامة,SAUDI_ID,2535836205,replace
371,CUS-500370,الجوال,MOBILE,0595002116,replace
371,CUS-500370,الآيبان,IBAN,SA7880792730199683582427,replace
371,CUS-500370,البريد_الإلكتروني,EMAIL,user0371@bank-mail.example.com,replace
372,CUS-500371,الاسم_الكامل,PERSON_NAME,مشاعل النعيمي,replace
372,CUS-500371,رقم_الهوية_أو_الإقامة,SAUDI_ID,2520182060,replace
372,CUS-500371,الجوال,MOBILE,0558351078,replace
372,CUS-500371,الآيبان,IBAN,SA4460082301625004291413,replace
372,CUS-500371,البريد_الإلكتروني,EMAIL,user0372@bank-mail.example.com,replace
373,CUS-500372,الاسم_الكامل,PERSON_NAME,عبير باوزير,replace
373,CUS-500372,رقم_الهوية_أو_الإقامة,SAUDI_ID,2555102769,replace
373,CUS-500372,الجوال,MOBILE,0596004573,replace
373,CUS-500372,الآيبان,IBAN,SA8088235712615851149748,replace
373,CUS-500372,البريد_الإلكتروني,EMAIL,user0373@bank-mail.example.com,replace
374,CUS-500373,ملاحظات_الموظف,IBAN,SA1975463650245152050293,replace
374,CUS-500373,الاسم_الكامل,PERSON_NAME,عبدالعزيز العيسى,replace
374,CUS-500373,رقم_الهوية_أو_الإقامة,SAUDI_ID,1198054122,replace
374,CUS-500373,الجوال,MOBILE,0546412005,replace
374,CUS-500373,الآيبان,IBAN,SA1480526850433960928455,replace
374,CUS-500373,البريد_الإلكتروني,EMAIL,user0374@bank-mail.example.com,replace
375,CUS-500374,الاسم_الكامل,PERSON_NAME,إبراهيم الكثيري,replace
375,CUS-500374,رقم_الهوية_أو_الإقامة,SAUDI_ID,1262721911,replace
375,CUS-500374,الجوال,MOBILE,0539766440,replace
375,CUS-500374,الآيبان,IBAN,SA1541759920673757181633,replace
375,CUS-500374,البريد_الإلكتروني,EMAIL,user0375@bank-mail.example.com,replace
376,CUS-500375,ملاحظات_الموظف,MOBILE,0530846750,replace
376,CUS-500375,الاسم_الكامل,PERSON_NAME,سلمى الزامل,replace
376,CUS-500375,رقم_الهوية_أو_الإقامة,SAUDI_ID,2653831202,replace
376,CUS-500375,الجوال,MOBILE,0558912747,replace
376,CUS-500375,الآيبان,IBAN,SA1717109738810406609082,replace
376,CUS-500375,البريد_الإلكتروني,EMAIL,user0376@bank-mail.example.com,replace
377,CUS-500376,الاسم_الكامل,PERSON_NAME,مشاعل الكثيري,replace
377,CUS-500376,رقم_الهوية_أو_الإقامة,SAUDI_ID,1943619781,replace
377,CUS-500376,الجوال,MOBILE,0505612952,replace
377,CUS-500376,الآيبان,IBAN,SA5240176404073956825268,replace
377,CUS-500376,البريد_الإلكتروني,EMAIL,user0377@bank-mail.example.com,replace
378,CUS-500377,الاسم_الكامل,PERSON_NAME,عبدالرحمن باوزير,replace
378,CUS-500377,رقم_الهوية_أو_الإقامة,SAUDI_ID,1754072864,replace
378,CUS-500377,الجوال,MOBILE,0552528455,replace
378,CUS-500377,الآيبان,IBAN,SA9598898057915656642044,replace
378,CUS-500377,البريد_الإلكتروني,EMAIL,user0378@bank-mail.example.com,replace
379,CUS-500378,ملاحظات_الموظف,SAUDI_ID,1173426667,review
379,CUS-500378,الاسم_الكامل,PERSON_NAME,أسامة البيشي,replace
379,CUS-500378,رقم_الهوية_أو_الإقامة,SAUDI_ID,1944101474,replace
379,CUS-500378,الجوال,MOBILE,0549330553,replace
379,CUS-500378,الآيبان,IBAN,SA5474043508990701207968,replace
379,CUS-500378,البريد_الإلكتروني,EMAIL,user0379@bank-mail.example.com,replace
380,CUS-500379,الاسم_الكامل,PERSON_NAME,جواهر العيسى,replace
380,CUS-500379,رقم_الهوية_أو_الإقامة,SAUDI_ID,1470343490,replace
380,CUS-500379,الجوال,MOBILE,0557311928,replace
380,CUS-500379,الآيبان,IBAN,SA2257324558171950029116,replace
380,CUS-500379,البريد_الإلكتروني,EMAIL,user0380@bank-mail.example.com,replace
381,CUS-500380,ملاحظات_الموظف,MOBILE,0505410207,replace
381,CUS-500380,الاسم_الكامل,PERSON_NAME,ناصر العيسى,replace
381,CUS-500380,رقم_الهوية_أو_الإقامة,SAUDI_ID,1364415826,replace
381,CUS-500380,الجوال,MOBILE,0530607823,replace
381,CUS-500380,الآيبان,IBAN,SA8775348533952131814563,replace
381,CUS-500380,البريد_الإلكتروني,EMAIL,user0381@bank-mail.example.com,replace
382,CUS-500381,الاسم_الكامل,PERSON_NAME,فاطمة البيشي,replace
382,CUS-500381,رقم_الهوية_أو_الإقامة,SAUDI_ID,1083938249,replace
382,CUS-500381,الجوال,MOBILE,0543025305,replace
382,CUS-500381,الآيبان,IBAN,SA1718566657789832430370,replace
382,CUS-500381,البريد_الإلكتروني,EMAIL,user0382@bank-mail.example.com,replace
383,CUS-500382,ملاحظات_الموظف,MOBILE,0569860393,replace
383,CUS-500382,الاسم_الكامل,PERSON_NAME,فاطمة التميمي,replace
383,CUS-500382,رقم_الهوية_أو_الإقامة,SAUDI_ID,1488652130,replace
383,CUS-500382,الجوال,MOBILE,0556813054,replace
383,CUS-500382,الآيبان,IBAN,SA3264671413144568067943,replace
383,CUS-500382,البريد_الإلكتروني,EMAIL,user0383@bank-mail.example.com,replace
384,CUS-500383,الاسم_الكامل,PERSON_NAME,عبدالعزيز الجبرين,replace
384,CUS-500383,رقم_الهوية_أو_الإقامة,SAUDI_ID,2539533980,replace
384,CUS-500383,الجوال,MOBILE,0501809453,replace
384,CUS-500383,الآيبان,IBAN,SA5907958150901531045795,replace
384,CUS-500383,البريد_الإلكتروني,EMAIL,user0384@bank-mail.example.com,replace
385,CUS-500384,الاسم_الكامل,PERSON_NAME,يوسف الجبرين,replace
385,CUS-500384,رقم_الهوية_أو_الإقامة,SAUDI_ID,2917107134,replace
385,CUS-500384,الجوال,MOBILE,0533905796,replace
385,CUS-500384,الآيبان,IBAN,SA0429177554693055201528,replace
385,CUS-500384,البريد_الإلكتروني,EMAIL,user0385@bank-mail.example.com,replace
386,CUS-500385,ملاحظات_الموظف,MOBILE,0553473793,replace
386,CUS-500385,الاسم_الكامل,PERSON_NAME,قصي الصقير,replace
386,CUS-500385,رقم_الهوية_أو_الإقامة,SAUDI_ID,1730137104,replace
386,CUS-500385,الجوال,MOBILE,0564251622,replace
386,CUS-500385,الآيبان,IBAN,SA6324927393931289331909,replace
386,CUS-500385,البريد_الإلكتروني,EMAIL,user0386@bank-mail.example.com,replace
387,CUS-500386,الاسم_الكامل,PERSON_NAME,فيصل الشهراني,replace
387,CUS-500386,رقم_الهوية_أو_الإقامة,SAUDI_ID,1907920803,replace
387,CUS-500386,الجوال,MOBILE,0502043348,replace
387,CUS-500386,الآيبان,IBAN,SA4610071849516923985888,replace
387,CUS-500386,البريد_الإلكتروني,EMAIL,user0387@bank-mail.example.com,replace
388,CUS-500387,الاسم_الكامل,PERSON_NAME,جاسم النعيمي,replace
388,CUS-500387,رقم_الهوية_أو_الإقامة,SAUDI_ID,1156151308,replace
388,CUS-500387,الجوال,MOBILE,0596476107,replace
388,CUS-500387,الآيبان,IBAN,SA0288851862008323391871,replace
388,CUS-500387,البريد_الإلكتروني,EMAIL,user0388@bank-mail.example.com,replace
389,CUS-500388,الاسم_الكامل,PERSON_NAME,سلمان البيشي,replace
389,CUS-500388,رقم_الهوية_أو_الإقامة,SAUDI_ID,1757890346,replace
389,CUS-500388,الجوال,MOBILE,0565198678,replace
389,CUS-500388,الآيبان,IBAN,SA0752897401934145933166,replace
389,CUS-500388,البريد_الإلكتروني,EMAIL,user0389@bank-mail.example.com,replace
390,CUS-500389,ملاحظات_الموظف,IBAN,SA6910815436064628739315,replace
390,CUS-500389,الاسم_الكامل,PERSON_NAME,سلمان النعيمي,replace
390,CUS-500389,رقم_الهوية_أو_الإقامة,SAUDI_ID,2244985913,replace
390,CUS-500389,الجوال,MOBILE,0555978006,replace
390,CUS-500389,الآيبان,IBAN,SA8716638936259050054599,replace
390,CUS-500389,البريد_الإلكتروني,EMAIL,user0390@bank-mail.example.com,replace
391,CUS-500390,ملاحظات_الموظف,MOBILE,0557912728,replace
391,CUS-500390,الاسم_الكامل,PERSON_NAME,إبراهيم الهاجري,replace
391,CUS-500390,رقم_الهوية_أو_الإقامة,SAUDI_ID,1272839646,replace
391,CUS-500390,الجوال,MOBILE,0539416604,replace
391,CUS-500390,الآيبان,IBAN,SA1385461779575125876366,replace
391,CUS-500390,البريد_الإلكتروني,EMAIL,user0391@bank-mail.example.com,replace
392,CUS-500391,الاسم_الكامل,PERSON_NAME,دلال البيشي,replace
392,CUS-500391,رقم_الهوية_أو_الإقامة,SAUDI_ID,1817109125,replace
392,CUS-500391,الجوال,MOBILE,0595582211,replace
392,CUS-500391,الآيبان,IBAN,SA7572131844420930884249,replace
392,CUS-500391,البريد_الإلكتروني,EMAIL,user0392@bank-mail.example.com,replace
393,CUS-500392,ملاحظات_الموظف,SAUDI_ID,1949672511,review
393,CUS-500392,الاسم_الكامل,PERSON_NAME,عبدالعزيز الخثعمي,replace
393,CUS-500392,رقم_الهوية_أو_الإقامة,SAUDI_ID,1682881527,replace
393,CUS-500392,الجوال,MOBILE,0549642376,replace
393,CUS-500392,الآيبان,IBAN,SA3000592464792577382884,replace
393,CUS-500392,البريد_الإلكتروني,EMAIL,user0393@bank-mail.example.com,replace
394,CUS-500393,الاسم_الكامل,PERSON_NAME,عبير النعيمي,replace
394,CUS-500393,رقم_الهوية_أو_الإقامة,SAUDI_ID,1569716788,replace
394,CUS-500393,الجوال,MOBILE,0567271795,replace
394,CUS-500393,الآيبان,IBAN,SA5731833314222600331033,replace
394,CUS-500393,البريد_الإلكتروني,EMAIL,user0394@bank-mail.example.com,replace
395,CUS-500394,الاسم_الكامل,PERSON_NAME,ابتسام الأنصاري,replace
395,CUS-500394,رقم_الهوية_أو_الإقامة,SAUDI_ID,2560995173,replace
395,CUS-500394,الجوال,MOBILE,0533153988,replace
395,CUS-500394,الآيبان,IBAN,SA8830273687762869108858,replace
395,CUS-500394,البريد_الإلكتروني,EMAIL,user0395@bank-mail.example.com,replace
396,CUS-500395,ملاحظات_الموظف,IBAN,SA1300357631869476105970,replace
396,CUS-500395,الاسم_الكامل,PERSON_NAME,روان الأنصاري,replace
396,CUS-500395,رقم_الهوية_أو_الإقامة,SAUDI_ID,1286025869,replace
396,CUS-500395,الجوال,MOBILE,0537602432,replace
396,CUS-500395,الآيبان,IBAN,SA3172777935557180103623,replace
396,CUS-500395,البريد_الإلكتروني,EMAIL,user0396@bank-mail.example.com,replace
397,CUS-500396,الاسم_الكامل,PERSON_NAME,يوسف التميمي,replace
397,CUS-500396,رقم_الهوية_أو_الإقامة,SAUDI_ID,1440354221,replace
397,CUS-500396,الجوال,MOBILE,0590757979,replace
397,CUS-500396,الآيبان,IBAN,SA6666634341147010046545,replace
397,CUS-500396,البريد_الإلكتروني,EMAIL,user0397@bank-mail.example.com,replace
398,CUS-500397,ملاحظات_الموظف,MOBILE,0549024234,replace
398,CUS-500397,الاسم_الكامل,PERSON_NAME,دلال الجبرين,replace
398,CUS-500397,رقم_الهوية_أو_الإقامة,SAUDI_ID,1578191122,replace
398,CUS-500397,الجوال,MOBILE,0563331732,replace
398,CUS-500397,الآيبان,IBAN,SA3506724253059011251116,replace
398,CUS-500397,البريد_الإلكتروني,EMAIL,user0398@bank-mail.example.com,replace
399,CUS-500398,ملاحظات_الموظف,IBAN,SA5973363377446973763296,replace
399,CUS-500398,الاسم_الكامل,PERSON_NAME,هالة المري,replace
399,CUS-500398,رقم_الهوية_أو_الإقامة,SAUDI_ID,1905746184,replace
399,CUS-500398,الجوال,MOBILE,0564464957,replace
399,CUS-500398,الآيبان,IBAN,SA7322060274716909327284,replace
399,CUS-500398,البريد_الإلكتروني,EMAIL,user0399@bank-mail.example.com,replace
400,CUS-500399,ملاحظات_الموظف,SAUDI_ID,1368908826,review
400,CUS-500399,الاسم_الكامل,PERSON_NAME,فيصل العيسى,replace
400,CUS-500399,رقم_الهوية_أو_الإقامة,SAUDI_ID,1083041788,replace
400,CUS-500399,الجوال,MOBILE,0542379976,replace
400,CUS-500399,الآيبان,IBAN,SA9616232756092614304569,replace
400,CUS-500399,البريد_الإلكتروني,EMAIL,user0400@bank-mail.example.com,replace
401,CUS-500400,ملاحظات_الموظف,SAUDI_ID,1195864622,review
401,CUS-500400,الاسم_الكامل,PERSON_NAME,دلال الكثيري,replace
401,CUS-500400,رقم_الهوية_أو_الإقامة,SAUDI_ID,1688583531,replace
401,CUS-500400,الجوال,MOBILE,0594511290,replace
401,CUS-500400,الآيبان,IBAN,SA6981233333004379739246,replace
401,CUS-500400,البريد_الإلكتروني,EMAIL,user0401@bank-mail.example.com,replace
402,CUS-500401,الاسم_الكامل,PERSON_NAME,سلمى البيشي,replace
402,CUS-500401,رقم_الهوية_أو_الإقامة,SAUDI_ID,1221469610,replace
402,CUS-500401,الجوال,MOBILE,0505560071,replace
402,CUS-500401,الآيبان,IBAN,SA6677510761353062490151,replace
402,CUS-500401,البريد_الإلكتروني,EMAIL,user0402@bank-mail.example.com,replace
403,CUS-500402,الاسم_الكامل,PERSON_NAME,جواهر الهاجري,replace
403,CUS-500402,رقم_الهوية_أو_الإقامة,SAUDI_ID,1538143841,replace
403,CUS-500402,الجوال,MOBILE,0546393321,replace
403,CUS-500402,الآيبان,IBAN,SA9188729034134631504293,replace
403,CUS-500402,البريد_الإلكتروني,EMAIL,user0403@bank-mail.example.com,replace
404,CUS-500403,الاسم_الكامل,PERSON_NAME,فاطمة السديري,replace
404,CUS-500403,رقم_الهوية_أو_الإقامة,SAUDI_ID,1648368841,replace
404,CUS-500403,الجوال,MOBILE,0541324694,replace
404,CUS-500403,الآيبان,IBAN,SA1162734992010884458277,replace
404,CUS-500403,البريد_الإلكتروني,EMAIL,user0404@bank-mail.example.com,replace
405,CUS-500404,الاسم_الكامل,PERSON_NAME,ناصر السديري,replace
405,CUS-500404,رقم_الهوية_أو_الإقامة,SAUDI_ID,1796051819,replace
405,CUS-500404,الجوال,MOBILE,0546156513,replace
405,CUS-500404,الآيبان,IBAN,SA6923090482673307552356,replace
405,CUS-500404,البريد_الإلكتروني,EMAIL,user0405@bank-mail.example.com,replace
406,CUS-500405,الاسم_الكامل,PERSON_NAME,ابتسام الكثيري,replace
406,CUS-500405,رقم_الهوية_أو_الإقامة,SAUDI_ID,1666630106,replace
406,CUS-500405,الجوال,MOBILE,0565314309,replace
406,CUS-500405,الآيبان,IBAN,SA1666875795308550727166,replace
406,CUS-500405,البريد_الإلكتروني,EMAIL,user0406@bank-mail.example.com,replace
407,CUS-500406,الاسم_الكامل,PERSON_NAME,أسامة الصقير,replace
407,CUS-500406,رقم_الهوية_أو_الإقامة,SAUDI_ID,1832823106,replace
407,CUS-500406,الجوال,MOBILE,0532871664,replace
407,CUS-500406,الآيبان,IBAN,SA7198979763049845382656,replace
407,CUS-500406,البريد_الإلكتروني,EMAIL,user0407@bank-mail.example.com,replace
408,CUS-500407,الاسم_الكامل,PERSON_NAME,حمد الهاجري,replace
408,CUS-500407,رقم_الهوية_أو_الإقامة,SAUDI_ID,1835527480,replace
408,CUS-500407,الجوال,MOBILE,0563824137,replace
408,CUS-500407,الآيبان,IBAN,SA6504510116830803068219,replace
408,CUS-500407,البريد_الإلكتروني,EMAIL,user0408@bank-mail.example.com,replace
409,CUS-500408,الاسم_الكامل,PERSON_NAME,معاذ باوزير,replace
409,CUS-500408,رقم_الهوية_أو_الإقامة,SAUDI_ID,1272878354,replace
409,CUS-500408,الجوال,MOBILE,0543645122,replace
409,CUS-500408,الآيبان,IBAN,SA6227522362154593990639,replace
409,CUS-500408,البريد_الإلكتروني,EMAIL,user0409@bank-mail.example.com,replace
410,CUS-500409,ملاحظات_الموظف,MOBILE,0540647683,replace
410,CUS-500409,الاسم_الكامل,PERSON_NAME,فيصل البيشي,replace
410,CUS-500409,رقم_الهوية_أو_الإقامة,SAUDI_ID,1055996670,replace
410,CUS-500409,الجوال,MOBILE,0507711237,replace
410,CUS-500409,الآيبان,IBAN,SA1750393419862962547915,replace
410,CUS-500409,البريد_الإلكتروني,EMAIL,user0410@bank-mail.example.com,replace
411,CUS-500410,الاسم_الكامل,PERSON_NAME,أسامة البيشي,replace
411,CUS-500410,رقم_الهوية_أو_الإقامة,SAUDI_ID,1404386193,replace
411,CUS-500410,الجوال,MOBILE,0542293985,replace
411,CUS-500410,الآيبان,IBAN,SA1122475209288535391751,replace
411,CUS-500410,البريد_الإلكتروني,EMAIL,user0411@bank-mail.example.com,replace
412,CUS-500411,الاسم_الكامل,PERSON_NAME,ناصر الهاجري,replace
412,CUS-500411,رقم_الهوية_أو_الإقامة,SAUDI_ID,1751629922,replace
412,CUS-500411,الجوال,MOBILE,0500753765,replace
412,CUS-500411,الآيبان,IBAN,SA9075296330027548329598,replace
412,CUS-500411,البريد_الإلكتروني,EMAIL,user0412@bank-mail.example.com,replace
413,CUS-500412,ملاحظات_الموظف,SAUDI_ID,1745295293,review
413,CUS-500412,الاسم_الكامل,PERSON_NAME,يوسف الشهراني,replace
413,CUS-500412,رقم_الهوية_أو_الإقامة,SAUDI_ID,1572104766,replace
413,CUS-500412,الجوال,MOBILE,0536880068,replace
413,CUS-500412,الآيبان,IBAN,SA2711087639243551916986,replace
413,CUS-500412,البريد_الإلكتروني,EMAIL,user0413@bank-mail.example.com,replace
414,CUS-500413,ملاحظات_الموظف,MOBILE,0550407875,replace
414,CUS-500413,الاسم_الكامل,PERSON_NAME,جواهر الجبرين,replace
414,CUS-500413,رقم_الهوية_أو_الإقامة,SAUDI_ID,1578826511,replace
414,CUS-500413,الجوال,MOBILE,0540132644,replace
414,CUS-500413,الآيبان,IBAN,SA4332152490725850936506,replace
414,CUS-500413,البريد_الإلكتروني,EMAIL,user0414@bank-mail.example.com,replace
415,CUS-500414,ملاحظات_الموظف,SAUDI_ID,1920975909,review
415,CUS-500414,الاسم_الكامل,PERSON_NAME,تركي الصقير,replace
415,CUS-500414,رقم_الهوية_أو_الإقامة,SAUDI_ID,1601873894,replace
415,CUS-500414,الجوال,MOBILE,0501834356,replace
415,CUS-500414,الآيبان,IBAN,SA3016500899408003616280,replace
415,CUS-500414,البريد_الإلكتروني,EMAIL,user0415@bank-mail.example.com,replace
416,CUS-500415,ملاحظات_الموظف,MOBILE,0507911790,replace
416,CUS-500415,الاسم_الكامل,PERSON_NAME,جواهر الكثيري,replace
416,CUS-500415,رقم_الهوية_أو_الإقامة,SAUDI_ID,1555481231,replace
416,CUS-500415,الجوال,MOBILE,0540055951,replace
416,CUS-500415,الآيبان,IBAN,SA9442071445389531299769,replace
416,CUS-500415,البريد_الإلكتروني,EMAIL,user0416@bank-mail.example.com,replace
417,CUS-500416,ملاحظات_الموظف,SAUDI_ID,1063388118,review
417,CUS-500416,الاسم_الكامل,PERSON_NAME,سلمان المري,replace
417,CUS-500416,رقم_الهوية_أو_الإقامة,SAUDI_ID,2332023973,replace
417,CUS-500416,الجوال,MOBILE,0504342164,replace
417,CUS-500416,الآيبان,IBAN,SA5522452394114004680999,replace
417,CUS-500416,البريد_الإلكتروني,EMAIL,user0417@bank-mail.example.com,replace
418,CUS-500417,الاسم_الكامل,PERSON_NAME,عبير السديري,replace
418,CUS-500417,رقم_الهوية_أو_الإقامة,SAUDI_ID,1957270596,replace
418,CUS-500417,الجوال,MOBILE,0502370427,replace
418,CUS-500417,الآيبان,IBAN,SA0810042404723399870088,replace
418,CUS-500417,البريد_الإلكتروني,EMAIL,user0418@bank-mail.example.com,replace
419,CUS-500418,الاسم_الكامل,PERSON_NAME,عبير المري,replace
419,CUS-500418,رقم_الهوية_أو_الإقامة,SAUDI_ID,2479070977,replace
419,CUS-500418,الجوال,MOBILE,0559286275,replace
419,CUS-500418,الآيبان,IBAN,SA7351546241249482504065,replace
419,CUS-500418,البريد_الإلكتروني,EMAIL,user0419@bank-mail.example.com,replace
420,CUS-500419,ملاحظات_الموظف,SAUDI_ID,1551007089,review
420,CUS-500419,الاسم_الكامل,PERSON_NAME,هالة الشهراني,replace
420,CUS-500419,رقم_الهوية_أو_الإقامة,SAUDI_ID,1352928848,replace
420,CUS-500419,الجوال,MOBILE,0555531840,replace
420,CUS-500419,الآيبان,IBAN,SA2868529648904684959483,replace
420,CUS-500419,البريد_الإلكتروني,EMAIL,user0420@bank-mail.example.com,replace
421,CUS-500420,الاسم_الكامل,PERSON_NAME,سامي السديري,replace
421,CUS-500420,رقم_الهوية_أو_الإقامة,SAUDI_ID,1428608598,replace
421,CUS-500420,الجوال,MOBILE,0537680301,replace
421,CUS-500420,الآيبان,IBAN,SA5001323314429740071742,replace
421,CUS-500420,البريد_الإلكتروني,EMAIL,user0421@bank-mail.example.com,replace
422,CUS-500421,الاسم_الكامل,PERSON_NAME,ليان الكثيري,replace
422,CUS-500421,رقم_الهوية_أو_الإقامة,SAUDI_ID,1801387109,replace
422,CUS-500421,الجوال,MOBILE,0531586070,replace
422,CUS-500421,الآيبان,IBAN,SA2414763341746367357365,replace
422,CUS-500421,البريد_الإلكتروني,EMAIL,user0422@bank-mail.example.com,replace
423,CUS-500422,الاسم_الكامل,PERSON_NAME,معاذ النعيمي,replace
423,CUS-500422,رقم_الهوية_أو_الإقامة,SAUDI_ID,1121985798,replace
423,CUS-500422,الجوال,MOBILE,0557128064,replace
423,CUS-500422,الآيبان,IBAN,SA5381892961059784335583,replace
423,CUS-500422,البريد_الإلكتروني,EMAIL,user0423@bank-mail.example.com,replace
424,CUS-500423,ملاحظات_الموظف,SAUDI_ID,1331629525,review
424,CUS-500423,الاسم_الكامل,PERSON_NAME,جواهر النعيمي,replace
424,CUS-500423,رقم_الهوية_أو_الإقامة,SAUDI_ID,1095973424,replace
424,CUS-500423,الجوال,MOBILE,0549731790,replace
424,CUS-500423,الآيبان,IBAN,SA5978295878636351867498,replace
424,CUS-500423,البريد_الإلكتروني,EMAIL,user0424@bank-mail.example.com,replace
425,CUS-500424,الاسم_الكامل,PERSON_NAME,سلمان التميمي,replace
425,CUS-500424,رقم_الهوية_أو_الإقامة,SAUDI_ID,1522748720,replace
425,CUS-500424,الجوال,MOBILE,0557637548,replace
425,CUS-500424,الآيبان,IBAN,SA7861830853101331864380,replace
425,CUS-500424,البريد_الإلكتروني,EMAIL,user0425@bank-mail.example.com,replace
426,CUS-500425,الاسم_الكامل,PERSON_NAME,روان الخثعمي,replace
426,CUS-500425,رقم_الهوية_أو_الإقامة,SAUDI_ID,2816256164,replace
426,CUS-500425,الجوال,MOBILE,0508995812,replace
426,CUS-500425,الآيبان,IBAN,SA4059926807252301460325,replace
426,CUS-500425,البريد_الإلكتروني,EMAIL,user0426@bank-mail.example.com,replace
427,CUS-500426,ملاحظات_الموظف,IBAN,SA7951180966511807065690,replace
427,CUS-500426,الاسم_الكامل,PERSON_NAME,إبراهيم السديري,replace
427,CUS-500426,رقم_الهوية_أو_الإقامة,SAUDI_ID,2787648498,replace
427,CUS-500426,الجوال,MOBILE,0568740579,replace
427,CUS-500426,الآيبان,IBAN,SA1624840520720538997549,replace
427,CUS-500426,البريد_الإلكتروني,EMAIL,user0427@bank-mail.example.com,replace
428,CUS-500427,الاسم_الكامل,PERSON_NAME,منى الكثيري,replace
428,CUS-500427,رقم_الهوية_أو_الإقامة,SAUDI_ID,1414478675,replace
428,CUS-500427,الجوال,MOBILE,0556855009,replace
428,CUS-500427,الآيبان,IBAN,SA0459628576907866518733,replace
428,CUS-500427,البريد_الإلكتروني,EMAIL,user0428@bank-mail.example.com,replace
429,CUS-500428,الاسم_الكامل,PERSON_NAME,معاذ الصقير,replace
429,CUS-500428,رقم_الهوية_أو_الإقامة,SAUDI_ID,1885732501,replace
429,CUS-500428,الجوال,MOBILE,0540580033,replace
429,CUS-500428,الآيبان,IBAN,SA4954933588233501693372,replace
429,CUS-500428,البريد_الإلكتروني,EMAIL,user0429@bank-mail.example.com,replace
430,CUS-500429,الاسم_الكامل,PERSON_NAME,أمل العجمي,replace
430,CUS-500429,رقم_الهوية_أو_الإقامة,SAUDI_ID,2282594742,replace
430,CUS-500429,الجوال,MOBILE,0505701320,replace
430,CUS-500429,الآيبان,IBAN,SA2963779008440517094771,replace
430,CUS-500429,البريد_الإلكتروني,EMAIL,user0430@bank-mail.example.com,replace
431,CUS-500430,الاسم_الكامل,PERSON_NAME,خلود العيسى,replace
431,CUS-500430,رقم_الهوية_أو_الإقامة,SAUDI_ID,1226850236,replace
431,CUS-500430,الجوال,MOBILE,0508847103,replace
431,CUS-500430,الآيبان,IBAN,SA4695968616459569800084,replace
431,CUS-500430,البريد_الإلكتروني,EMAIL,user0431@bank-mail.example.com,replace
432,CUS-500431,الاسم_الكامل,PERSON_NAME,خلود الزامل,replace
432,CUS-500431,رقم_الهوية_أو_الإقامة,SAUDI_ID,1908615899,replace
432,CUS-500431,الجوال,MOBILE,0541290237,replace
432,CUS-500431,الآيبان,IBAN,SA9823450477373860306598,replace
432,CUS-500431,البريد_الإلكتروني,EMAIL,user0432@bank-mail.example.com,replace
433,CUS-500432,الاسم_الكامل,PERSON_NAME,معاذ الجبرين,replace
433,CUS-500432,رقم_الهوية_أو_الإقامة,SAUDI_ID,1278085434,replace
433,CUS-500432,الجوال,MOBILE,0538166502,replace
433,CUS-500432,الآيبان,IBAN,SA6738690589607278365467,replace
433,CUS-500432,البريد_الإلكتروني,EMAIL,user0433@bank-mail.example.com,replace
434,CUS-500433,ملاحظات_الموظف,MOBILE,0596548236,replace
434,CUS-500433,الاسم_الكامل,PERSON_NAME,عبدالعزيز الأنصاري,replace
434,CUS-500433,رقم_الهوية_أو_الإقامة,SAUDI_ID,1899690653,replace
434,CUS-500433,الجوال,MOBILE,0591006805,replace
434,CUS-500433,الآيبان,IBAN,SA3304242564130900375001,replace
434,CUS-500433,البريد_الإلكتروني,EMAIL,user0434@bank-mail.example.com,replace
435,CUS-500434,الاسم_الكامل,PERSON_NAME,منى الأنصاري,replace
435,CUS-500434,رقم_الهوية_أو_الإقامة,SAUDI_ID,1101695714,replace
435,CUS-500434,الجوال,MOBILE,0595964188,replace
435,CUS-500434,الآيبان,IBAN,SA1988398137184410728442,replace
435,CUS-500434,البريد_الإلكتروني,EMAIL,user0435@bank-mail.example.com,replace
436,CUS-500435,ملاحظات_الموظف,IBAN,SA5059318522395842547373,replace
436,CUS-500435,الاسم_الكامل,PERSON_NAME,معاذ الصقير,replace
436,CUS-500435,رقم_الهوية_أو_الإقامة,SAUDI_ID,1771477815,replace
436,CUS-500435,الجوال,MOBILE,0555440209,replace
436,CUS-500435,الآيبان,IBAN,SA5124470570156942948333,replace
436,CUS-500435,البريد_الإلكتروني,EMAIL,user0436@bank-mail.example.com,replace
437,CUS-500436,الاسم_الكامل,PERSON_NAME,منى الهاجري,replace
437,CUS-500436,رقم_الهوية_أو_الإقامة,SAUDI_ID,2894393459,replace
437,CUS-500436,الجوال,MOBILE,0542927380,replace
437,CUS-500436,الآيبان,IBAN,SA8473403761518109694826,replace
437,CUS-500436,البريد_الإلكتروني,EMAIL,user0437@bank-mail.example.com,replace
438,CUS-500437,الاسم_الكامل,PERSON_NAME,سلمى التميمي,replace
438,CUS-500437,رقم_الهوية_أو_الإقامة,SAUDI_ID,1245863129,replace
438,CUS-500437,الجوال,MOBILE,0590936694,replace
438,CUS-500437,الآيبان,IBAN,SA0885398318564207744234,replace
438,CUS-500437,البريد_الإلكتروني,EMAIL,user0438@bank-mail.example.com,replace
439,CUS-500438,الاسم_الكامل,PERSON_NAME,سلمى الأنصاري,replace
439,CUS-500438,رقم_الهوية_أو_الإقامة,SAUDI_ID,1918310341,replace
439,CUS-500438,الجوال,MOBILE,0547441013,replace
439,CUS-500438,الآيبان,IBAN,SA8420727757053918651000,replace
439,CUS-500438,البريد_الإلكتروني,EMAIL,user0439@bank-mail.example.com,replace
440,CUS-500439,الاسم_الكامل,PERSON_NAME,خلود التميمي,replace
440,CUS-500439,رقم_الهوية_أو_الإقامة,SAUDI_ID,1779578119,replace
440,CUS-500439,الجوال,MOBILE,0597798023,replace
440,CUS-500439,الآيبان,IBAN,SA5131486476899915373772,replace
440,CUS-500439,البريد_الإلكتروني,EMAIL,user0440@bank-mail.example.com,replace
441,CUS-500440,الاسم_الكامل,PERSON_NAME,سلمان النعيمي,replace
441,CUS-500440,رقم_الهوية_أو_الإقامة,SAUDI_ID,2075339727,replace
441,CUS-500440,الجوال,MOBILE,0566562519,replace
441,CUS-500440,الآيبان,IBAN,SA0480895743989046458524,replace
441,CUS-500440,البريد_الإلكتروني,EMAIL,user0441@bank-mail.example.com,replace
442,CUS-500441,الاسم_الكامل,PERSON_NAME,نواف الخثعمي,replace
442,CUS-500441,رقم_الهوية_أو_الإقامة,SAUDI_ID,1883193920,replace
442,CUS-500441,الجوال,MOBILE,0596916881,replace
442,CUS-500441,الآيبان,IBAN,SA7216794186648460431399,replace
442,CUS-500441,البريد_الإلكتروني,EMAIL,user0442@bank-mail.example.com,replace
443,CUS-500442,الاسم_الكامل,PERSON_NAME,جواهر العجمي,replace
443,CUS-500442,رقم_الهوية_أو_الإقامة,SAUDI_ID,1316389681,replace
443,CUS-500442,الجوال,MOBILE,0548209549,replace
443,CUS-500442,الآيبان,IBAN,SA3048410599915785119994,replace
443,CUS-500442,البريد_الإلكتروني,EMAIL,user0443@bank-mail.example.com,replace
444,CUS-500443,الاسم_الكامل,PERSON_NAME,خلود المري,replace
444,CUS-500443,رقم_الهوية_أو_الإقامة,SAUDI_ID,1673277701,replace
444,CUS-500443,الجوال,MOBILE,0537136714,replace
444,CUS-500443,الآيبان,IBAN,SA5567270692679022296344,replace
444,CUS-500443,البريد_الإلكتروني,EMAIL,user0444@bank-mail.example.com,replace
445,CUS-500444,ملاحظات_الموظف,MOBILE,0555212169,replace
445,CUS-500444,الاسم_الكامل,PERSON_NAME,فيصل التميمي,replace
445,CUS-500444,رقم_الهوية_أو_الإقامة,SAUDI_ID,1439919000,replace
445,CUS-500444,الجوال,MOBILE,0539351131,replace
445,CUS-500444,الآيبان,IBAN,SA3748686229020045307987,replace
445,CUS-500444,البريد_الإلكتروني,EMAIL,user0445@bank-mail.example.com,replace
446,CUS-500445,ملاحظات_الموظف,MOBILE,0505336780,replace
446,CUS-500445,الاسم_الكامل,PERSON_NAME,يوسف الهاجري,replace
446,CUS-500445,رقم_الهوية_أو_الإقامة,SAUDI_ID,2970095234,replace
446,CUS-500445,الجوال,MOBILE,0592708755,replace
446,CUS-500445,الآيبان,IBAN,SA7309428761765005264683,replace
446,CUS-500445,البريد_الإلكتروني,EMAIL,user0446@bank-mail.example.com,replace
447,CUS-500446,الاسم_الكامل,PERSON_NAME,مشاعل الخثعمي,replace
447,CUS-500446,رقم_الهوية_أو_الإقامة,SAUDI_ID,2785303591,replace
447,CUS-500446,الجوال,MOBILE,0547284871,replace
447,CUS-500446,الآيبان,IBAN,SA8994858634809438740087,replace
447,CUS-500446,البريد_الإلكتروني,EMAIL,user0447@bank-mail.example.com,replace
448,CUS-500447,الاسم_الكامل,PERSON_NAME,دلال النعيمي,replace
448,CUS-500447,رقم_الهوية_أو_الإقامة,SAUDI_ID,1375788807,replace
448,CUS-500447,الجوال,MOBILE,0502019706,replace
448,CUS-500447,الآيبان,IBAN,SA5390172993850144512041,replace
448,CUS-500447,البريد_الإلكتروني,EMAIL,user0448@bank-mail.example.com,replace
449,CUS-500448,ملاحظات_الموظف,IBAN,SA9277438286883095039534,replace
449,CUS-500448,الاسم_الكامل,PERSON_NAME,روان البيشي,replace
449,CUS-500448,رقم_الهوية_أو_الإقامة,SAUDI_ID,1918018555,replace
449,CUS-500448,الجوال,MOBILE,0504497465,replace
449,CUS-500448,الآيبان,IBAN,SA4711534554634855544609,replace
449,CUS-500448,البريد_الإلكتروني,EMAIL,user0449@bank-mail.example.com,replace
450,CUS-500449,ملاحظات_الموظف,MOBILE,0532810445,replace
450,CUS-500449,الاسم_الكامل,PERSON_NAME,أسماء السديري,replace
450,CUS-500449,رقم_الهوية_أو_الإقامة,SAUDI_ID,2020393316,replace
450,CUS-500449,الجوال,MOBILE,0508059247,replace
450,CUS-500449,الآيبان,IBAN,SA0282722442958094205010,replace
450,CUS-500449,البريد_الإلكتروني,EMAIL,user0450@bank-mail.example.com,replace
451,CUS-500450,ملاحظات_الموظف,SAUDI_ID,1871766091,review
451,CUS-500450,الاسم_الكامل,PERSON_NAME,سلمى باوزير,replace
451,CUS-500450,رقم_الهوية_أو_الإقامة,SAUDI_ID,1320242983,replace
451,CUS-500450,الجوال,MOBILE,0558548917,replace
451,CUS-500450,الآيبان,IBAN,SA8350223085996367651941,replace
451,CUS-500450,البريد_الإلكتروني,EMAIL,user0451@bank-mail.example.com,replace
452,CUS-500451,ملاحظات_الموظف,SAUDI_ID,1372629970,review
452,CUS-500451,الاسم_الكامل,PERSON_NAME,حمد الأنصاري,replace
452,CUS-500451,رقم_الهوية_أو_الإقامة,SAUDI_ID,1070210958,replace
452,CUS-500451,الجوال,MOBILE,0596824459,replace
452,CUS-500451,الآيبان,IBAN,SA9636296617109104158449,replace
452,CUS-500451,البريد_الإلكتروني,EMAIL,user0452@bank-mail.example.com,replace
453,CUS-500452,ملاحظات_الموظف,MOBILE,0554263763,replace
453,CUS-500452,الاسم_الكامل,PERSON_NAME,هاني الهاجري,replace
453,CUS-500452,رقم_الهوية_أو_الإقامة,SAUDI_ID,2379497486,replace
453,CUS-500452,الجوال,MOBILE,0549607708,replace
453,CUS-500452,الآيبان,IBAN,SA0315236759547593547761,replace
453,CUS-500452,البريد_الإلكتروني,EMAIL,user0453@bank-mail.example.com,replace
454,CUS-500453,ملاحظات_الموظف,IBAN,SA1138856111657970960526,replace
454,CUS-500453,الاسم_الكامل,PERSON_NAME,أمل الصقير,replace
454,CUS-500453,رقم_الهوية_أو_الإقامة,SAUDI_ID,1457342689,replace
454,CUS-500453,الجوال,MOBILE,0562332593,replace
454,CUS-500453,الآيبان,IBAN,SA7748110167071485532290,replace
454,CUS-500453,البريد_الإلكتروني,EMAIL,user0454@bank-mail.example.com,replace
455,CUS-500454,الاسم_الكامل,PERSON_NAME,قصي العيسى,replace
455,CUS-500454,رقم_الهوية_أو_الإقامة,SAUDI_ID,1678813880,replace
455,CUS-500454,الجوال,MOBILE,0560854186,replace
455,CUS-500454,الآيبان,IBAN,SA4634936655018063749463,replace
455,CUS-500454,البريد_الإلكتروني,EMAIL,user0455@bank-mail.example.com,replace
456,CUS-500455,الاسم_الكامل,PERSON_NAME,سلمى الشهراني,replace
456,CUS-500455,رقم_الهوية_أو_الإقامة,SAUDI_ID,2017760691,replace
456,CUS-500455,الجوال,MOBILE,0532510170,replace
456,CUS-500455,الآيبان,IBAN,SA4364806383560947555900,replace
456,CUS-500455,البريد_الإلكتروني,EMAIL,user0456@bank-mail.example.com,replace
457,CUS-500456,الاسم_الكامل,PERSON_NAME,مشاعل البيشي,replace
457,CUS-500456,رقم_الهوية_أو_الإقامة,SAUDI_ID,1664481742,replace
457,CUS-500456,الجوال,MOBILE,0539442501,replace
457,CUS-500456,الآيبان,IBAN,SA4272660753158792080397,replace
457,CUS-500456,البريد_الإلكتروني,EMAIL,user0457@bank-mail.example.com,replace
458,CUS-500457,الاسم_الكامل,PERSON_NAME,فاطمة الخثعمي,replace
458,CUS-500457,رقم_الهوية_أو_الإقامة,SAUDI_ID,1299083715,replace
458,CUS-500457,الجوال,MOBILE,0539021387,replace
458,CUS-500457,الآيبان,IBAN,SA7472741397267590822642,replace
458,CUS-500457,البريد_الإلكتروني,EMAIL,user0458@bank-mail.example.com,replace
459,CUS-500458,الاسم_الكامل,PERSON_NAME,منى الزامل,replace
459,CUS-500458,رقم_الهوية_أو_الإقامة,SAUDI_ID,2999862507,replace
459,CUS-500458,الجوال,MOBILE,0549640495,replace
459,CUS-500458,الآيبان,IBAN,SA3792943645083408562888,replace
459,CUS-500458,البريد_الإلكتروني,EMAIL,user0459@bank-mail.example.com,replace
460,CUS-500459,الاسم_الكامل,PERSON_NAME,قصي الأنصاري,replace
460,CUS-500459,رقم_الهوية_أو_الإقامة,SAUDI_ID,1787608759,replace
460,CUS-500459,الجوال,MOBILE,0596660207,replace
460,CUS-500459,الآيبان,IBAN,SA5787993954209054386423,replace
460,CUS-500459,البريد_الإلكتروني,EMAIL,user0460@bank-mail.example.com,replace
461,CUS-500460,الاسم_الكامل,PERSON_NAME,سلمى الشهراني,replace
461,CUS-500460,رقم_الهوية_أو_الإقامة,SAUDI_ID,1533331912,replace
461,CUS-500460,الجوال,MOBILE,0543971670,replace
461,CUS-500460,الآيبان,IBAN,SA6676030519180386120949,replace
461,CUS-500460,البريد_الإلكتروني,EMAIL,user0461@bank-mail.example.com,replace
462,CUS-500461,الاسم_الكامل,PERSON_NAME,أمل العجمي,replace
462,CUS-500461,رقم_الهوية_أو_الإقامة,SAUDI_ID,1154167348,replace
462,CUS-500461,الجوال,MOBILE,0535919274,replace
462,CUS-500461,الآيبان,IBAN,SA3619717681761682564395,replace
462,CUS-500461,البريد_الإلكتروني,EMAIL,user0462@bank-mail.example.com,replace
463,CUS-500462,الاسم_الكامل,PERSON_NAME,فاطمة باوزير,replace
463,CUS-500462,رقم_الهوية_أو_الإقامة,SAUDI_ID,1302631245,replace
463,CUS-500462,الجوال,MOBILE,0539966600,replace
463,CUS-500462,الآيبان,IBAN,SA6400137340133698225356,replace
463,CUS-500462,البريد_الإلكتروني,EMAIL,user0463@bank-mail.example.com,replace
464,CUS-500463,الاسم_الكامل,PERSON_NAME,هاني البيشي,replace
464,CUS-500463,رقم_الهوية_أو_الإقامة,SAUDI_ID,1328455835,replace
464,CUS-500463,الجوال,MOBILE,0561830220,replace
464,CUS-500463,الآيبان,IBAN,SA9372656427637314205584,replace
464,CUS-500463,البريد_الإلكتروني,EMAIL,user0464@bank-mail.example.com,replace
465,CUS-500464,الاسم_الكامل,PERSON_NAME,جواهر البيشي,replace
465,CUS-500464,رقم_الهوية_أو_الإقامة,SAUDI_ID,1733538654,replace
465,CUS-500464,الجوال,MOBILE,0544324690,replace
465,CUS-500464,الآيبان,IBAN,SA5940040387483067543221,replace
465,CUS-500464,البريد_الإلكتروني,EMAIL,user0465@bank-mail.example.com,replace
466,CUS-500465,الاسم_الكامل,PERSON_NAME,ابتسام التميمي,replace
466,CUS-500465,رقم_الهوية_أو_الإقامة,SAUDI_ID,2148915719,replace
466,CUS-500465,الجوال,MOBILE,0554884153,replace
466,CUS-500465,الآيبان,IBAN,SA9549157532282351312113,replace
466,CUS-500465,البريد_الإلكتروني,EMAIL,user0466@bank-mail.example.com,replace
467,CUS-500466,الاسم_الكامل,PERSON_NAME,حصة الصقير,replace
467,CUS-500466,رقم_الهوية_أو_الإقامة,SAUDI_ID,2834538379,replace
467,CUS-500466,الجوال,MOBILE,0557555234,replace
467,CUS-500466,الآيبان,IBAN,SA3569536338491452223318,replace
467,CUS-500466,البريد_الإلكتروني,EMAIL,user0467@bank-mail.example.com,replace
468,CUS-500467,الاسم_الكامل,PERSON_NAME,أسامة الجبرين,replace
468,CUS-500467,رقم_الهوية_أو_الإقامة,SAUDI_ID,1823912579,replace
468,CUS-500467,الجوال,MOBILE,0534525447,replace
468,CUS-500467,الآيبان,IBAN,SA6082004805013796340718,replace
468,CUS-500467,البريد_الإلكتروني,EMAIL,user0468@bank-mail.example.com,replace
469,CUS-500468,الاسم_الكامل,PERSON_NAME,نورة البيشي,replace
469,CUS-500468,رقم_الهوية_أو_الإقامة,SAUDI_ID,2961982341,replace
469,CUS-500468,الجوال,MOBILE,0593235189,replace
469,CUS-500468,الآيبان,IBAN,SA2633042467791629682609,replace
469,CUS-500468,البريد_الإلكتروني,EMAIL,user0469@bank-mail.example.com,replace
470,CUS-500469,الاسم_الكامل,PERSON_NAME,جواهر الشهراني,replace
470,CUS-500469,رقم_الهوية_أو_الإقامة,SAUDI_ID,1843235019,replace
470,CUS-500469,الجوال,MOBILE,0546156841,replace
470,CUS-500469,الآيبان,IBAN,SA5503783872638314066943,replace
470,CUS-500469,البريد_الإلكتروني,EMAIL,user0470@bank-mail.example.com,replace
471,CUS-500470,ملاحظات_الموظف,SAUDI_ID,1031047796,review
471,CUS-500470,الاسم_الكامل,PERSON_NAME,ناصر المري,replace
471,CUS-500470,رقم_الهوية_أو_الإقامة,SAUDI_ID,1548142569,replace
471,CUS-500470,الجوال,MOBILE,0556791603,replace
471,CUS-500470,الآيبان,IBAN,SA3333760322659267880623,replace
471,CUS-500470,البريد_الإلكتروني,EMAIL,user0471@bank-mail.example.com,replace
472,CUS-500471,ملاحظات_الموظف,SAUDI_ID,1613576410,review
472,CUS-500471,الاسم_الكامل,PERSON_NAME,روان الخثعمي,replace
472,CUS-500471,رقم_الهوية_أو_الإقامة,SAUDI_ID,1303704256,replace
472,CUS-500471,الجوال,MOBILE,0561472833,replace
472,CUS-500471,الآيبان,IBAN,SA9125899825455434261165,replace
472,CUS-500471,البريد_الإلكتروني,EMAIL,user0472@bank-mail.example.com,replace
473,CUS-500472,الاسم_الكامل,PERSON_NAME,فاطمة الصقير,replace
473,CUS-500472,رقم_الهوية_أو_الإقامة,SAUDI_ID,1931325953,replace
473,CUS-500472,الجوال,MOBILE,0541012457,replace
473,CUS-500472,الآيبان,IBAN,SA6925642077753094200546,replace
473,CUS-500472,البريد_الإلكتروني,EMAIL,user0473@bank-mail.example.com,replace
474,CUS-500473,الاسم_الكامل,PERSON_NAME,فاطمة الأنصاري,replace
474,CUS-500473,رقم_الهوية_أو_الإقامة,SAUDI_ID,1453492256,replace
474,CUS-500473,الجوال,MOBILE,0598121687,replace
474,CUS-500473,الآيبان,IBAN,SA3241807064449624342396,replace
474,CUS-500473,البريد_الإلكتروني,EMAIL,user0474@bank-mail.example.com,replace
475,CUS-500474,الاسم_الكامل,PERSON_NAME,هاني السديري,replace
475,CUS-500474,رقم_الهوية_أو_الإقامة,SAUDI_ID,1471593648,replace
475,CUS-500474,الجوال,MOBILE,0541226515,replace
475,CUS-500474,الآيبان,IBAN,SA4948813288429788468645,replace
475,CUS-500474,البريد_الإلكتروني,EMAIL,user0475@bank-mail.example.com,replace
476,CUS-500475,ملاحظات_الموظف,IBAN,SA3217075394035692454789,replace
476,CUS-500475,الاسم_الكامل,PERSON_NAME,أسامة المري,replace
476,CUS-500475,رقم_الهوية_أو_الإقامة,SAUDI_ID,1975885482,replace
476,CUS-500475,الجوال,MOBILE,0508904391,replace
476,CUS-500475,الآيبان,IBAN,SA4648653455246511326147,replace
476,CUS-500475,البريد_الإلكتروني,EMAIL,user0476@bank-mail.example.com,replace
477,CUS-500476,الاسم_الكامل,PERSON_NAME,إبراهيم الزامل,replace
477,CUS-500476,رقم_الهوية_أو_الإقامة,SAUDI_ID,1533897094,replace
477,CUS-500476,الجوال,MOBILE,0507237199,replace
477,CUS-500476,الآيبان,IBAN,SA6429963328589772563881,replace
477,CUS-500476,البريد_الإلكتروني,EMAIL,user0477@bank-mail.example.com,replace
478,CUS-500477,الاسم_الكامل,PERSON_NAME,أسامة الكثيري,replace
478,CUS-500477,رقم_الهوية_أو_الإقامة,SAUDI_ID,2932387992,replace
478,CUS-500477,الجوال,MOBILE,0553646106,replace
478,CUS-500477,الآيبان,IBAN,SA8128641904116313924992,replace
478,CUS-500477,البريد_الإلكتروني,EMAIL,user0478@bank-mail.example.com,replace
479,CUS-500478,الاسم_الكامل,PERSON_NAME,عبير الأنصاري,replace
479,CUS-500478,رقم_الهوية_أو_الإقامة,SAUDI_ID,1321338251,replace
479,CUS-500478,الجوال,MOBILE,0594970085,replace
479,CUS-500478,الآيبان,IBAN,SA3666649321936109639972,replace
479,CUS-500478,البريد_الإلكتروني,EMAIL,user0479@bank-mail.example.com,replace
480,CUS-500479,الاسم_الكامل,PERSON_NAME,إبراهيم باوزير,replace
480,CUS-500479,رقم_الهوية_أو_الإقامة,SAUDI_ID,1240257269,replace
480,CUS-500479,الجوال,MOBILE,0591333209,replace
480,CUS-500479,الآيبان,IBAN,SA1817701303891222204032,replace
480,CUS-500479,البريد_الإلكتروني,EMAIL,user0480@bank-mail.example.com,replace
481,CUS-500480,الاسم_الكامل,PERSON_NAME,أسماء العيسى,replace
481,CUS-500480,رقم_الهوية_أو_الإقامة,SAUDI_ID,1297643163,replace
481,CUS-500480,الجوال,MOBILE,0534651109,replace
481,CUS-500480,الآيبان,IBAN,SA0858942627652931168030,replace
481,CUS-500480,البريد_الإلكتروني,EMAIL,user0481@bank-mail.example.com,replace
482,CUS-500481,الاسم_الكامل,PERSON_NAME,حمد الزامل,replace
482,CUS-500481,رقم_الهوية_أو_الإقامة,SAUDI_ID,1584829376,replace
482,CUS-500481,الجوال,MOBILE,0505312995,replace
482,CUS-500481,الآيبان,IBAN,SA9189308485044043321073,replace
482,CUS-500481,البريد_الإلكتروني,EMAIL,user0482@bank-mail.example.com,replace
483,CUS-500482,ملاحظات_الموظف,SAUDI_ID,1350083976,review
483,CUS-500482,الاسم_الكامل,PERSON_NAME,ليان الأنصاري,replace
483,CUS-500482,رقم_الهوية_أو_الإقامة,SAUDI_ID,1283800025,replace
483,CUS-500482,الجوال,MOBILE,0534337770,replace
483,CUS-500482,الآيبان,IBAN,SA8050386570275337038223,replace
483,CUS-500482,البريد_الإلكتروني,EMAIL,user0483@bank-mail.example.com,replace
484,CUS-500483,الاسم_الكامل,PERSON_NAME,جواهر التميمي,replace
484,CUS-500483,رقم_الهوية_أو_الإقامة,SAUDI_ID,2615482268,replace
484,CUS-500483,الجوال,MOBILE,0543178128,replace
484,CUS-500483,الآيبان,IBAN,SA9032346823386452102814,replace
484,CUS-500483,البريد_الإلكتروني,EMAIL,user0484@bank-mail.example.com,replace
485,CUS-500484,ملاحظات_الموظف,SAUDI_ID,1902889797,review
485,CUS-500484,الاسم_الكامل,PERSON_NAME,فيصل الزامل,replace
485,CUS-500484,رقم_الهوية_أو_الإقامة,SAUDI_ID,2537864536,replace
485,CUS-500484,الجوال,MOBILE,0563398312,replace
485,CUS-500484,الآيبان,IBAN,SA7507524846704609167331,replace
485,CUS-500484,البريد_الإلكتروني,EMAIL,user0485@bank-mail.example.com,replace
486,CUS-500485,ملاحظات_الموظف,SAUDI_ID,1795744000,review
486,CUS-500485,الاسم_الكامل,PERSON_NAME,منى الزامل,replace
486,CUS-500485,رقم_الهوية_أو_الإقامة,SAUDI_ID,2036094908,replace
486,CUS-500485,الجوال,MOBILE,0506522437,replace
486,CUS-500485,الآيبان,IBAN,SA4398111270072192759084,replace
486,CUS-500485,البريد_الإلكتروني,EMAIL,user0486@bank-mail.example.com,replace
487,CUS-500486,الاسم_الكامل,PERSON_NAME,فاطمة العيسى,replace
487,CUS-500486,رقم_الهوية_أو_الإقامة,SAUDI_ID,1874961764,replace
487,CUS-500486,الجوال,MOBILE,0507036539,replace
487,CUS-500486,الآيبان,IBAN,SA6517265975762101292792,replace
487,CUS-500486,البريد_الإلكتروني,EMAIL,user0487@bank-mail.example.com,replace
488,CUS-500487,ملاحظات_الموظف,SAUDI_ID,1807223027,review
488,CUS-500487,الاسم_الكامل,PERSON_NAME,أسماء النعيمي,replace
488,CUS-500487,رقم_الهوية_أو_الإقامة,SAUDI_ID,1738400496,replace
488,CUS-500487,الجوال,MOBILE,0533764042,replace
488,CUS-500487,الآيبان,IBAN,SA3171849977159558453323,replace
488,CUS-500487,البريد_الإلكتروني,EMAIL,user0488@bank-mail.example.com,replace
489,CUS-500488,ملاحظات_الموظف,SAUDI_ID,1029978309,review
489,CUS-500488,الاسم_الكامل,PERSON_NAME,سلمى العجمي,replace
489,CUS-500488,رقم_الهوية_أو_الإقامة,SAUDI_ID,1883078360,replace
489,CUS-500488,الجوال,MOBILE,0555620198,replace
489,CUS-500488,الآيبان,IBAN,SA7274257218355658172700,replace
489,CUS-500488,البريد_الإلكتروني,EMAIL,user0489@bank-mail.example.com,replace
490,CUS-500489,ملاحظات_الموظف,MOBILE,0567880142,replace
490,CUS-500489,الاسم_الكامل,PERSON_NAME,ليان الهاجري,replace
490,CUS-500489,رقم_الهوية_أو_الإقامة,SAUDI_ID,2114064401,replace
490,CUS-500489,الجوال,MOBILE,0596021160,replace
490,CUS-500489,الآيبان,IBAN,SA5472062969004527111883,replace
490,CUS-500489,البريد_الإلكتروني,EMAIL,user0490@bank-mail.example.com,replace
491,CUS-500490,الاسم_الكامل,PERSON_NAME,منى الخثعمي,replace
491,CUS-500490,رقم_الهوية_أو_الإقامة,SAUDI_ID,2335592172,replace
491,CUS-500490,الجوال,MOBILE,0593099198,replace
491,CUS-500490,الآيبان,IBAN,SA8415580258978341873555,replace
491,CUS-500490,البريد_الإلكتروني,EMAIL,user0491@bank-mail.example.com,replace
492,CUS-500491,الاسم_الكامل,PERSON_NAME,تركي السديري,replace
492,CUS-500491,رقم_الهوية_أو_الإقامة,SAUDI_ID,1975556851,replace
492,CUS-500491,الجوال,MOBILE,0538862378,replace
492,CUS-500491,الآيبان,IBAN,SA8481359089114331996135,replace
492,CUS-500491,البريد_الإلكتروني,EMAIL,user0492@bank-mail.example.com,replace
493,CUS-500492,ملاحظات_الموظف,MOBILE,0592330290,replace
493,CUS-500492,الاسم_الكامل,PERSON_NAME,نواف الزامل,replace
493,CUS-500492,رقم_الهوية_أو_الإقامة,SAUDI_ID,2569711373,replace
493,CUS-500492,الجوال,MOBILE,0594365965,replace
493,CUS-500492,الآيبان,IBAN,SA6762547951765204353045,replace
493,CUS-500492,البريد_الإلكتروني,EMAIL,user0493@bank-mail.example.com,replace
494,CUS-500493,الاسم_الكامل,PERSON_NAME,قصي السديري,replace
494,CUS-500493,رقم_الهوية_أو_الإقامة,SAUDI_ID,1538151968,replace
494,CUS-500493,الجوال,MOBILE,0594451367,replace
494,CUS-500493,الآيبان,IBAN,SA3918922695261417403090,replace
494,CUS-500493,البريد_الإلكتروني,EMAIL,user0494@bank-mail.example.com,replace
495,CUS-500494,الاسم_الكامل,PERSON_NAME,حصة التميمي,replace
495,CUS-500494,رقم_الهوية_أو_الإقامة,SAUDI_ID,2159495197,replace
495,CUS-500494,الجوال,MOBILE,0542334633,replace
495,CUS-500494,الآيبان,IBAN,SA4272468542345418513152,replace
495,CUS-500494,البريد_الإلكتروني,EMAIL,user0495@bank-mail.example.com,replace
496,CUS-500495,ملاحظات_الموظف,SAUDI_ID,1506151123,review
496,CUS-500495,الاسم_الكامل,PERSON_NAME,يوسف الصقير,replace
496,CUS-500495,رقم_الهوية_أو_الإقامة,SAUDI_ID,1514350030,replace
496,CUS-500495,الجوال,MOBILE,0597570062,replace
496,CUS-500495,الآيبان,IBAN,SA6323194885803282517681,replace
496,CUS-500495,البريد_الإلكتروني,EMAIL,user0496@bank-mail.example.com,replace
497,CUS-500496,الاسم_الكامل,PERSON_NAME,حمد التميمي,replace
497,CUS-500496,رقم_الهوية_أو_الإقامة,SAUDI_ID,2394428789,replace
497,CUS-500496,الجوال,MOBILE,0506377466,replace
497,CUS-500496,الآيبان,IBAN,SA7079615175214609523736,replace
497,CUS-500496,البريد_الإلكتروني,EMAIL,user0497@bank-mail.example.com,replace
498,CUS-500497,الاسم_الكامل,PERSON_NAME,خلود النعيمي,replace
498,CUS-500497,رقم_الهوية_أو_الإقامة,SAUDI_ID,1366857553,replace
498,CUS-500497,الجوال,MOBILE,0501680074,replace
498,CUS-500497,الآيبان,IBAN,SA9753852479630664235459,replace
498,CUS-500497,البريد_الإلكتروني,EMAIL,user0498@bank-mail.example.com,replace
499,CUS-500498,الاسم_الكامل,PERSON_NAME,جواهر الخثعمي,replace
499,CUS-500498,رقم_الهوية_أو_الإقامة,SAUDI_ID,1465823761,replace
499,CUS-500498,الجوال,MOBILE,0551667820,replace
499,CUS-500498,الآيبان,IBAN,SA7520097586053353482642,replace
499,CUS-500498,البريد_الإلكتروني,EMAIL,user0499@bank-mail.example.com,replace
500,CUS-500499,الاسم_الكامل,PERSON_NAME,معاذ المري,replace
500,CUS-500499,رقم_الهوية_أو_الإقامة,SAUDI_ID,1053432769,replace
500,CUS-500499,الجوال,MOBILE,0567906040,replace
500,CUS-500499,الآيبان,IBAN,SA9249158019153055303299,replace
500,CUS-500499,البريد_الإلكتروني,EMAIL,user0500@bank-mail.example.com,replace
501,CUS-500500,الاسم_الكامل,PERSON_NAME,ليان باوزير,replace
501,CUS-500500,رقم_الهوية_أو_الإقامة,SAUDI_ID,1959504828,replace
501,CUS-500500,الجوال,MOBILE,0568370105,replace
501,CUS-500500,الآيبان,IBAN,SA7775584874448282869681,replace
501,CUS-500500,البريد_الإلكتروني,EMAIL,user0501@bank-mail.example.com,replace
502,CUS-500501,ملاحظات_الموظف,IBAN,SA2154875373755158305802,replace
502,CUS-500501,الاسم_الكامل,PERSON_NAME,سلمى المري,replace
502,CUS-500501,رقم_الهوية_أو_الإقامة,SAUDI_ID,1464082864,replace
502,CUS-500501,الجوال,MOBILE,0559666717,replace
502,CUS-500501,الآيبان,IBAN,SA3571710263643898998511,replace
502,CUS-500501,البريد_الإلكتروني,EMAIL,user0502@bank-mail.example.com,replace
503,CUS-500502,الاسم_الكامل,PERSON_NAME,سلمى الخثعمي,replace
503,CUS-500502,رقم_الهوية_أو_الإقامة,SAUDI_ID,1234070876,replace
503,CUS-500502,الجوال,MOBILE,0501671538,replace
503,CUS-500502,الآيبان,IBAN,SA9278762077239558808003,replace
503,CUS-500502,البريد_الإلكتروني,EMAIL,user0503@bank-mail.example.com,replace
504,CUS-500503,ملاحظات_الموظف,SAUDI_ID,1600131666,review
504,CUS-500503,الاسم_الكامل,PERSON_NAME,سلمى الشهراني,replace
504,CUS-500503,رقم_الهوية_أو_الإقامة,SAUDI_ID,1941077917,replace
504,CUS-500503,الجوال,MOBILE,0595137033,replace
504,CUS-500503,الآيبان,IBAN,SA3172778183626836461105,replace
504,CUS-500503,البريد_الإلكتروني,EMAIL,user0504@bank-mail.example.com,replace
505,CUS-500504,الاسم_الكامل,PERSON_NAME,عبدالرحمن التميمي,replace
505,CUS-500504,رقم_الهوية_أو_الإقامة,SAUDI_ID,1235602552,replace
505,CUS-500504,الجوال,MOBILE,0549649745,replace
505,CUS-500504,الآيبان,IBAN,SA5796833566589701117508,replace
505,CUS-500504,البريد_الإلكتروني,EMAIL,user0505@bank-mail.example.com,replace
506,CUS-500505,ملاحظات_الموظف,SAUDI_ID,1277611313,review
506,CUS-500505,الاسم_الكامل,PERSON_NAME,عبير العجمي,replace
506,CUS-500505,رقم_الهوية_أو_الإقامة,SAUDI_ID,1327354609,replace
506,CUS-500505,الجوال,MOBILE,0541236791,replace
506,CUS-500505,الآيبان,IBAN,SA2375074212430424045825,replace
506,CUS-500505,البريد_الإلكتروني,EMAIL,user0506@bank-mail.example.com,replace
507,CUS-500506,الاسم_الكامل,PERSON_NAME,سامي الزامل,replace
507,CUS-500506,رقم_الهوية_أو_الإقامة,SAUDI_ID,1562469518,replace
507,CUS-500506,الجوال,MOBILE,0544595002,replace
507,CUS-500506,الآيبان,IBAN,SA3978739640008837650049,replace
507,CUS-500506,البريد_الإلكتروني,EMAIL,user0507@bank-mail.example.com,replace
508,CUS-500507,ملاحظات_الموظف,SAUDI_ID,1179633563,review
508,CUS-500507,الاسم_الكامل,PERSON_NAME,عبدالرحمن الجبرين,replace
508,CUS-500507,رقم_الهوية_أو_الإقامة,SAUDI_ID,2009435021,replace
508,CUS-500507,الجوال,MOBILE,0556733784,replace
508,CUS-500507,الآيبان,IBAN,SA4822371977883432863716,replace
508,CUS-500507,البريد_الإلكتروني,EMAIL,user0508@bank-mail.example.com,replace
509,CUS-500508,الاسم_الكامل,PERSON_NAME,فاطمة الصقير,replace
509,CUS-500508,رقم_الهوية_أو_الإقامة,SAUDI_ID,1625064488,replace
509,CUS-500508,الجوال,MOBILE,0543282778,replace
509,CUS-500508,الآيبان,IBAN,SA1211162141008905246670,replace
509,CUS-500508,البريد_الإلكتروني,EMAIL,user0509@bank-mail.example.com,replace
510,CUS-500509,الاسم_الكامل,PERSON_NAME,سلمى الشهراني,replace
510,CUS-500509,رقم_الهوية_أو_الإقامة,SAUDI_ID,1064115445,replace
510,CUS-500509,الجوال,MOBILE,0559221712,replace
510,CUS-500509,الآيبان,IBAN,SA2181702533505130296726,replace
510,CUS-500509,البريد_الإلكتروني,EMAIL,user0510@bank-mail.example.com,replace
511,CUS-500510,ملاحظات_الموظف,IBAN,SA6614866529667270890885,replace
511,CUS-500510,الاسم_الكامل,PERSON_NAME,هاني السديري,replace
511,CUS-500510,رقم_الهوية_أو_الإقامة,SAUDI_ID,1352748048,replace
511,CUS-500510,الجوال,MOBILE,0542525310,replace
511,CUS-500510,الآيبان,IBAN,SA5754033205677292479003,replace
511,CUS-500510,البريد_الإلكتروني,EMAIL,user0511@bank-mail.example.com,replace
512,CUS-500511,الاسم_الكامل,PERSON_NAME,سامي البيشي,replace
512,CUS-500511,رقم_الهوية_أو_الإقامة,SAUDI_ID,2889288151,replace
512,CUS-500511,الجوال,MOBILE,0507521322,replace
512,CUS-500511,الآيبان,IBAN,SA3616616569497410497813,replace
512,CUS-500511,البريد_الإلكتروني,EMAIL,user0512@bank-mail.example.com,replace
513,CUS-500512,الاسم_الكامل,PERSON_NAME,سامي العجمي,replace
513,CUS-500512,رقم_الهوية_أو_الإقامة,SAUDI_ID,1650369521,replace
513,CUS-500512,الجوال,MOBILE,0504483193,replace
513,CUS-500512,الآيبان,IBAN,SA5853370652253885419012,replace
513,CUS-500512,البريد_الإلكتروني,EMAIL,user0513@bank-mail.example.com,replace
514,CUS-500513,الاسم_الكامل,PERSON_NAME,دلال العجمي,replace
514,CUS-500513,رقم_الهوية_أو_الإقامة,SAUDI_ID,2799547183,replace
514,CUS-500513,الجوال,MOBILE,0593632848,replace
514,CUS-500513,الآيبان,IBAN,SA5148664019502774036483,replace
514,CUS-500513,البريد_الإلكتروني,EMAIL,user0514@bank-mail.example.com,replace
515,CUS-500514,الاسم_الكامل,PERSON_NAME,إبراهيم السديري,replace
515,CUS-500514,رقم_الهوية_أو_الإقامة,SAUDI_ID,2896907454,replace
515,CUS-500514,الجوال,MOBILE,0555996932,replace
515,CUS-500514,الآيبان,IBAN,SA8877122397093852952432,replace
515,CUS-500514,البريد_الإلكتروني,EMAIL,user0515@bank-mail.example.com,replace
516,CUS-500515,الاسم_الكامل,PERSON_NAME,ناصر الشهراني,replace
516,CUS-500515,رقم_الهوية_أو_الإقامة,SAUDI_ID,1262143900,replace
516,CUS-500515,الجوال,MOBILE,0567126789,replace
516,CUS-500515,الآيبان,IBAN,SA4966203326105392728089,replace
516,CUS-500515,البريد_الإلكتروني,EMAIL,user0516@bank-mail.example.com,replace
517,CUS-500516,الاسم_الكامل,PERSON_NAME,مشاعل البيشي,replace
517,CUS-500516,رقم_الهوية_أو_الإقامة,SAUDI_ID,2847186646,replace
517,CUS-500516,الجوال,MOBILE,0561128753,replace
517,CUS-500516,الآيبان,IBAN,SA0710255855975343595787,replace
517,CUS-500516,البريد_الإلكتروني,EMAIL,user0517@bank-mail.example.com,replace
518,CUS-500517,الاسم_الكامل,PERSON_NAME,سلمى باوزير,replace
518,CUS-500517,رقم_الهوية_أو_الإقامة,SAUDI_ID,1446380741,replace
518,CUS-500517,الجوال,MOBILE,0564150165,replace
518,CUS-500517,الآيبان,IBAN,SA4710295113855264361100,replace
518,CUS-500517,البريد_الإلكتروني,EMAIL,user0518@bank-mail.example.com,replace
519,CUS-500518,ملاحظات_الموظف,MOBILE,0551593408,replace
519,CUS-500518,الاسم_الكامل,PERSON_NAME,قصي البيشي,replace
519,CUS-500518,رقم_الهوية_أو_الإقامة,SAUDI_ID,2903534341,replace
519,CUS-500518,الجوال,MOBILE,0533043040,replace
519,CUS-500518,الآيبان,IBAN,SA4415479010926628200613,replace
519,CUS-500518,البريد_الإلكتروني,EMAIL,user0519@bank-mail.example.com,replace
520,CUS-500519,الاسم_الكامل,PERSON_NAME,معاذ الهاجري,replace
520,CUS-500519,رقم_الهوية_أو_الإقامة,SAUDI_ID,2246733246,replace
520,CUS-500519,الجوال,MOBILE,0567178724,replace
520,CUS-500519,الآيبان,IBAN,SA5133529436298556156145,replace
520,CUS-500519,البريد_الإلكتروني,EMAIL,user0520@bank-mail.example.com,replace
521,CUS-500520,الاسم_الكامل,PERSON_NAME,جاسم المري,replace
521,CUS-500520,رقم_الهوية_أو_الإقامة,SAUDI_ID,2788634265,replace
521,CUS-500520,الجوال,MOBILE,0565328802,replace
521,CUS-500520,الآيبان,IBAN,SA5527608212177209871285,replace
521,CUS-500520,البريد_الإلكتروني,EMAIL,user0521@bank-mail.example.com,replace
522,CUS-500521,الاسم_الكامل,PERSON_NAME,أسماء باوزير,replace
522,CUS-500521,رقم_الهوية_أو_الإقامة,SAUDI_ID,1087915318,replace
522,CUS-500521,الجوال,MOBILE,0561036078,replace
522,CUS-500521,الآيبان,IBAN,SA6626951577559823874758,replace
522,CUS-500521,البريد_الإلكتروني,EMAIL,user0522@bank-mail.example.com,replace
523,CUS-500522,الاسم_الكامل,PERSON_NAME,هالة الجبرين,replace
523,CUS-500522,رقم_الهوية_أو_الإقامة,SAUDI_ID,2354859312,replace
523,CUS-500522,الجوال,MOBILE,0532196955,replace
523,CUS-500522,الآيبان,IBAN,SA7403139125360643646242,replace
523,CUS-500522,البريد_الإلكتروني,EMAIL,user0523@bank-mail.example.com,replace
524,CUS-500523,الاسم_الكامل,PERSON_NAME,دلال الزامل,replace
524,CUS-500523,رقم_الهوية_أو_الإقامة,SAUDI_ID,1625910813,replace
524,CUS-500523,الجوال,MOBILE,0504545400,replace
524,CUS-500523,الآيبان,IBAN,SA5275959764759419139002,replace
524,CUS-500523,البريد_الإلكتروني,EMAIL,user0524@bank-mail.example.com,replace
525,CUS-500524,الاسم_الكامل,PERSON_NAME,فاطمة الزامل,replace
525,CUS-500524,رقم_الهوية_أو_الإقامة,SAUDI_ID,1344678527,replace
525,CUS-500524,الجوال,MOBILE,0563885454,replace
525,CUS-500524,الآيبان,IBAN,SA5504591535156561670095,replace
525,CUS-500524,البريد_الإلكتروني,EMAIL,user0525@bank-mail.example.com,replace
526,CUS-500525,ملاحظات_الموظف,MOBILE,0545312660,replace
526,CUS-500525,الاسم_الكامل,PERSON_NAME,قصي الجبرين,replace
526,CUS-500525,رقم_الهوية_أو_الإقامة,SAUDI_ID,1619277427,replace
526,CUS-500525,الجوال,MOBILE,0538454760,replace
526,CUS-500525,الآيبان,IBAN,SA8698987937114922490481,replace
526,CUS-500525,البريد_الإلكتروني,EMAIL,user0526@bank-mail.example.com,replace
527,CUS-500526,ملاحظات_الموظف,MOBILE,0563304304,replace
527,CUS-500526,الاسم_الكامل,PERSON_NAME,نواف النعيمي,replace
527,CUS-500526,رقم_الهوية_أو_الإقامة,SAUDI_ID,2366598965,replace
527,CUS-500526,الجوال,MOBILE,0556690597,replace
527,CUS-500526,الآيبان,IBAN,SA0396077064521153826760,replace
527,CUS-500526,البريد_الإلكتروني,EMAIL,user0527@bank-mail.example.com,replace
528,CUS-500527,الاسم_الكامل,PERSON_NAME,جواهر الخثعمي,replace
528,CUS-500527,رقم_الهوية_أو_الإقامة,SAUDI_ID,1540712146,replace
528,CUS-500527,الجوال,MOBILE,0539166988,replace
528,CUS-500527,الآيبان,IBAN,SA9392220734476285228493,replace
528,CUS-500527,البريد_الإلكتروني,EMAIL,user0528@bank-mail.example.com,replace
529,CUS-500528,الاسم_الكامل,PERSON_NAME,هاني الكثيري,replace
529,CUS-500528,رقم_الهوية_أو_الإقامة,SAUDI_ID,1808912958,replace
529,CUS-500528,الجوال,MOBILE,0595787727,replace
529,CUS-500528,الآيبان,IBAN,SA4591645172925284998018,replace
529,CUS-500528,البريد_الإلكتروني,EMAIL,user0529@bank-mail.example.com,replace
530,CUS-500529,الاسم_الكامل,PERSON_NAME,سلمان الزامل,replace
530,CUS-500529,رقم_الهوية_أو_الإقامة,SAUDI_ID,1837458510,replace
530,CUS-500529,الجوال,MOBILE,0509830812,replace
530,CUS-500529,الآيبان,IBAN,SA6897710055523521440299,replace
530,CUS-500529,البريد_الإلكتروني,EMAIL,user0530@bank-mail.example.com,replace
531,CUS-500530,الاسم_الكامل,PERSON_NAME,حمد المري,replace
531,CUS-500530,رقم_الهوية_أو_الإقامة,SAUDI_ID,1395729849,replace
531,CUS-500530,الجوال,MOBILE,0546158449,replace
531,CUS-500530,الآيبان,IBAN,SA6295044845422517271734,replace
531,CUS-500530,البريد_الإلكتروني,EMAIL,user0531@bank-mail.example.com,replace
532,CUS-500531,ملاحظات_الموظف,MOBILE,0551084863,replace
532,CUS-500531,الاسم_الكامل,PERSON_NAME,أمل الشهراني,replace
532,CUS-500531,رقم_الهوية_أو_الإقامة,SAUDI_ID,1163530023,replace
532,CUS-500531,الجوال,MOBILE,0543101591,replace
532,CUS-500531,الآيبان,IBAN,SA8720312507402526829055,replace
532,CUS-500531,البريد_الإلكتروني,EMAIL,user0532@bank-mail.example.com,replace
533,CUS-500532,الاسم_الكامل,PERSON_NAME,منى باوزير,replace
533,CUS-500532,رقم_الهوية_أو_الإقامة,SAUDI_ID,1146149719,replace
533,CUS-500532,الجوال,MOBILE,0563520208,replace
533,CUS-500532,الآيبان,IBAN,SA9141981686818276252888,replace
533,CUS-500532,البريد_الإلكتروني,EMAIL,user0533@bank-mail.example.com,replace
534,CUS-500533,الاسم_الكامل,PERSON_NAME,سلمان باوزير,replace
534,CUS-500533,رقم_الهوية_أو_الإقامة,SAUDI_ID,1546077239,replace
534,CUS-500533,الجوال,MOBILE,0502558133,replace
534,CUS-500533,الآيبان,IBAN,SA9206697652479352323880,replace
534,CUS-500533,البريد_الإلكتروني,EMAIL,user0534@bank-mail.example.com,replace
535,CUS-500534,ملاحظات_الموظف,MOBILE,0569828048,replace
535,CUS-500534,الاسم_الكامل,PERSON_NAME,هالة الجبرين,replace
535,CUS-500534,رقم_الهوية_أو_الإقامة,SAUDI_ID,1042163244,replace
535,CUS-500534,الجوال,MOBILE,0594065282,replace
535,CUS-500534,الآيبان,IBAN,SA4577331481469718704910,replace
535,CUS-500534,البريد_الإلكتروني,EMAIL,user0535@bank-mail.example.com,replace
536,CUS-500535,ملاحظات_الموظف,MOBILE,0595598115,replace
536,CUS-500535,الاسم_الكامل,PERSON_NAME,فاطمة باوزير,replace
536,CUS-500535,رقم_الهوية_أو_الإقامة,SAUDI_ID,1453853184,replace
536,CUS-500535,الجوال,MOBILE,0540419679,replace
536,CUS-500535,الآيبان,IBAN,SA1871150285422159776941,replace
536,CUS-500535,البريد_الإلكتروني,EMAIL,user0536@bank-mail.example.com,replace
537,CUS-500536,الاسم_الكامل,PERSON_NAME,نورة التميمي,replace
537,CUS-500536,رقم_الهوية_أو_الإقامة,SAUDI_ID,1806730600,replace
537,CUS-500536,الجوال,MOBILE,0536695961,replace
537,CUS-500536,الآيبان,IBAN,SA1356725502693585664762,replace
537,CUS-500536,البريد_الإلكتروني,EMAIL,user0537@bank-mail.example.com,replace
538,CUS-500537,الاسم_الكامل,PERSON_NAME,خلود العيسى,replace
538,CUS-500537,رقم_الهوية_أو_الإقامة,SAUDI_ID,1885916690,replace
538,CUS-500537,الجوال,MOBILE,0501537155,replace
538,CUS-500537,الآيبان,IBAN,SA2298292816163931095011,replace
538,CUS-500537,البريد_الإلكتروني,EMAIL,user0538@bank-mail.example.com,replace
539,CUS-500538,ملاحظات_الموظف,MOBILE,0505673271,replace
539,CUS-500538,الاسم_الكامل,PERSON_NAME,منى العجمي,replace
539,CUS-500538,رقم_الهوية_أو_الإقامة,SAUDI_ID,2108580727,replace
539,CUS-500538,الجوال,MOBILE,0538778510,replace
539,CUS-500538,الآيبان,IBAN,SA9720085884693576097307,replace
539,CUS-500538,البريد_الإلكتروني,EMAIL,user0539@bank-mail.example.com,replace
540,CUS-500539,ملاحظات_الموظف,SAUDI_ID,1171313925,review
540,CUS-500539,الاسم_الكامل,PERSON_NAME,دلال الشهراني,replace
540,CUS-500539,رقم_الهوية_أو_الإقامة,SAUDI_ID,1996541171,replace
540,CUS-500539,الجوال,MOBILE,0501219936,replace
540,CUS-500539,الآيبان,IBAN,SA7949650806066412284929,replace
540,CUS-500539,البريد_الإلكتروني,EMAIL,user0540@bank-mail.example.com,replace
541,CUS-500540,الاسم_الكامل,PERSON_NAME,روان البيشي,replace
541,CUS-500540,رقم_الهوية_أو_الإقامة,SAUDI_ID,1300900311,replace
541,CUS-500540,الجوال,MOBILE,0549911014,replace
541,CUS-500540,الآيبان,IBAN,SA7015911038966776496474,replace
541,CUS-500540,البريد_الإلكتروني,EMAIL,user0541@bank-mail.example.com,replace
542,CUS-500541,الاسم_الكامل,PERSON_NAME,جواهر المري,replace
542,CUS-500541,رقم_الهوية_أو_الإقامة,SAUDI_ID,2240985875,replace
542,CUS-500541,الجوال,MOBILE,0558697249,replace
542,CUS-500541,الآيبان,IBAN,SA0435963024292265252080,replace
542,CUS-500541,البريد_الإلكتروني,EMAIL,user0542@bank-mail.example.com,replace
543,CUS-500542,ملاحظات_الموظف,IBAN,SA4427251400314426701955,replace
543,CUS-500542,الاسم_الكامل,PERSON_NAME,يوسف باوزير,replace
543,CUS-500542,رقم_الهوية_أو_الإقامة,SAUDI_ID,1945389144,replace
543,CUS-500542,الجوال,MOBILE,0503272778,replace
543,CUS-500542,الآيبان,IBAN,SA1903052491121369358050,replace
543,CUS-500542,البريد_الإلكتروني,EMAIL,user0543@bank-mail.example.com,replace
544,CUS-500543,الاسم_الكامل,PERSON_NAME,نورة العجمي,replace
544,CUS-500543,رقم_الهوية_أو_الإقامة,SAUDI_ID,2688019005,replace
544,CUS-500543,الجوال,MOBILE,0556175051,replace
544,CUS-500543,الآيبان,IBAN,SA1319697197179492041363,replace
544,CUS-500543,البريد_الإلكتروني,EMAIL,user0544@bank-mail.example.com,replace
545,CUS-500544,ملاحظات_الموظف,MOBILE,0548228880,replace
545,CUS-500544,الاسم_الكامل,PERSON_NAME,خلود الصقير,replace
545,CUS-500544,رقم_الهوية_أو_الإقامة,SAUDI_ID,1501448086,replace
545,CUS-500544,الجوال,MOBILE,0568309673,replace
545,CUS-500544,الآيبان,IBAN,SA3377739401277061544798,replace
545,CUS-500544,البريد_الإلكتروني,EMAIL,user0545@bank-mail.example.com,replace
546,CUS-500545,الاسم_الكامل,PERSON_NAME,ليان التميمي,replace
546,CUS-500545,رقم_الهوية_أو_الإقامة,SAUDI_ID,1643624149,replace
546,CUS-500545,الجوال,MOBILE,0534771894,replace
546,CUS-500545,الآيبان,IBAN,SA7530052902581350447099,replace
546,CUS-500545,البريد_الإلكتروني,EMAIL,user0546@bank-mail.example.com,replace
547,CUS-500546,ملاحظات_الموظف,SAUDI_ID,1232179687,review
547,CUS-500546,الاسم_الكامل,PERSON_NAME,فاطمة العيسى,replace
547,CUS-500546,رقم_الهوية_أو_الإقامة,SAUDI_ID,1820700746,replace
547,CUS-500546,الجوال,MOBILE,0531716663,replace
547,CUS-500546,الآيبان,IBAN,SA4812877559741488012161,replace
547,CUS-500546,البريد_الإلكتروني,EMAIL,user0547@bank-mail.example.com,replace
548,CUS-500547,ملاحظات_الموظف,MOBILE,0543979627,replace
548,CUS-500547,الاسم_الكامل,PERSON_NAME,نواف العيسى,replace
548,CUS-500547,رقم_الهوية_أو_الإقامة,SAUDI_ID,1318270160,replace
548,CUS-500547,الجوال,MOBILE,0596977964,replace
548,CUS-500547,الآيبان,IBAN,SA6950667211079515603916,replace
548,CUS-500547,البريد_الإلكتروني,EMAIL,user0548@bank-mail.example.com,replace
549,CUS-500548,الاسم_الكامل,PERSON_NAME,هالة باوزير,replace
549,CUS-500548,رقم_الهوية_أو_الإقامة,SAUDI_ID,1441138011,replace
549,CUS-500548,الجوال,MOBILE,0598795996,replace
549,CUS-500548,الآيبان,IBAN,SA1181828024186210283080,replace
549,CUS-500548,البريد_الإلكتروني,EMAIL,user0549@bank-mail.example.com,replace
550,CUS-500549,الاسم_الكامل,PERSON_NAME,ابتسام الهاجري,replace
550,CUS-500549,رقم_الهوية_أو_الإقامة,SAUDI_ID,1478254301,replace
550,CUS-500549,الجوال,MOBILE,0554310460,replace
550,CUS-500549,الآيبان,IBAN,SA8867215523132304020548,replace
550,CUS-500549,البريد_الإلكتروني,EMAIL,user0550@bank-mail.example.com,replace
551,CUS-500550,الاسم_الكامل,PERSON_NAME,قصي النعيمي,replace
551,CUS-500550,رقم_الهوية_أو_الإقامة,SAUDI_ID,1132979079,replace
551,CUS-500550,الجوال,MOBILE,0593657535,replace
551,CUS-500550,الآيبان,IBAN,SA8729926721572799230954,replace
551,CUS-500550,البريد_الإلكتروني,EMAIL,user0551@bank-mail.example.com,replace
552,CUS-500551,ملاحظات_الموظف,IBAN,SA2217390156279324846408,replace
552,CUS-500551,الاسم_الكامل,PERSON_NAME,عبدالعزيز الجبرين,replace
552,CUS-500551,رقم_الهوية_أو_الإقامة,SAUDI_ID,1474332846,replace
552,CUS-500551,الجوال,MOBILE,0567466968,replace
552,CUS-500551,الآيبان,IBAN,SA2865863707186530758783,replace
552,CUS-500551,البريد_الإلكتروني,EMAIL,user0552@bank-mail.example.com,replace
553,CUS-500552,ملاحظات_الموظف,IBAN,SA3491786636801325234871,replace
553,CUS-500552,الاسم_الكامل,PERSON_NAME,ناصر السديري,replace
553,CUS-500552,رقم_الهوية_أو_الإقامة,SAUDI_ID,1466994207,replace
553,CUS-500552,الجوال,MOBILE,0590633185,replace
553,CUS-500552,الآيبان,IBAN,SA7849865554684214832284,replace
553,CUS-500552,البريد_الإلكتروني,EMAIL,user0553@bank-mail.example.com,replace
554,CUS-500553,الاسم_الكامل,PERSON_NAME,حصة السديري,replace
554,CUS-500553,رقم_الهوية_أو_الإقامة,SAUDI_ID,1906089477,replace
554,CUS-500553,الجوال,MOBILE,0549200754,replace
554,CUS-500553,الآيبان,IBAN,SA8660612957030957091736,replace
554,CUS-500553,البريد_الإلكتروني,EMAIL,user0554@bank-mail.example.com,replace
555,CUS-500554,الاسم_الكامل,PERSON_NAME,نواف الزامل,replace
555,CUS-500554,رقم_الهوية_أو_الإقامة,SAUDI_ID,2229596776,replace
555,CUS-500554,الجوال,MOBILE,0593239002,replace
555,CUS-500554,الآيبان,IBAN,SA5213825829673256722463,replace
555,CUS-500554,البريد_الإلكتروني,EMAIL,user0555@bank-mail.example.com,replace
556,CUS-500555,ملاحظات_الموظف,SAUDI_ID,1042920908,review
556,CUS-500555,الاسم_الكامل,PERSON_NAME,معاذ العجمي,replace
556,CUS-500555,رقم_الهوية_أو_الإقامة,SAUDI_ID,1501806614,replace
556,CUS-500555,الجوال,MOBILE,0507010619,replace
556,CUS-500555,الآيبان,IBAN,SA7307908643358569321976,replace
556,CUS-500555,البريد_الإلكتروني,EMAIL,user0556@bank-mail.example.com,replace
557,CUS-500556,الاسم_الكامل,PERSON_NAME,ابتسام التميمي,replace
557,CUS-500556,رقم_الهوية_أو_الإقامة,SAUDI_ID,1123763672,replace
557,CUS-500556,الجوال,MOBILE,0563907544,replace
557,CUS-500556,الآيبان,IBAN,SA0677332049869491523368,replace
557,CUS-500556,البريد_الإلكتروني,EMAIL,user0557@bank-mail.example.com,replace
558,CUS-500557,الاسم_الكامل,PERSON_NAME,نورة السديري,replace
558,CUS-500557,رقم_الهوية_أو_الإقامة,SAUDI_ID,1592301442,replace
558,CUS-500557,الجوال,MOBILE,0547652992,replace
558,CUS-500557,الآيبان,IBAN,SA1081320021701851170023,replace
558,CUS-500557,البريد_الإلكتروني,EMAIL,user0558@bank-mail.example.com,replace
559,CUS-500558,الاسم_الكامل,PERSON_NAME,معاذ العيسى,replace
559,CUS-500558,رقم_الهوية_أو_الإقامة,SAUDI_ID,1715053797,replace
559,CUS-500558,الجوال,MOBILE,0551732178,replace
559,CUS-500558,الآيبان,IBAN,SA7218873302121193868167,replace
559,CUS-500558,البريد_الإلكتروني,EMAIL,user0559@bank-mail.example.com,replace
560,CUS-500559,ملاحظات_الموظف,SAUDI_ID,1602136432,review
560,CUS-500559,الاسم_الكامل,PERSON_NAME,حصة التميمي,replace
560,CUS-500559,رقم_الهوية_أو_الإقامة,SAUDI_ID,1117493674,replace
560,CUS-500559,الجوال,MOBILE,0565333625,replace
560,CUS-500559,الآيبان,IBAN,SA5447261564374659631992,replace
560,CUS-500559,البريد_الإلكتروني,EMAIL,user0560@bank-mail.example.com,replace
561,CUS-500560,ملاحظات_الموظف,IBAN,SA2116311595677239090935,replace
561,CUS-500560,الاسم_الكامل,PERSON_NAME,ابتسام الكثيري,replace
561,CUS-500560,رقم_الهوية_أو_الإقامة,SAUDI_ID,1011559950,replace
561,CUS-500560,الجوال,MOBILE,0551556646,replace
561,CUS-500560,الآيبان,IBAN,SA6384525199703159096640,replace
561,CUS-500560,البريد_الإلكتروني,EMAIL,user0561@bank-mail.example.com,replace
562,CUS-500561,ملاحظات_الموظف,MOBILE,0531028418,replace
562,CUS-500561,الاسم_الكامل,PERSON_NAME,عبدالعزيز العجمي,replace
562,CUS-500561,رقم_الهوية_أو_الإقامة,SAUDI_ID,1387064460,replace
562,CUS-500561,الجوال,MOBILE,0551029261,replace
562,CUS-500561,الآيبان,IBAN,SA1500779837436852677473,replace
562,CUS-500561,البريد_الإلكتروني,EMAIL,user0562@bank-mail.example.com,replace
563,CUS-500562,الاسم_الكامل,PERSON_NAME,تركي الأنصاري,replace
563,CUS-500562,رقم_الهوية_أو_الإقامة,SAUDI_ID,2544702026,replace
563,CUS-500562,الجوال,MOBILE,0554183339,replace
563,CUS-500562,الآيبان,IBAN,SA9292654026867963098709,replace
563,CUS-500562,البريد_الإلكتروني,EMAIL,user0563@bank-mail.example.com,replace
564,CUS-500563,الاسم_الكامل,PERSON_NAME,أسماء السديري,replace
564,CUS-500563,رقم_الهوية_أو_الإقامة,SAUDI_ID,1979354840,replace
564,CUS-500563,الجوال,MOBILE,0550164682,replace
564,CUS-500563,الآيبان,IBAN,SA4793381855894705805559,replace
564,CUS-500563,البريد_الإلكتروني,EMAIL,user0564@bank-mail.example.com,replace
565,CUS-500564,ملاحظات_الموظف,IBAN,SA5343298048861498493649,replace
565,CUS-500564,الاسم_الكامل,PERSON_NAME,عبدالعزيز المري,replace
565,CUS-500564,رقم_الهوية_أو_الإقامة,SAUDI_ID,1355145259,replace
565,CUS-500564,الجوال,MOBILE,0597903759,replace
565,CUS-500564,الآيبان,IBAN,SA0744587436058430159575,replace
565,CUS-500564,البريد_الإلكتروني,EMAIL,user0565@bank-mail.example.com,replace
566,CUS-500565,ملاحظات_الموظف,IBAN,SA7364923136264831667112,replace
566,CUS-500565,الاسم_الكامل,PERSON_NAME,روان المري,replace
566,CUS-500565,رقم_الهوية_أو_الإقامة,SAUDI_ID,1046202055,replace
566,CUS-500565,الجوال,MOBILE,0506381082,replace
566,CUS-500565,الآيبان,IBAN,SA2969812808770206186893,replace
566,CUS-500565,البريد_الإلكتروني,EMAIL,user0566@bank-mail.example.com,replace
567,CUS-500566,ملاحظات_الموظف,MOBILE,0541995955,replace
567,CUS-500566,الاسم_الكامل,PERSON_NAME,حصة البيشي,replace
567,CUS-500566,رقم_الهوية_أو_الإقامة,SAUDI_ID,1035436110,replace
567,CUS-500566,الجوال,MOBILE,0539025304,replace
567,CUS-500566,الآيبان,IBAN,SA1742140952697475306905,replace
567,CUS-500566,البريد_الإلكتروني,EMAIL,user0567@bank-mail.example.com,replace
568,CUS-500567,الاسم_الكامل,PERSON_NAME,قصي باوزير,replace
568,CUS-500567,رقم_الهوية_أو_الإقامة,SAUDI_ID,1700687336,replace
568,CUS-500567,الجوال,MOBILE,0535161061,replace
568,CUS-500567,الآيبان,IBAN,SA7959331279733704965228,replace
568,CUS-500567,البريد_الإلكتروني,EMAIL,user0568@bank-mail.example.com,replace
569,CUS-500568,الاسم_الكامل,PERSON_NAME,ليان النعيمي,replace
569,CUS-500568,رقم_الهوية_أو_الإقامة,SAUDI_ID,1972839110,replace
569,CUS-500568,الجوال,MOBILE,0548840161,replace
569,CUS-500568,الآيبان,IBAN,SA1658129943062827888502,replace
569,CUS-500568,البريد_الإلكتروني,EMAIL,user0569@bank-mail.example.com,replace
570,CUS-500569,الاسم_الكامل,PERSON_NAME,سلمى الشهراني,replace
570,CUS-500569,رقم_الهوية_أو_الإقامة,SAUDI_ID,1906929193,replace
570,CUS-500569,الجوال,MOBILE,0536372948,replace
570,CUS-500569,الآيبان,IBAN,SA3264716897846649985566,replace
570,CUS-500569,البريد_الإلكتروني,EMAIL,user0570@bank-mail.example.com,replace
571,CUS-500570,ملاحظات_الموظف,IBAN,SA7790434137100174584963,replace
571,CUS-500570,الاسم_الكامل,PERSON_NAME,عبدالرحمن المري,replace
571,CUS-500570,رقم_الهوية_أو_الإقامة,SAUDI_ID,1875097006,replace
571,CUS-500570,الجوال,MOBILE,0504753800,replace
571,CUS-500570,الآيبان,IBAN,SA7846891087330052479649,replace
571,CUS-500570,البريد_الإلكتروني,EMAIL,user0571@bank-mail.example.com,replace
572,CUS-500571,ملاحظات_الموظف,IBAN,SA3778852505637944634362,replace
572,CUS-500571,الاسم_الكامل,PERSON_NAME,منى المري,replace
572,CUS-500571,رقم_الهوية_أو_الإقامة,SAUDI_ID,2949468314,replace
572,CUS-500571,الجوال,MOBILE,0566842396,replace
572,CUS-500571,الآيبان,IBAN,SA8377419647088586457739,replace
572,CUS-500571,البريد_الإلكتروني,EMAIL,user0572@bank-mail.example.com,replace
573,CUS-500572,الاسم_الكامل,PERSON_NAME,أسماء الأنصاري,replace
573,CUS-500572,رقم_الهوية_أو_الإقامة,SAUDI_ID,1992945905,replace
573,CUS-500572,الجوال,MOBILE,0509316469,replace
573,CUS-500572,الآيبان,IBAN,SA5768701745077456912648,replace
573,CUS-500572,البريد_الإلكتروني,EMAIL,user0573@bank-mail.example.com,replace
574,CUS-500573,ملاحظات_الموظف,IBAN,SA6950651755059871105717,replace
574,CUS-500573,الاسم_الكامل,PERSON_NAME,قصي الصقير,replace
574,CUS-500573,رقم_الهوية_أو_الإقامة,SAUDI_ID,1365930104,replace
574,CUS-500573,الجوال,MOBILE,0598693687,replace
574,CUS-500573,الآيبان,IBAN,SA6417838780716277087541,replace
574,CUS-500573,البريد_الإلكتروني,EMAIL,user0574@bank-mail.example.com,replace
575,CUS-500574,ملاحظات_الموظف,SAUDI_ID,1504944180,review
575,CUS-500574,الاسم_الكامل,PERSON_NAME,سلمى الصقير,replace
575,CUS-500574,رقم_الهوية_أو_الإقامة,SAUDI_ID,1336287790,replace
575,CUS-500574,الجوال,MOBILE,0560161753,replace
575,CUS-500574,الآيبان,IBAN,SA5071593092533857117034,replace
575,CUS-500574,البريد_الإلكتروني,EMAIL,user0575@bank-mail.example.com,replace
576,CUS-500575,الاسم_الكامل,PERSON_NAME,نورة الكثيري,replace
576,CUS-500575,رقم_الهوية_أو_الإقامة,SAUDI_ID,1821724893,replace
576,CUS-500575,الجوال,MOBILE,0506247425,replace
576,CUS-500575,الآيبان,IBAN,SA4801387971637643761326,replace
576,CUS-500575,البريد_الإلكتروني,EMAIL,user0576@bank-mail.example.com,replace
577,CUS-500576,الاسم_الكامل,PERSON_NAME,سامي العجمي,replace
577,CUS-500576,رقم_الهوية_أو_الإقامة,SAUDI_ID,1520226331,replace
577,CUS-500576,الجوال,MOBILE,0534787788,replace
577,CUS-500576,الآيبان,IBAN,SA7261427673683084284476,replace
577,CUS-500576,البريد_الإلكتروني,EMAIL,user0577@bank-mail.example.com,replace
578,CUS-500577,الاسم_الكامل,PERSON_NAME,منى باوزير,replace
578,CUS-500577,رقم_الهوية_أو_الإقامة,SAUDI_ID,1226903019,replace
578,CUS-500577,الجوال,MOBILE,0536778745,replace
578,CUS-500577,الآيبان,IBAN,SA6689667657057515580499,replace
578,CUS-500577,البريد_الإلكتروني,EMAIL,user0578@bank-mail.example.com,replace
579,CUS-500578,الاسم_الكامل,PERSON_NAME,ابتسام العيسى,replace
579,CUS-500578,رقم_الهوية_أو_الإقامة,SAUDI_ID,1967954544,replace
579,CUS-500578,الجوال,MOBILE,0500208320,replace
579,CUS-500578,الآيبان,IBAN,SA3314521677542013229659,replace
579,CUS-500578,البريد_الإلكتروني,EMAIL,user0579@bank-mail.example.com,replace
580,CUS-500579,الاسم_الكامل,PERSON_NAME,جاسم الصقير,replace
580,CUS-500579,رقم_الهوية_أو_الإقامة,SAUDI_ID,1382497541,replace
580,CUS-500579,الجوال,MOBILE,0557473274,replace
580,CUS-500579,الآيبان,IBAN,SA3497295394729275033031,replace
580,CUS-500579,البريد_الإلكتروني,EMAIL,user0580@bank-mail.example.com,replace
581,CUS-500580,ملاحظات_الموظف,MOBILE,0540740707,replace
581,CUS-500580,الاسم_الكامل,PERSON_NAME,دلال الهاجري,replace
581,CUS-500580,رقم_الهوية_أو_الإقامة,SAUDI_ID,1107435669,replace
581,CUS-500580,الجوال,MOBILE,0541697119,replace
581,CUS-500580,الآيبان,IBAN,SA3879408411684918211645,replace
581,CUS-500580,البريد_الإلكتروني,EMAIL,user0581@bank-mail.example.com,replace
582,CUS-500581,الاسم_الكامل,PERSON_NAME,سلمى التميمي,replace
582,CUS-500581,رقم_الهوية_أو_الإقامة,SAUDI_ID,1408294120,replace
582,CUS-500581,الجوال,MOBILE,0530102985,replace
582,CUS-500581,الآيبان,IBAN,SA5603558978249288938987,replace
582,CUS-500581,البريد_الإلكتروني,EMAIL,user0582@bank-mail.example.com,replace
583,CUS-500582,ملاحظات_الموظف,SAUDI_ID,1572514006,review
583,CUS-500582,الاسم_الكامل,PERSON_NAME,فاطمة البيشي,replace
583,CUS-500582,رقم_الهوية_أو_الإقامة,SAUDI_ID,1898056179,replace
583,CUS-500582,الجوال,MOBILE,0558743055,replace
583,CUS-500582,الآيبان,IBAN,SA0791583579711493079705,replace
583,CUS-500582,البريد_الإلكتروني,EMAIL,user0583@bank-mail.example.com,replace
584,CUS-500583,الاسم_الكامل,PERSON_NAME,جواهر السديري,replace
584,CUS-500583,رقم_الهوية_أو_الإقامة,SAUDI_ID,1478960295,replace
584,CUS-500583,الجوال,MOBILE,0564833342,replace
584,CUS-500583,الآيبان,IBAN,SA7423892098181928947878,replace
584,CUS-500583,البريد_الإلكتروني,EMAIL,user0584@bank-mail.example.com,replace
585,CUS-500584,الاسم_الكامل,PERSON_NAME,أسامة البيشي,replace
585,CUS-500584,رقم_الهوية_أو_الإقامة,SAUDI_ID,1853557054,replace
585,CUS-500584,الجوال,MOBILE,0543381747,replace
585,CUS-500584,الآيبان,IBAN,SA6087167085744092342237,replace
585,CUS-500584,البريد_الإلكتروني,EMAIL,user0585@bank-mail.example.com,replace
586,CUS-500585,الاسم_الكامل,PERSON_NAME,جاسم النعيمي,replace
586,CUS-500585,رقم_الهوية_أو_الإقامة,SAUDI_ID,1669247106,replace
586,CUS-500585,الجوال,MOBILE,0597270584,replace
586,CUS-500585,الآيبان,IBAN,SA4094522541029537964327,replace
586,CUS-500585,البريد_الإلكتروني,EMAIL,user0586@bank-mail.example.com,replace
587,CUS-500586,الاسم_الكامل,PERSON_NAME,معاذ البيشي,replace
587,CUS-500586,رقم_الهوية_أو_الإقامة,SAUDI_ID,1280407238,replace
587,CUS-500586,الجوال,MOBILE,0505484164,replace
587,CUS-500586,الآيبان,IBAN,SA9033265795941861901387,replace
587,CUS-500586,البريد_الإلكتروني,EMAIL,user0587@bank-mail.example.com,replace
588,CUS-500587,ملاحظات_الموظف,SAUDI_ID,1497924355,review
588,CUS-500587,الاسم_الكامل,PERSON_NAME,حصة باوزير,replace
588,CUS-500587,رقم_الهوية_أو_الإقامة,SAUDI_ID,1750693432,replace
588,CUS-500587,الجوال,MOBILE,0550503255,replace
588,CUS-500587,الآيبان,IBAN,SA6971100678453113288167,replace
588,CUS-500587,البريد_الإلكتروني,EMAIL,user0588@bank-mail.example.com,replace
589,CUS-500588,الاسم_الكامل,PERSON_NAME,سلمان الخثعمي,replace
589,CUS-500588,رقم_الهوية_أو_الإقامة,SAUDI_ID,2503082626,replace
589,CUS-500588,الجوال,MOBILE,0560406100,replace
589,CUS-500588,الآيبان,IBAN,SA4048566256207489176364,replace
589,CUS-500588,البريد_الإلكتروني,EMAIL,user0589@bank-mail.example.com,replace
590,CUS-500589,الاسم_الكامل,PERSON_NAME,يوسف الشهراني,replace
590,CUS-500589,رقم_الهوية_أو_الإقامة,SAUDI_ID,1237147747,replace
590,CUS-500589,الجوال,MOBILE,0597666879,replace
590,CUS-500589,الآيبان,IBAN,SA4355958387664926823433,replace
590,CUS-500589,البريد_الإلكتروني,EMAIL,user0590@bank-mail.example.com,replace
591,CUS-500590,الاسم_الكامل,PERSON_NAME,يوسف الشهراني,replace
591,CUS-500590,رقم_الهوية_أو_الإقامة,SAUDI_ID,2458948227,replace
591,CUS-500590,الجوال,MOBILE,0568180354,replace
591,CUS-500590,الآيبان,IBAN,SA9025181775957814694301,replace
591,CUS-500590,البريد_الإلكتروني,EMAIL,user0591@bank-mail.example.com,replace
592,CUS-500591,الاسم_الكامل,PERSON_NAME,قصي العيسى,replace
592,CUS-500591,رقم_الهوية_أو_الإقامة,SAUDI_ID,1133426880,replace
592,CUS-500591,الجوال,MOBILE,0557408873,replace
592,CUS-500591,الآيبان,IBAN,SA5992163399719916323710,replace
592,CUS-500591,البريد_الإلكتروني,EMAIL,user0592@bank-mail.example.com,replace
593,CUS-500592,الاسم_الكامل,PERSON_NAME,أسماء السديري,replace
593,CUS-500592,رقم_الهوية_أو_الإقامة,SAUDI_ID,1098522491,replace
593,CUS-500592,الجوال,MOBILE,0537746727,replace
593,CUS-500592,الآيبان,IBAN,SA2721028852470040952301,replace
593,CUS-500592,البريد_الإلكتروني,EMAIL,user0593@bank-mail.example.com,replace
594,CUS-500593,الاسم_الكامل,PERSON_NAME,سامي الجبرين,replace
594,CUS-500593,رقم_الهوية_أو_الإقامة,SAUDI_ID,2494171511,replace
594,CUS-500593,الجوال,MOBILE,0594621968,replace
594,CUS-500593,الآيبان,IBAN,SA4880608437805498560412,replace
594,CUS-500593,البريد_الإلكتروني,EMAIL,user0594@bank-mail.example.com,replace
595,CUS-500594,الاسم_الكامل,PERSON_NAME,يوسف البيشي,replace
595,CUS-500594,رقم_الهوية_أو_الإقامة,SAUDI_ID,2995648827,replace
595,CUS-500594,الجوال,MOBILE,0506535166,replace
595,CUS-500594,الآيبان,IBAN,SA7886203345781989756447,replace
595,CUS-500594,البريد_الإلكتروني,EMAIL,user0595@bank-mail.example.com,replace
596,CUS-500595,الاسم_الكامل,PERSON_NAME,نورة العجمي,replace
596,CUS-500595,رقم_الهوية_أو_الإقامة,SAUDI_ID,1738144813,replace
596,CUS-500595,الجوال,MOBILE,0567563105,replace
596,CUS-500595,الآيبان,IBAN,SA5504563666879893868327,replace
596,CUS-500595,البريد_الإلكتروني,EMAIL,user0596@bank-mail.example.com,replace
597,CUS-500596,ملاحظات_الموظف,SAUDI_ID,1824193914,review
597,CUS-500596,الاسم_الكامل,PERSON_NAME,فاطمة باوزير,replace
597,CUS-500596,رقم_الهوية_أو_الإقامة,SAUDI_ID,2122772524,replace
597,CUS-500596,الجوال,MOBILE,0508378675,replace
597,CUS-500596,الآيبان,IBAN,SA6672037436782928730529,replace
597,CUS-500596,البريد_الإلكتروني,EMAIL,user0597@bank-mail.example.com,replace
598,CUS-500597,ملاحظات_الموظف,SAUDI_ID,1054662190,review
598,CUS-500597,الاسم_الكامل,PERSON_NAME,عبير الأنصاري,replace
598,CUS-500597,رقم_الهوية_أو_الإقامة,SAUDI_ID,2201562424,replace
598,CUS-500597,الجوال,MOBILE,0509923677,replace
598,CUS-500597,الآيبان,IBAN,SA8993286964720796116738,replace
598,CUS-500597,البريد_الإلكتروني,EMAIL,user0598@bank-mail.example.com,replace
599,CUS-500598,ملاحظات_الموظف,IBAN,SA5666555754283702041727,replace
599,CUS-500598,الاسم_الكامل,PERSON_NAME,جواهر السديري,replace
599,CUS-500598,رقم_الهوية_أو_الإقامة,SAUDI_ID,1761522364,replace
599,CUS-500598,الجوال,MOBILE,0562323353,replace
599,CUS-500598,الآيبان,IBAN,SA0216485210466473049233,replace
599,CUS-500598,البريد_الإلكتروني,EMAIL,user0599@bank-mail.example.com,replace
600,CUS-500599,ملاحظات_الموظف,SAUDI_ID,1641041643,review
600,CUS-500599,الاسم_الكامل,PERSON_NAME,تركي باوزير,replace
600,CUS-500599,رقم_الهوية_أو_الإقامة,SAUDI_ID,1424525408,replace
600,CUS-500599,الجوال,MOBILE,0541202252,replace
600,CUS-500599,الآيبان,IBAN,SA1359521718989268676987,replace
600,CUS-500599,البريد_الإلكتروني,EMAIL,user0600@bank-mail.example.com,replace
