رقم_العميل,الاسم_الكامل,رقم_الهوية_أو_الإقامة,الجوال,الآيبان,البريد_الإلكتروني,الفرع,نوع_الحساب,الرصيد,تاريخ_الانضمام,ملاحظات_الموظف
CUS-500000,منى الجبرين,1574793806,0599275253,SA3109318561008316716285,user0001@bank-mail.example.com,الدمام - الشاطئ,جاري,17570.81,2024-11-21,يحوّل العميل راتبه شهرياً من حساب آخر برقم آيبان SA9282816969779680134556
CUS-500001,أسماء النعيمي,1982066084,0503606391,SA4283214064759087535477,user0002@bank-mail.example.com,الدمام - الشاطئ,توفير,70833.25,2022-10-25,رقم العملية 1785233907 لتحديث بيانات الحساب
CUS-500002,أمل المري,1158820546,0591388775,SA5447274904587348400028,user0003@bank-mail.example.com,مكة - العزيزية,جاري,7999.51,2024-12-09,حساب نشط ولا توجد ملاحظات على السجل
CUS-500003,معاذ المري,1916398553,0596920200,SA0216836153448799138969,user0004@bank-mail.example.com,الدمام - الشاطئ,جاري,3810.59,2017-10-03,رقم جوال بديل للتواصل عند الطوارئ 0595214426
CUS-500004,عبير الخثعمي,1095735138,0505543643,SA8182852876983770368687,user0005@bank-mail.example.com,أبها - المنسك,توفير,16206.17,2022-06-09,يحوّل العميل راتبه شهرياً من حساب آخر برقم آيبان SA6757542273824706546946
CUS-500005,حصة المري,2966694560,0557662234,SA1314805424308400232343,user0006@bank-mail.example.com,الرياض - الملز,استثماري,41656.94,2017-01-23,يحوّل العميل راتبه شهرياً من حساب آخر برقم آيبان SA8091578371802687475668
CUS-500006,سلمان الجبرين,1516869516,0535031610,SA6803019909397375685361,user0007@bank-mail.example.com,مكة - العزيزية,استثماري,48165.22,2022-05-11,العميل يفضّل التواصل عبر البريد الإلكتروني
CUS-500007,حصة الشهراني,1176565594,0557539895,SA2913564992874456119725,user0008@bank-mail.example.com,الدمام - الشاطئ,توفير,2409.23,2021-02-22,حساب نشط ولا توجد ملاحظات على السجل
CUS-500008,أسماء الخثعمي,1963595952,0534556085,SA2981814271427341333413,user0009@bank-mail.example.com,جدة - الروضة,توفير,1297.38,2021-08-12,حساب نشط ولا توجد ملاحظات على السجل
CUS-500009,هالة الأنصاري,1339878959,0546420146,SA4847286952466020718432,user0010@bank-mail.example.com,جدة - الروضة,جاري,8556.87,2017-05-13,رقم جوال بديل للتواصل عند الطوارئ 0532368485
CUS-500010,حمد الكثيري,1887179826,0560640765,SA8961188788680856205189,user0011@bank-mail.example.com,الرياض - الملز,استثماري,5584.34,2018-02-08,فُعّلت الخدمات المصرفية عبر الإنترنت بنجاح
CUS-500011,أسامة النعيمي,1511012195,0532882285,SA5936024797524046632095,user0012@bank-mail.example.com,الدمام - الشاطئ,توفير,4858.47,2019-01-06,حساب نشط ولا توجد ملاحظات على السجل
CUS-500012,مشاعل الشهراني,1852053832,0501192654,SA2406355505733911772837,user0013@bank-mail.example.com,أبها - المنسك,استثماري,78790.03,2020-12-26,تم تحديث عنوان السكن الوطني
CUS-500013,عبير الخثعمي,2136324916,0547781663,SA5429292182592037722179,user0014@bank-mail.example.com,الدمام - الشاطئ,استثماري,15550.47,2022-10-11,تم تحديث عنوان السكن الوطني
CUS-500014,إبراهيم باوزير,1628489062,0560782368,SA9120001826483178182412,user0015@bank-mail.example.com,الرياض - الملز,جاري,4265.11,2025-04-09,يحوّل العميل راتبه شهرياً من حساب آخر برقم آيبان SA5621104544519279166545
CUS-500015,ابتسام العيسى,2477501163,0502377866,SA3511297274843003576852,user0016@bank-mail.example.com,الدمام - الشاطئ,توفير,2104.74,2025-05-03,العميل يفضّل التواصل عبر البريد الإلكتروني
CUS-500016,خلود الزامل,1015634304,0552390341,SA4702058153269111857222,user0017@bank-mail.example.com,الرياض - الملز,استثماري,13240.08,2023-01-28,رقم العملية 1247100702 لتحديث بيانات الحساب
CUS-500017,قصي الشهراني,2286615105,0551076948,SA7177693876239075237489,user0018@bank-mail.example.com,مكة - العزيزية,استثماري,25971.31,2023-02-25,رقم العملية 1902786399 لتحديث بيانات الحساب
CUS-500018,جواهر النعيمي,2875272086,0503946947,SA7757619018188802380016,user0019@bank-mail.example.com,الرياض - الملز,جاري,1656.56,2019-04-23,حساب نشط ولا توجد ملاحظات على السجل
CUS-500019,نورة الأنصاري,1846836359,0531237973,SA1921801926651869879603,user0020@bank-mail.example.com,أبها - المنسك,استثماري,5672.93,2016-08-15,رقم جوال بديل للتواصل عند الطوارئ 0595403386
CUS-500020,فيصل المري,2084432000,0567997051,SA4102499972275990175563,user0021@bank-mail.example.com,جدة - الروضة,توفير,87560.77,2025-03-18,العميل يفضّل التواصل عبر البريد الإلكتروني
CUS-500021,سلمى الزامل,1213132960,0504191467,SA3182356362289344474724,user0022@bank-mail.example.com,أبها - المنسك,استثماري,14822.84,2016-08-30,تم تحديث عنوان السكن الوطني
CUS-500022,أمل العجمي,1257991487,0538666795,SA2955749598072947058826,user0023@bank-mail.example.com,جدة - الروضة,توفير,72679.14,2022-04-09,رقم العملية 1295189631 لتحديث بيانات الحساب
CUS-500023,معاذ البيشي,1386741365,0554759381,SA5699581271678082776963,user0024@bank-mail.example.com,أبها - المنسك,استثماري,7096.43,2024-07-18,طلب العميل رفع حد البطاقة الائتمانية
CUS-500024,معاذ العجمي,2665031049,0502838107,SA5893848040659380585005,user0025@bank-mail.example.com,أبها - المنسك,استثماري,22602.65,2023-09-26,يحوّل العميل راتبه شهرياً من حساب آخر برقم آيبان SA3297684620878568625859
CUS-500025,أمل النعيمي,1048431942,0530508912,SA3446016599418349878189,user0026@bank-mail.example.com,الرياض - الملز,توفير,7377.66,2019-09-29,حساب نشط ولا توجد ملاحظات على السجل
CUS-500026,تركي البيشي,1491059158,0544043858,SA9746164514188711057018,user0027@bank-mail.example.com,أبها - المنسك,جاري,17504.70,2020-01-03,طلب العميل رفع حد البطاقة الائتمانية
CUS-500027,ناصر الصقير,2757652603,0562913156,SA7001477314754602413894,user0028@bank-mail.example.com,مكة - العزيزية,استثماري,25364.37,2020-10-09,رقم العملية 1935393502 لتحديث بيانات الحساب
CUS-500028,حمد المري,1127874954,0558438431,SA8113828555606299075374,user0029@bank-mail.example.com,جدة - الروضة,استثماري,10574.49,2024-03-04,حساب نشط ولا توجد ملاحظات على السجل
CUS-500029,عبدالرحمن العيسى,1111849780,0505180255,SA3749499332641296289286,user0030@bank-mail.example.com,الدمام - الشاطئ,توفير,10611.66,2020-02-05,رقم العملية 1050820537 لتحديث بيانات الحساب
CUS-500030,سامي السديري,1819410422,0504898176,SA0642418448272051337252,user0031@bank-mail.example.com,أبها - المنسك,توفير,18809.78,2025-01-15,فُعّلت الخدمات المصرفية عبر الإنترنت بنجاح
CUS-500031,حمد الكثيري,2210823726,0590173782,SA2161225530182556422033,user0032@bank-mail.example.com,الدمام - الشاطئ,استثماري,27044.19,2019-12-21,العميل يفضّل التواصل عبر البريد الإلكتروني
CUS-500032,تركي الشهراني,1871862148,0545714214,SA9694720412816762090334,user0033@bank-mail.example.com,أبها - المنسك,استثماري,1968.16,2022-01-23,طلب العميل رفع حد البطاقة الائتمانية
CUS-500033,أمل المري,1971282189,0545459946,SA5961436459358726021292,user0034@bank-mail.example.com,الرياض - الملز,توفير,15556.43,2015-10-18,يحوّل العميل راتبه شهرياً من حساب آخر برقم آيبان SA0590651523442151942432
CUS-500034,عبير التميمي,1794052421,0509351038,SA1855723436443484645428,user0035@bank-mail.example.com,الدمام - الشاطئ,توفير,47276.63,2015-07-20,تم تحديث عنوان السكن الوطني
CUS-500035,يوسف باوزير,1596488369,0536857083,SA2961981712308445810393,user0036@bank-mail.example.com,أبها - المنسك,توفير,40106.80,2025-04-19,طلب العميل رفع حد البطاقة الائتمانية
CUS-500036,هالة الجبرين,1361199753,0543236803,SA5753678612532369992258,user0037@bank-mail.example.com,الرياض - الملز,جاري,28434.40,2022-12-23,رقم جوال بديل للتواصل عند الطوارئ 0592747105
CUS-500037,أسامة المري,1333400255,0540817784,SA9574891096265616896876,user0038@bank-mail.example.com,أبها - المنسك,استثماري,3710.86,2025-05-26,رقم جوال بديل للتواصل عند الطوارئ 0509820112
CUS-500038,جاسم النعيمي,2134611082,0543796021,SA5326327629261303042914,user0039@bank-mail.example.com,مكة - العزيزية,توفير,6832.91,2019-06-11,حساب نشط ولا توجد ملاحظات على السجل
CUS-500039,عبدالعزيز السديري,1135144614,0561748015,SA1828265848751189845057,user0040@bank-mail.example.com,أبها - المنسك,استثماري,997.80,2016-05-25,تم تحديث عنوان السكن الوطني
CUS-500040,تركي الجبرين,1358714614,0562661134,SA7254775623354095629312,user0041@bank-mail.example.com,أبها - المنسك,توفير,40349.40,2016-03-07,طلب العميل رفع حد البطاقة الائتمانية
CUS-500041,سلمان الجبرين,2788176382,0560403162,SA6270749846965090880204,user0042@bank-mail.example.com,الرياض - الملز,استثماري,15707.74,2024-11-05,العميل يفضّل التواصل عبر البريد الإلكتروني
CUS-500042,عبير الصقير,1171123746,0568556537,SA4972642641208107132770,user0043@bank-mail.example.com,الرياض - الملز,جاري,5791.69,2018-04-16,يحوّل العميل راتبه شهرياً من حساب آخر برقم آيبان SA2840241830914114510532
CUS-500043,يوسف الكثيري,2025503448,0533604979,SA3262388795971131112949,user0044@bank-mail.example.com,أبها - المنسك,جاري,64664.68,2016-12-02,طلب العميل رفع حد البطاقة الائتمانية
CUS-500044,حصة السديري,1683992414,0544321985,SA8473016627610855605461,user0045@bank-mail.example.com,مكة - العزيزية,توفير,9693.04,2024-12-06,رقم جوال بديل للتواصل عند الطوارئ 0540346923
CUS-500045,ابتسام الزامل,2886515648,0594218883,SA0311538024470752813945,user0046@bank-mail.example.com,أبها - المنسك,استثماري,968.94,2020-08-30,فُعّلت الخدمات المصرفية عبر الإنترنت بنجاح
CUS-500046,يوسف السديري,1661947596,0507596525,SA1911549832055504968944,user0047@bank-mail.example.com,الرياض - الملز,توفير,8664.58,2023-06-26,حساب نشط ولا توجد ملاحظات على السجل
CUS-500047,عبدالرحمن العجمي,1576324956,0592395244,SA5183347793130414564122,user0048@bank-mail.example.com,الرياض - الملز,جاري,4903.62,2018-11-12,حساب نشط ولا توجد ملاحظات على السجل
CUS-500048,فيصل التميمي,1595859420,0560484370,SA9590648325491815464198,user0049@bank-mail.example.com,الدمام - الشاطئ,توفير,2725.92,2019-12-11,العميل يفضّل التواصل عبر البريد الإلكتروني
CUS-500049,روان الشهراني,2512702669,0535708418,SA4994470164820492333347,user0050@bank-mail.example.com,الرياض - الملز,توفير,9715.83,2024-07-26,تم تحديث عنوان السكن الوطني
CUS-500050,ناصر الجبرين,1165205038,0507599122,SA4433369497657399259639,user0051@bank-mail.example.com,الرياض - الملز,توفير,5389.47,2024-05-31,رقم جوال بديل للتواصل عند الطوارئ 0531340341
CUS-500051,أسماء الشهراني,1783355793,0556569263,SA6949522055993046813123,user0052@bank-mail.example.com,الدمام - الشاطئ,جاري,8710.11,2020-01-10,تم تحديث عنوان السكن الوطني
CUS-500052,عبير العيسى,1435940174,0501851462,SA4863430790273070592696,user0053@bank-mail.example.com,أبها - المنسك,استثماري,37906.33,2022-12-17,تم تحديث عنوان السكن الوطني
CUS-500053,سامي الخثعمي,1312358276,0502674067,SA1835969634695046487973,user0054@bank-mail.example.com,جدة - الروضة,جاري,259169.01,2020-09-14,طلب العميل رفع حد البطاقة الائتمانية
CUS-500054,سلمى الأنصاري,1244863286,0503128761,SA2136113117570072474074,user0055@bank-mail.example.com,مكة - العزيزية,جاري,7763.96,2019-11-25,طلب العميل رفع حد البطاقة الائتمانية
CUS-500055,جاسم البيشي,1119202545,0546278331,SA2737621592586894576413,user0056@bank-mail.example.com,أبها - المنسك,جاري,14308.68,2015-09-19,يحوّل العميل راتبه شهرياً من حساب آخر برقم آيبان SA6652726056492121573279
CUS-500056,ليان العيسى,1640194088,0560768176,SA5647344971561624665508,user0057@bank-mail.example.com,الدمام - الشاطئ,استثماري,6879.88,2016-01-25,فُعّلت الخدمات المصرفية عبر الإنترنت بنجاح
CUS-500057,نورة الشهراني,1162775975,0551161485,SA5778196955900119724777,user0058@bank-mail.example.com,مكة - العزيزية,توفير,15293.03,2021-10-28,طلب العميل رفع حد البطاقة الائتمانية
CUS-500058,هالة الكثيري,2668946458,0549355516,SA8378045517015909701624,user0059@bank-mail.example.com,الرياض - الملز,توفير,32595.48,2017-08-31,العميل يفضّل التواصل عبر البريد الإلكتروني
CUS-500059,جواهر العيسى,1025776046,0564960307,SA8641650437019375070464,user0060@bank-mail.example.com,أبها - المنسك,توفير,15427.41,2023-03-13,رقم جوال بديل للتواصل عند الطوارئ 0548924234
CUS-500060,أمل الهاجري,1011580634,0551482024,SA7010760263396003877550,user0061@bank-mail.example.com,مكة - العزيزية,توفير,34360.00,2022-01-06,رقم جوال بديل للتواصل عند الطوارئ 0560803666
CUS-500061,يوسف الكثيري,2988001315,0599833456,SA5873202049411087484599,user0062@bank-mail.example.com,الدمام - الشاطئ,استثماري,2626.45,2019-01-22,فُعّلت الخدمات المصرفية عبر الإنترنت بنجاح
CUS-500062,دلال البيشي,1799031818,0533944714,SA8411098004341156626494,user0063@bank-mail.example.com,مكة - العزيزية,توفير,44059.93,2020-07-04,العميل يفضّل التواصل عبر البريد الإلكتروني
CUS-500063,جاسم الخثعمي,1546005834,0552493559,SA1534480656771359362283,user0064@bank-mail.example.com,مكة - العزيزية,توفير,5707.85,2020-12-08,رقم العملية 1136753579 لتحديث بيانات الحساب
CUS-500064,نواف الهاجري,1008430223,0552157451,SA7522384952603238724520,user0065@bank-mail.example.com,الرياض - الملز,جاري,20209.18,2024-12-17,طلب العميل رفع حد البطاقة الائتمانية
CUS-500065,حصة العيسى,1820815015,0547251540,SA2196581444571428837420,user0066@bank-mail.example.com,أبها - المنسك,جاري,10762.49,2017-07-11,طلب العميل رفع حد البطاقة الائتمانية
CUS-500066,جواهر المري,1722478334,0544849636,SA9126457885837313142339,user0067@bank-mail.example.com,أبها - المنسك,جاري,6123.13,2016-11-22,رقم العملية 1978628525 لتحديث بيانات الحساب
CUS-500067,أسامة العجمي,1626077760,0562589493,SA7312540071542209035602,user0068@bank-mail.example.com,جدة - الروضة,توفير,11103.33,2022-09-06,يحوّل العميل راتبه شهرياً من حساب آخر برقم آيبان SA2033281661843341770023
CUS-500068,عبدالعزيز النعيمي,1841950999,0551150143,SA2672829506752469433243,user0069@bank-mail.example.com,الدمام - الشاطئ,استثماري,19802.57,2016-08-11,فُعّلت الخدمات المصرفية عبر الإنترنت بنجاح
CUS-500069,نواف الشهراني,1323791754,0557903832,SA2358326238366591419201,user0070@bank-mail.example.com,الدمام - الشاطئ,توفير,38632.43,2025-01-09,تم تحديث عنوان السكن الوطني
CUS-500070,دلال الشهراني,1542190531,0553772524,SA4388885539404675860122,user0071@bank-mail.example.com,الرياض - الملز,جاري,21704.03,2023-04-16,طلب العميل رفع حد البطاقة الائتمانية
CUS-500071,جاسم النعيمي,1907764714,0503341753,SA0440467373328203238234,user0072@bank-mail.example.com,أبها - المنسك,جاري,22634.60,2016-04-02,فُعّلت الخدمات المصرفية عبر الإنترنت بنجاح
CUS-500072,عبير الأنصاري,1054359250,0500411624,SA5517493191183830881314,user0073@bank-mail.example.com,مكة - العزيزية,جاري,45124.07,2016-02-02,تم تحديث عنوان السكن الوطني
CUS-500073,إبراهيم الكثيري,2627374131,0565923314,SA8824106784436369687601,user0074@bank-mail.example.com,جدة - الروضة,توفير,16037.92,2025-02-06,تم تحديث عنوان السكن الوطني
CUS-500074,عبدالعزيز العيسى,1393851587,0590186410,SA0576769792654978163613,user0075@bank-mail.example.com,الدمام - الشاطئ,استثماري,3328.68,2019-06-23,طلب العميل رفع حد البطاقة الائتمانية
CUS-500075,روان الأنصاري,1502228545,0568420432,SA6038008780355618228787,user0076@bank-mail.example.com,مكة - العزيزية,توفير,16655.72,2022-10-05,تم تحديث عنوان السكن الوطني
CUS-500076,سلمى الأنصاري,1292393707,0508329699,SA5884674896835060672608,user0077@bank-mail.example.com,الرياض - الملز,توفير,24311.76,2025-04-11,العميل يفضّل التواصل عبر البريد الإلكتروني
CUS-500077,جاسم المري,1288572199,0567568061,SA0656623865491046181541,user0078@bank-mail.example.com,مكة - العزيزية,جاري,44688.36,2019-03-17,رقم جوال بديل للتواصل عند الطوارئ 0552795638
CUS-500078,دلال الخثعمي,1662824075,0594537280,SA3238487208817380968134,user0079@bank-mail.example.com,الرياض - الملز,توفير,6100.07,2025-04-04,فُعّلت الخدمات المصرفية عبر الإنترنت بنجاح
CUS-500079,حصة التميمي,2939796401,0538146795,SA8300546694551048825075,user0080@bank-mail.example.com,الدمام - الشاطئ,جاري,25410.96,2020-12-25,العميل يفضّل التواصل عبر البريد الإلكتروني
CUS-500080,عبير باوزير,1662440203,0532469860,SA3129705402374932970262,user0081@bank-mail.example.com,الرياض - الملز,استثماري,16892.09,2024-08-28,رقم جوال بديل للتواصل عند الطوارئ 0597571238
CUS-500081,يوسف الصقير,1866750183,0502140173,SA4186961131607853500791,user0082@bank-mail.example.com,مكة - العزيزية,توفير,3920.96,2017-10-17,تم تحديث عنوان السكن الوطني
CUS-500082,سامي الهاجري,1010885711,0567919713,SA7868626621904549983851,user0083@bank-mail.example.com,مكة - العزيزية,توفير,6316.22,2016-05-02,طلب العميل رفع حد البطاقة الائتمانية
CUS-500083,فاطمة الجبرين,1172225821,0502836982,SA3216473867260358516148,user0084@bank-mail.example.com,جدة - الروضة,استثماري,7859.70,2021-06-14,حساب نشط ولا توجد ملاحظات على السجل
CUS-500084,ابتسام الخثعمي,1000652576,0557015888,SA0917674409427638208533,user0085@bank-mail.example.com,مكة - العزيزية,جاري,2160.92,2022-12-26,حساب نشط ولا توجد ملاحظات على السجل
CUS-500085,إبراهيم الأنصاري,1222274548,0568167813,SA8902930719559876869379,user0086@bank-mail.example.com,جدة - الروضة,استثماري,12366.12,2023-08-26,رقم العملية 1082689017 لتحديث بيانات الحساب
CUS-500086,خلود النعيمي,2331031449,0540864014,SA5077708596147970553553,user0087@bank-mail.example.com,جدة - الروضة,جاري,21471.42,2017-02-04,فُعّلت الخدمات المصرفية عبر الإنترنت بنجاح
CUS-500087,روان الأنصاري,2315450227,0509971069,SA1608153462780652903025,user0088@bank-mail.example.com,مكة - العزيزية,جاري,7371.51,2020-01-26,حساب نشط ولا توجد ملاحظات على السجل
CUS-500088,مشاعل الشهراني,1844912988,0561696275,SA7573288972298444677378,user0089@bank-mail.example.com,أبها - المنسك,استثماري,35920.13,2023-02-19,العميل يفضّل التواصل عبر البريد الإلكتروني
CUS-500089,نورة الأنصاري,2882872910,0531980825,SA3136231034724368056956,user0090@bank-mail.example.com,مكة - العزيزية,استثماري,10765.63,2016-06-13,يحوّل العميل راتبه شهرياً من حساب آخر برقم آيبان SA6475987415329287868553
CUS-500090,مشاعل الأنصاري,2526035551,0502774804,SA1538722809656531398622,user0091@bank-mail.example.com,الدمام - الشاطئ,جاري,199361.98,2020-07-24,فُعّلت الخدمات المصرفية عبر الإنترنت بنجاح
CUS-500091,أمل باوزير,1800226167,0530193452,SA6002199180730617685418,user0092@bank-mail.example.com,الدمام - الشاطئ,توفير,5369.79,2021-03-30,تم تحديث عنوان السكن الوطني
CUS-500092,مشاعل باوزير,1824462822,0596345717,SA9335653879698804710331,user0093@bank-mail.example.com,مكة - العزيزية,جاري,11862.91,2024-10-04,فُعّلت الخدمات المصرفية عبر الإنترنت بنجاح
CUS-500093,قصي السديري,1860385747,0508344114,SA7115751863510805495169,user0094@bank-mail.example.com,جدة - الروضة,توفير,18984.93,2023-04-15,حساب نشط ولا توجد ملاحظات على السجل
CUS-500094,سلمى باوزير,1831378524,0597596113,SA3245080347853984340059,user0095@bank-mail.example.com,مكة - العزيزية,استثماري,6240.33,2024-09-29,تم تحديث عنوان السكن الوطني
CUS-500095,أسماء العجمي,2359263601,0507178397,SA9136463228042848416989,user0096@bank-mail.example.com,أبها - المنسك,جاري,3776.10,2016-04-14,رقم جوال بديل للتواصل عند الطوارئ 0540592043
CUS-500096,نواف الكثيري,2853815252,0506578872,SA1530526533352377526076,user0097@bank-mail.example.com,الرياض - الملز,توفير,4313.30,2018-05-16,طلب العميل رفع حد البطاقة الائتمانية
CUS-500097,ابتسام الصقير,1805225339,0562496854,SA0583239817754226879651,user0098@bank-mail.example.com,أبها - المنسك,توفير,31666.85,2022-08-26,يحوّل العميل راتبه شهرياً من حساب آخر برقم آيبان SA7465155196040200194665
CUS-500098,سامي المري,1419811755,0532304096,SA1680904868976168693241,user0099@bank-mail.example.com,جدة - الروضة,توفير,19391.45,2023-10-31,حساب نشط ولا توجد ملاحظات على السجل
CUS-500099,أسامة الكثيري,1885584134,0537365930,SA2250996882284283301755,user0100@bank-mail.example.com,مكة - العزيزية,استثماري,35232.48,2022-01-18,العميل يفضّل التواصل عبر البريد الإلكتروني
CUS-500100,يوسف السديري,1387191602,0568916450,SA6978217191044052152529,user0101@bank-mail.example.com,مكة - العزيزية,جاري,123933.63,2023-01-29,العميل يفضّل التواصل عبر البريد الإلكتروني
CUS-500101,أسماء باوزير,1748229794,0535070391,SA7023499376127950728713,user0102@bank-mail.example.com,الدمام - الشاطئ,استثماري,89210.55,2021-08-21,رقم العملية 1592970857 لتحديث بيانات الحساب
CUS-500102,إبراهيم الأنصاري,1865307977,0593504208,SA0481724128415855722891,user0103@bank-mail.example.com,أبها - المنسك,جاري,9603.47,2016-03-08,تم تحديث عنوان السكن الوطني
CUS-500103,ابتسام التميمي,1134834702,0599295222,SA2056881882098978917022,user0104@bank-mail.example.com,جدة - الروضة,توفير,12632.22,2017-12-14,تم تحديث عنوان السكن الوطني
CUS-500104,سامي باوزير,2454237591,0539184343,SA8063875749767879726499,user0105@bank-mail.example.com,جدة - الروضة,جاري,26288.17,2020-09-13,رقم جوال بديل للتواصل عند الطوارئ 0543788318
CUS-500105,نورة الزامل,1894592722,0561214516,SA8644170417505862618643,user0106@bank-mail.example.com,مكة - العزيزية,استثماري,5651.98,2020-03-25,فُعّلت الخدمات المصرفية عبر الإنترنت بنجاح
CUS-500106,فاطمة البيشي,1595422799,0558768749,SA2173209306658654390872,user0107@bank-mail.example.com,جدة - الروضة,توفير,6625.86,2021-01-11,يحوّل العميل راتبه شهرياً من حساب آخر برقم آيبان SA4742592078304706992764
CUS-500107,معاذ الكثيري,2997793076,0504292463,SA4731449900559460428594,user0108@bank-mail.example.com,جدة - الروضة,توفير,13709.95,2018-10-08,طلب العميل رفع حد البطاقة الائتمانية
CUS-500108,دلال العجمي,1156865345,0564197569,SA4841188607460092399871,user0109@bank-mail.example.com,الدمام - الشاطئ,توفير,5114.77,2021-06-28,يحوّل العميل راتبه شهرياً من حساب آخر برقم آيبان SA1159612730256307463688
CUS-500109,عبدالعزيز الأنصاري,1862569181,0505055637,SA9594542535504540323281,user0110@bank-mail.example.com,مكة - العزيزية,توفير,1732.26,2020-07-15,تم تحديث عنوان السكن الوطني
CUS-500110,معاذ الكثيري,1112622186,0593519644,SA9677736365874395291049,user0111@bank-mail.example.com,مكة - العزيزية,توفير,6816.87,2024-07-26,العميل يفضّل التواصل عبر البريد الإلكتروني
CUS-500111,هاني الصقير,1781871890,0546017671,SA9070905328673537062530,user0112@bank-mail.example.com,الدمام - الشاطئ,استثماري,9361.75,2017-05-07,حساب نشط ولا توجد ملاحظات على السجل
CUS-500112,ليان النعيمي,2670540125,0559375734,SA1099457362112898970712,user0113@bank-mail.example.com,الدمام - الشاطئ,استثماري,4037.17,2017-10-09,فُعّلت الخدمات المصرفية عبر الإنترنت بنجاح
CUS-500113,حصة البيشي,1068731353,0507808554,SA3854690588437965520529,user0114@bank-mail.example.com,الدمام - الشاطئ,استثماري,3080.06,2020-08-30,رقم جوال بديل للتواصل عند الطوارئ 0558514652
CUS-500114,نواف الهاجري,1899863920,0550944299,SA8630075955719443640780,user0115@bank-mail.example.com,الدمام - الشاطئ,توفير,4718.39,2017-01-27,رقم جوال بديل للتواصل عند الطوارئ 0592059485
CUS-500115,يوسف الشهراني,2466237472,0590053183,SA0419283482069693765607,user0116@bank-mail.example.com,جدة - الروضة,استثماري,35414.66,2020-03-05,طلب العميل رفع حد البطاقة الائتمانية
CUS-500116,أمل الشهراني,2596660833,0543810614,SA7183343028123912982610,user0117@bank-mail.example.com,مكة - العزيزية,توفير,193451.26,2018-06-03,فُعّلت الخدمات المصرفية عبر الإنترنت بنجاح
CUS-500117,ناصر باوزير,1458306956,0503917917,SA4362940631633291941945,user0118@bank-mail.example.com,جدة - الروضة,جاري,23198.60,2024-04-13,فُعّلت الخدمات المصرفية عبر الإنترنت بنجاح
CUS-500118,فاطمة العيسى,2329833798,0505788831,SA3228203000594321244876,user0119@bank-mail.example.com,أبها - المنسك,جاري,896.64,2021-10-12,طلب العميل رفع حد البطاقة الائتمانية
CUS-500119,عبير العجمي,2964944785,0593508341,SA1793671039172770682042,user0120@bank-mail.example.com,أبها - المنسك,توفير,36000.98,2020-09-24,رقم العملية 1920890280 لتحديث بيانات الحساب
CUS-500120,ابتسام العيسى,2842740769,0564931866,SA2011340101624785269954,user0121@bank-mail.example.com,مكة - العزيزية,توفير,2554.85,2016-04-28,حساب نشط ولا توجد ملاحظات على السجل
CUS-500121,فاطمة الجبرين,1989761653,0547888029,SA8994637666025015383474,user0122@bank-mail.example.com,الرياض - الملز,توفير,34843.46,2021-03-02,حساب نشط ولا توجد ملاحظات على السجل
CUS-500122,أمل الأنصاري,2711040051,0552212743,SA2692473550390540392721,user0123@bank-mail.example.com,الرياض - الملز,توفير,10088.81,2017-12-28,فُعّلت الخدمات المصرفية عبر الإنترنت بنجاح
CUS-500123,فيصل السديري,1492960347,0553856994,SA1649134074150043105737,user0124@bank-mail.example.com,الدمام - الشاطئ,توفير,15277.94,2017-07-30,تم تحديث عنوان السكن الوطني
CUS-500124,أمل الهاجري,1458036306,0553046822,SA3972528640301631653059,user0125@bank-mail.example.com,الدمام - الشاطئ,جاري,209333.66,2025-03-22,رقم العملية 1773557135 لتحديث بيانات الحساب
CUS-500125,معاذ الهاجري,1584295826,0548213580,SA2714814283291837242938,user0126@bank-mail.example.com,جدة - الروضة,توفير,37366.53,2015-01-14,رقم جوال بديل للتواصل عند الطوارئ 0552997267
CUS-500126,يوسف الأنصاري,1560648717,0543324787,SA0904097765607723146390,user0127@bank-mail.example.com,الدمام - الشاطئ,جاري,7390.22,2021-06-10,العميل يفضّل التواصل عبر البريد الإلكتروني
CUS-500127,تركي الكثيري,1763074927,0562842776,SA9353618110308502959221,user0128@bank-mail.example.com,أبها - المنسك,استثماري,139390.00,2017-12-17,يحوّل العميل راتبه شهرياً من حساب آخر برقم آيبان SA9327532799200982177871
CUS-500128,معاذ النعيمي,1246773657,0542717248,SA4348948674946758796956,user0129@bank-mail.example.com,أبها - المنسك,توفير,14200.38,2022-10-06,العميل يفضّل التواصل عبر البريد الإلكتروني
CUS-500129,أمل العيسى,1696874419,0532358342,SA9178449147564734043585,user0130@bank-mail.example.com,أبها - المنسك,استثماري,7054.82,2023-07-19,رقم جوال بديل للتواصل عند الطوارئ 0599684759
CUS-500130,أمل المري,2473349302,0566734355,SA8098127172525308316294,user0131@bank-mail.example.com,جدة - الروضة,جاري,48884.95,2017-05-20,يحوّل العميل راتبه شهرياً من حساب آخر برقم آيبان SA6568598989394698298352
CUS-500131,حصة الصقير,1810778884,0554604002,SA4179775475370583110135,user0132@bank-mail.example.com,الدمام - الشاطئ,توفير,14134.44,2020-03-07,فُعّلت الخدمات المصرفية عبر الإنترنت بنجاح
CUS-500132,أسماء العجمي,1174843704,0532698414,SA3635264262124052026927,user0133@bank-mail.example.com,جدة - الروضة,جاري,5910.57,2023-09-06,رقم العملية 1214482539 لتحديث بيانات الحساب
CUS-500133,دلال الزامل,2797926983,0540561716,SA8428921750889010927545,user0134@bank-mail.example.com,الرياض - الملز,توفير,3990.07,2023-02-27,العميل يفضّل التواصل عبر البريد الإلكتروني
CUS-500134,حصة التميمي,1939737472,0551517430,SA5450464151343857624010,user0135@bank-mail.example.com,الدمام - الشاطئ,جاري,3775.51,2023-11-23,يحوّل العميل راتبه شهرياً من حساب آخر برقم آيبان SA3399238293622271462787
CUS-500135,سلمان المري,2968966008,0542883922,SA9094058516771716392314,user0136@bank-mail.example.com,مكة - العزيزية,جاري,21728.59,2015-06-15,تم تحديث عنوان السكن الوطني
CUS-500136,هاني العيسى,1907876872,0502201705,SA6568682614814670228891,user0137@bank-mail.example.com,الدمام - الشاطئ,توفير,3528.87,2025-01-06,طلب العميل رفع حد البطاقة الائتمانية
CUS-500137,سلمى المري,2048583310,0543184815,SA8035846554544672282767,user0138@bank-mail.example.com,أبها - المنسك,استثماري,10021.58,2015-07-24,رقم العملية 1683416380 لتحديث بيانات الحساب
CUS-500138,نورة المري,1523043030,0556829813,SA1879354494620155074952,user0139@bank-mail.example.com,جدة - الروضة,استثماري,5620.50,2023-09-29,حساب نشط ولا توجد ملاحظات على السجل
CUS-500139,روان السديري,1030467367,0555972294,SA5304589224884956290193,user0140@bank-mail.example.com,مكة - العزيزية,توفير,45515.88,2018-10-20,رقم جوال بديل للتواصل عند الطوارئ 0590702323
CUS-500140,هالة الصقير,1543095416,0597899995,SA8469300706409112610453,user0141@bank-mail.example.com,الرياض - الملز,استثماري,84907.54,2022-12-02,طلب العميل رفع حد البطاقة الائتمانية
CUS-500141,خلود الصقير,2356037206,0555394964,SA2497469933677507661392,user0142@bank-mail.example.com,الرياض - الملز,جاري,12273.01,2018-05-08,رقم جوال بديل للتواصل عند الطوارئ 0567133559
CUS-500142,نورة الجبرين,1178453013,0564043888,SA8128757780522468854245,user0143@bank-mail.example.com,الرياض - الملز,توفير,8866.99,2024-12-03,طلب العميل رفع حد البطاقة الائتمانية
CUS-500143,سلمى النعيمي,1174321545,0590132083,SA1149266918813575384919,user0144@bank-mail.example.com,جدة - الروضة,توفير,15523.59,2019-11-01,رقم جوال بديل للتواصل عند الطوارئ 0554997226
CUS-500144,أسامة الصقير,2478814615,0503715115,SA7179224149519139493814,user0145@bank-mail.example.com,جدة - الروضة,استثماري,25826.74,2022-06-23,يحوّل العميل راتبه شهرياً من حساب آخر برقم آيبان SA3085588729271255267407
CUS-500145,نواف السديري,1893371037,0501663640,SA7147538379075957207962,user0146@bank-mail.example.com,جدة - الروضة,استثماري,6864.84,2021-06-29,طلب العميل رفع حد البطاقة الائتمانية
CUS-500146,قصي المري,2665659500,0568822733,SA4717442692604527505795,user0147@bank-mail.example.com,الرياض - الملز,استثماري,83305.86,2019-07-12,رقم جوال بديل للتواصل عند الطوارئ 0539853445
CUS-500147,عبدالرحمن الصقير,2530610043,0536679926,SA7519792762599956207797,user0148@bank-mail.example.com,جدة - الروضة,استثماري,17110.63,2020-03-11,رقم جوال بديل للتواصل عند الطوارئ 0598658692
CUS-500148,معاذ الجبرين,2955164880,0595266272,SA1781176448578046159798,user0149@bank-mail.example.com,الدمام - الشاطئ,جاري,19532.21,2020-09-11,رقم العملية 1214376582 لتحديث بيانات الحساب
CUS-500149,روان النعيمي,1495785014,0540821993,SA0742454305830757849191,user0150@bank-mail.example.com,الرياض - الملز,توفير,3002.74,2016-07-09,يحوّل العميل راتبه شهرياً من حساب آخر برقم آيبان SA8227388915542303630684
CUS-500150,عبدالرحمن الزامل,1010071494,0541755607,SA3661012218152467192545,user0151@bank-mail.example.com,الدمام - الشاطئ,جاري,7906.66,2016-12-12,طلب العميل رفع حد البطاقة الائتمانية
CUS-500151,أسماء الزامل,1333848024,0542613110,SA3733032487675069546986,user0152@bank-mail.example.com,الدمام - الشاطئ,جاري,1649.85,2019-12-25,تم تحديث عنوان السكن الوطني
CUS-500152,معاذ العيسى,1227859608,0548562925,SA6655186238817950489304,user0153@bank-mail.example.com,الرياض - الملز,استثماري,39888.03,2015-09-13,فُعّلت الخدمات المصرفية عبر الإنترنت بنجاح
CUS-500153,تركي الخثعمي,1271225656,0555112169,SA6822857363296225618276,user0154@bank-mail.example.com,جدة - الروضة,استثماري,27139.55,2019-05-02,رقم جوال بديل للتواصل عند الطوارئ 0500392602
CUS-500154,منى البيشي,1794563450,0507042801,SA5003200632059455834970,user0155@bank-mail.example.com,أبها - المنسك,استثماري,32599.44,2021-01-17,رقم العملية 1762278842 لتحديث بيانات الحساب
CUS-500155,أسماء الهاجري,1969021508,0562396720,SA2622668548927824350964,user0156@bank-mail.example.com,أبها - المنسك,استثماري,39689.93,2025-06-16,العميل يفضّل التواصل عبر البريد الإلكتروني
CUS-500156,روان النعيمي,1550137044,0597332942,SA0810523846931425668025,user0157@bank-mail.example.com,الرياض - الملز,توفير,9566.00,2019-03-12,فُعّلت الخدمات المصرفية عبر الإنترنت بنجاح
CUS-500157,سامي العيسى,1228619233,0533692532,SA2026859311268865872201,user0158@bank-mail.example.com,الرياض - الملز,توفير,7828.54,2018-09-26,فُعّلت الخدمات المصرفية عبر الإنترنت بنجاح
CUS-500158,ليان المري,1621043445,0505417367,SA8068272946998140838179,user0159@bank-mail.example.com,مكة - العزيزية,استثماري,12456.09,2019-08-12,حساب نشط ولا توجد ملاحظات على السجل
CUS-500159,سلمى الخثعمي,1684685629,0550505918,SA8698188825890189985029,user0160@bank-mail.example.com,مكة - العزيزية,استثماري,1991.31,2022-12-21,رقم جوال بديل للتواصل عند الطوارئ 0547278072
CUS-500160,نواف الأنصاري,2640992109,0531044954,SA8931813146071309425401,user0161@bank-mail.example.com,جدة - الروضة,استثماري,8938.34,2018-01-26,العميل يفضّل التواصل عبر البريد الإلكتروني
CUS-500161,أمل باوزير,1901799997,0595036474,SA3671385494856519958581,user0162@bank-mail.example.com,الدمام - الشاطئ,استثماري,7035.33,2022-01-31,رقم جوال بديل للتواصل عند الطوارئ 0552048843
CUS-500162,إبراهيم الخثعمي,1877110914,0598698232,SA2751094198682752440672,user0163@bank-mail.example.com,جدة - الروضة,جاري,51935.73,2016-11-26,رقم العملية 1339068759 لتحديث بيانات الحساب
CUS-500163,روان الأنصاري,1527169245,0535834793,SA6376701018015314670104,user0164@bank-mail.example.com,أبها - المنسك,جاري,9423.98,2025-01-31,تم تحديث عنوان السكن الوطني
CUS-500164,هالة العجمي,1048653768,0566759858,SA8291901387251111700514,user0165@bank-mail.example.com,أبها - المنسك,استثماري,94006.98,2019-02-01,حساب نشط ولا توجد ملاحظات على السجل
CUS-500165,تركي العجمي,2950185906,0542515724,SA7216761294411388247269,user0166@bank-mail.example.com,الدمام - الشاطئ,جاري,6970.42,2017-01-07,تم تحديث عنوان السكن الوطني
CUS-500166,جاسم الشهراني,1991547926,0539788745,SA4115071986461029419587,user0167@bank-mail.example.com,الرياض - الملز,استثماري,47424.92,2018-08-15,يحوّل العميل راتبه شهرياً من حساب آخر برقم آيبان SA9523467613144972735693
CUS-500167,نورة الصقير,1875477984,0500145430,SA1599271774906544334316,user0168@bank-mail.example.com,أبها - المنسك,جاري,23841.39,2015-07-04,فُعّلت الخدمات المصرفية عبر الإنترنت بنجاح
CUS-500168,جواهر الأنصاري,1040151878,0533495778,SA9300982619554409657459,user0169@bank-mail.example.com,مكة - العزيزية,توفير,2793.93,2017-05-15,حساب نشط ولا توجد ملاحظات على السجل
CUS-500169,قصي الشهراني,1921911614,0507884370,SA7034689458063280725456,user0170@bank-mail.example.com,الرياض - الملز,جاري,17244.69,2021-06-05,يحوّل العميل راتبه شهرياً من حساب آخر برقم آيبان SA6769173366855203448043
CUS-500170,روان النعيمي,1756726277,0594293392,SA5424459870832339648196,user0171@bank-mail.example.com,جدة - الروضة,استثماري,18851.68,2015-08-23,العميل يفضّل التواصل عبر البريد الإلكتروني
CUS-500171,حصة الكثيري,1906232911,0563754908,SA3716878515113797998234,user0172@bank-mail.example.com,الدمام - الشاطئ,جاري,2314.13,2022-04-04,رقم جوال بديل للتواصل عند الطوارئ 0505966296
CUS-500172,جواهر الهاجري,1463181311,0534191970,SA5879405080402769489319,user0173@bank-mail.example.com,الرياض - الملز,توفير,128662.85,2015-08-15,العميل يفضّل التواصل عبر البريد الإلكتروني
CUS-500173,مشاعل الصقير,1890035296,0565261268,SA8325113313341280159108,user0174@bank-mail.example.com,أبها - المنسك,استثماري,6303.66,2021-10-26,طلب العميل رفع حد البطاقة الائتمانية
CUS-500174,حمد الهاجري,1650105255,0506744433,SA2649328145192197454545,user0175@bank-mail.example.com,مكة - العزيزية,توفير,20847.26,2017-03-09,طلب العميل رفع حد البطاقة الائتمانية
CUS-500175,سلمى العيسى,1378513889,0599935636,SA2355727060546181134264,user0176@bank-mail.example.com,جدة - الروضة,توفير,2276.78,2016-06-30,رقم العملية 1227761416 لتحديث بيانات الحساب
CUS-500176,جاسم المري,2986353627,0545360281,SA8810436011898819040030,user0177@bank-mail.example.com,أبها - المنسك,توفير,48493.14,2016-12-04,طلب العميل رفع حد البطاقة الائتمانية
CUS-500177,نواف الجبرين,1985500097,0548887417,SA7660595982245180421999,user0178@bank-mail.example.com,أبها - المنسك,استثماري,4675.52,2021-09-01,طلب العميل رفع حد البطاقة الائتمانية
CUS-500178,خلود البيشي,1440180006,0508692838,SA9647633903698226741587,user0179@bank-mail.example.com,مكة - العزيزية,استثماري,2075.74,2020-05-30,تم تحديث عنوان السكن الوطني
CUS-500179,عبدالرحمن باوزير,2454967734,0552482054,SA8750770961220187469295,user0180@bank-mail.example.com,الدمام - الشاطئ,استثماري,2241.59,2015-11-04,رقم جوال بديل للتواصل عند الطوارئ 0547248257
CUS-500180,أسماء الشهراني,2045938079,0563088269,SA5601523130738445001684,user0181@bank-mail.example.com,الرياض - الملز,استثماري,15359.99,2021-12-14,العميل يفضّل التواصل عبر البريد الإلكتروني
CUS-500181,تركي التميمي,1583382039,0503803859,SA8229674315918060792248,user0182@bank-mail.example.com,مكة - العزيزية,توفير,14991.94,2021-09-15,فُعّلت الخدمات المصرفية عبر الإنترنت بنجاح
CUS-500182,أسامة العيسى,1749429989,0505795110,SA9619598630814637801008,user0183@bank-mail.example.com,الدمام - الشاطئ,استثماري,13412.17,2023-06-25,رقم جوال بديل للتواصل عند الطوارئ 0565689934
CUS-500183,سلمى الأنصاري,1485464844,0567340160,SA2785083308142732190999,user0184@bank-mail.example.com,الدمام - الشاطئ,استثماري,19092.72,2017-09-28,رقم العملية 1704240132 لتحديث بيانات الحساب
CUS-500184,يوسف الأنصاري,1047191091,0591942929,SA7741100419132716826732,user0185@bank-mail.example.com,الدمام - الشاطئ,توفير,3282.57,2019-06-23,رقم العملية 1618364168 لتحديث بيانات الحساب
CUS-500185,نواف الزامل,1173148345,0590256176,SA9352453424910662580151,user0186@bank-mail.example.com,الدمام - الشاطئ,جاري,3393.08,2016-05-21,تم تحديث عنوان السكن الوطني
CUS-500186,دلال النعيمي,2866567593,0591654899,SA8051367210685943270545,user0187@bank-mail.example.com,جدة - الروضة,توفير,15268.60,2021-11-03,رقم جوال بديل للتواصل عند الطوارئ 0593635598
CUS-500187,عبدالرحمن الشهراني,1334771944,0563856688,SA3467197707041935579732,user0188@bank-mail.example.com,الدمام - الشاطئ,توفير,9759.70,2021-06-21,طلب العميل رفع حد البطاقة الائتمانية
CUS-500188,مشاعل الصقير,1810767705,0545699053,SA4751238163876358243975,user0189@bank-mail.example.com,الدمام - الشاطئ,توفير,11280.17,2015-01-29,رقم العملية 1500593841 لتحديث بيانات الحساب
CUS-500189,عبدالرحمن العيسى,1034299055,0531221087,SA3141993346734161056102,user0190@bank-mail.example.com,جدة - الروضة,جاري,111555.69,2024-02-08,العميل يفضّل التواصل عبر البريد الإلكتروني
CUS-500190,منى الصقير,1092755956,0501128670,SA9863281521115539199879,user0191@bank-mail.example.com,مكة - العزيزية,توفير,36522.37,2017-03-17,العميل يفضّل التواصل عبر البريد الإلكتروني
CUS-500191,جاسم الزامل,2424020796,0507713278,SA9556259841366117547403,user0192@bank-mail.example.com,مكة - العزيزية,جاري,9931.54,2020-01-27,العميل يفضّل التواصل عبر البريد الإلكتروني
CUS-500192,سامي التميمي,1550677106,0553007988,SA9298597916163829612929,user0193@bank-mail.example.com,جدة - الروضة,استثماري,12132.71,2016-12-10,تم تحديث عنوان السكن الوطني
CUS-500193,عبدالعزيز المري,1710636802,0542477791,SA7290515114633210428731,user0194@bank-mail.example.com,الدمام - الشاطئ,توفير,12942.14,2023-09-24,يحوّل العميل راتبه شهرياً من حساب آخر برقم آيبان SA9191214481151653889351
CUS-500194,روان الكثيري,1061093041,0500519206,SA5570736719129369465157,user0195@bank-mail.example.com,جدة - الروضة,جاري,43935.01,2017-06-15,يحوّل العميل راتبه شهرياً من حساب آخر برقم آيبان SA3658708452491920506663
CUS-500195,تركي الشهراني,1744180603,0597441110,SA9483191741442927261680,user0196@bank-mail.example.com,الدمام - الشاطئ,استثماري,11435.01,2019-11-03,رقم جوال بديل للتواصل عند الطوارئ 0559707703
CUS-500196,أمل النعيمي,1975529379,0534128125,SA1235863173052534282281,user0197@bank-mail.example.com,الدمام - الشاطئ,جاري,97182.93,2017-01-13,العميل يفضّل التواصل عبر البريد الإلكتروني
CUS-500197,جواهر الصقير,1088210990,0545536169,SA6720852187113260393960,user0198@bank-mail.example.com,الرياض - الملز,جاري,2776.61,2025-11-11,رقم جوال بديل للتواصل عند الطوارئ 0553134673
CUS-500198,منى البيشي,1299419240,0535826362,SA8463508201696045666458,user0199@bank-mail.example.com,الدمام - الشاطئ,جاري,78329.97,2016-10-31,طلب العميل رفع حد البطاقة الائتمانية
CUS-500199,مشاعل الخثعمي,2662826136,0568883659,SA5492414944365708101632,user0200@bank-mail.example.com,أبها - المنسك,جاري,11502.10,2016-06-16,فُعّلت الخدمات المصرفية عبر الإنترنت بنجاح
CUS-500200,أسامة الجبرين,1276174230,0590467813,SA3217374537737162415023,user0201@bank-mail.example.com,مكة - العزيزية,جاري,11181.69,2024-05-04,تم تحديث عنوان السكن الوطني
CUS-500201,ناصر الخثعمي,1967097898,0538300346,SA4024922452109541862514,user0202@bank-mail.example.com,الرياض - الملز,استثماري,3574.03,2024-09-25,رقم جوال بديل للتواصل عند الطوارئ 0535723964
CUS-500202,هالة الكثيري,1743295907,0507296374,SA8656227359895254734071,user0203@bank-mail.example.com,جدة - الروضة,جاري,10155.31,2023-03-28,يحوّل العميل راتبه شهرياً من حساب آخر برقم آيبان SA7628662921888433878182
CUS-500203,إبراهيم العجمي,1195373558,0543232566,SA6440479311971164807598,user0204@bank-mail.example.com,جدة - الروضة,توفير,37503.51,2021-05-22,العميل يفضّل التواصل عبر البريد الإلكتروني
CUS-500204,جواهر الكثيري,1145851778,0550057685,SA2138291863108892684636,user0205@bank-mail.example.com,الرياض - الملز,توفير,31573.87,2021-10-24,طلب العميل رفع حد البطاقة الائتمانية
CUS-500205,دلال الجبرين,2776784932,0598031135,SA9383208046764909856745,user0206@bank-mail.example.com,الرياض - الملز,توفير,2672.93,2015-09-17,فُعّلت الخدمات المصرفية عبر الإنترنت بنجاح
CUS-500206,نورة الخثعمي,1067595296,0531808291,SA2498067052270036196225,user0207@bank-mail.example.com,أبها - المنسك,جاري,46225.42,2018-03-19,طلب العميل رفع حد البطاقة الائتمانية
CUS-500207,عبدالعزيز النعيمي,2635714567,0558518590,SA7526924189590027138873,user0208@bank-mail.example.com,أبها - المنسك,جاري,9311.10,2025-09-14,رقم جوال بديل للتواصل عند الطوارئ 0553606268
CUS-500208,ابتسام العيسى,2981911841,0545948568,SA9286323973628652716139,user0209@bank-mail.example.com,الدمام - الشاطئ,استثماري,9816.59,2022-05-30,فُعّلت الخدمات المصرفية عبر الإنترنت بنجاح
CUS-500209,عبير الهاجري,2947049165,0531197598,SA9145218426829582266496,user0210@bank-mail.example.com,جدة - الروضة,جاري,3417.29,2019-04-25,العميل يفضّل التواصل عبر البريد الإلكتروني
CUS-500210,سامي الكثيري,1971533359,0592543104,SA4754906416012572847821,user0211@bank-mail.example.com,جدة - الروضة,جاري,7828.11,2021-06-27,طلب العميل رفع حد البطاقة الائتمانية
CUS-500211,روان الشهراني,1961125935,0560168860,SA8137740213625334945240,user0212@bank-mail.example.com,الرياض - الملز,جاري,6748.14,2019-11-07,العميل يفضّل التواصل عبر البريد الإلكتروني
CUS-500212,دلال الأنصاري,1402215543,0539578609,SA6251675127823133092194,user0213@bank-mail.example.com,أبها - المنسك,توفير,8220.87,2020-01-17,رقم العملية 1021150428 لتحديث بيانات الحساب
CUS-500213,سامي الكثيري,2152292609,0566007550,SA9797621550311171575467,user0214@bank-mail.example.com,الدمام - الشاطئ,توفير,40471.37,2024-07-29,فُعّلت الخدمات المصرفية عبر الإنترنت بنجاح
CUS-500214,معاذ الشهراني,1250172598,0545614465,SA1435693687176936313339,user0215@bank-mail.example.com,الرياض - الملز,جاري,1823.25,2018-05-30,حساب نشط ولا توجد ملاحظات على السجل
CUS-500215,سلمى الجبرين,1953923263,0564327173,SA9449386288439994101110,user0216@bank-mail.example.com,جدة - الروضة,توفير,57715.50,2024-11-18,رقم جوال بديل للتواصل عند الطوارئ 0549604215
CUS-500216,نورة الزامل,2418383804,0544876027,SA0791399821064568224189,user0217@bank-mail.example.com,الرياض - الملز,استثماري,1342.26,2016-02-03,تم تحديث عنوان السكن الوطني
CUS-500217,منى العجمي,2755118268,0564061282,SA4992616456782902438474,user0218@bank-mail.example.com,مكة - العزيزية,استثماري,19017.03,2019-06-19,حساب نشط ولا توجد ملاحظات على السجل
CUS-500218,قصي النعيمي,1220024564,0531104654,SA7463636057926267334455,user0219@bank-mail.example.com,الدمام - الشاطئ,جاري,8882.53,2020-07-31,يحوّل العميل راتبه شهرياً من حساب آخر برقم آيبان SA2315491198503525290082
CUS-500219,عبير باوزير,1686053677,0535874667,SA8432557486619803058055,user0220@bank-mail.example.com,جدة - الروضة,جاري,45781.70,2018-02-23,فُعّلت الخدمات المصرفية عبر الإنترنت بنجاح
CUS-500220,قصي باوزير,2231026184,0500431630,SA8310973460427969443521,user0221@bank-mail.example.com,أبها - المنسك,جاري,109769.31,2024-02-17,فُعّلت الخدمات المصرفية عبر الإنترنت بنجاح
CUS-500221,فيصل التميمي,1438788620,0561953281,SA6158795011347312802128,user0222@bank-mail.example.com,أبها - المنسك,استثماري,60170.26,2019-02-02,طلب العميل رفع حد البطاقة الائتمانية
CUS-500222,جاسم الشهراني,1963280027,0557004466,SA5445323299309541362749,user0223@bank-mail.example.com,مكة - العزيزية,جاري,2448.31,2025-05-02,رقم جوال بديل للتواصل عند الطوارئ 0563050511
CUS-500223,أمل السديري,1538049980,0548065160,SA8444461081483215194013,user0224@bank-mail.example.com,الرياض - الملز,توفير,6227.98,2025-09-08,تم تحديث عنوان السكن الوطني
CUS-500224,نواف السديري,1466092879,0556808223,SA2700364999600696134344,user0225@bank-mail.example.com,أبها - المنسك,توفير,20105.73,2021-04-20,رقم العملية 1268542808 لتحديث بيانات الحساب
CUS-500225,هاني الشهراني,1951300233,0500929808,SA7970106535721254073972,user0226@bank-mail.example.com,الدمام - الشاطئ,استثماري,7194.59,2022-08-28,رقم العملية 1065782748 لتحديث بيانات الحساب
CUS-500226,أسماء البيشي,2543191999,0567178394,SA8579103588599743828957,user0227@bank-mail.example.com,جدة - الروضة,جاري,5069.41,2016-11-11,رقم جوال بديل للتواصل عند الطوارئ 0543535413
CUS-500227,عبير الأنصاري,1907451619,0509431800,SA6282888045844696281047,user0228@bank-mail.example.com,جدة - الروضة,استثماري,11115.42,2024-11-11,حساب نشط ولا توجد ملاحظات على السجل
CUS-500228,ابتسام البيشي,2506256334,0500342882,SA6617366877411972177465,user0229@bank-mail.example.com,أبها - المنسك,جاري,6124.91,2019-12-15,العميل يفضّل التواصل عبر البريد الإلكتروني
CUS-500229,دلال الخثعمي,1576202673,0538003904,SA3919054806001919014600,user0230@bank-mail.example.com,الدمام - الشاطئ,جاري,28608.70,2022-07-19,حساب نشط ولا توجد ملاحظات على السجل
CUS-500230,معاذ العيسى,1799446941,0503169603,SA4469868536865525367250,user0231@bank-mail.example.com,الدمام - الشاطئ,استثماري,81607.34,2025-09-02,رقم العملية 1952788774 لتحديث بيانات الحساب
CUS-500231,سلمى الخثعمي,2894638077,0541838256,SA9669624338412278146104,user0232@bank-mail.example.com,الدمام - الشاطئ,جاري,68411.78,2018-01-30,تم تحديث عنوان السكن الوطني
CUS-500232,هالة العجمي,1580584157,0539329273,SA9748604896242715316211,user0233@bank-mail.example.com,مكة - العزيزية,توفير,4265.72,2018-09-30,العميل يفضّل التواصل عبر البريد الإلكتروني
CUS-500233,عبير باوزير,1799647894,0556721709,SA6581450869706233310832,user0234@bank-mail.example.com,جدة - الروضة,توفير,25653.28,2017-03-26,طلب العميل رفع حد البطاقة الائتمانية
CUS-500234,منى العجمي,1283390548,0561898014,SA5987064553763442015216,user0235@bank-mail.example.com,مكة - العزيزية,توفير,4969.94,2019-07-13,فُعّلت الخدمات المصرفية عبر الإنترنت بنجاح
CUS-500235,يوسف العيسى,2670537717,0598390735,SA4294591759031115493005,user0236@bank-mail.example.com,الرياض - الملز,توفير,60046.31,2019-02-02,العميل يفضّل التواصل عبر البريد الإلكتروني
CUS-500236,ناصر باوزير,1800936278,0555514347,SA6366998627065239841486,user0237@bank-mail.example.com,جدة - الروضة,توفير,17156.75,2019-03-24,فُعّلت الخدمات المصرفية عبر الإنترنت بنجاح
CUS-500237,ابتسام البيشي,2558725194,0597390102,SA9210348998017341117938,user0238@bank-mail.example.com,الرياض - الملز,جاري,29431.23,2015-04-02,يحوّل العميل راتبه شهرياً من حساب آخر برقم آيبان SA5563146598515825812347
CUS-500238,هاني السديري,1713152963,0559986146,SA6746183705718765065893,user0239@bank-mail.example.com,أبها - المنسك,توفير,26141.62,2019-09-06,طلب العميل رفع حد البطاقة الائتمانية
CUS-500239,عبير الخثعمي,1680890819,0541066941,SA3552695859366711638866,user0240@bank-mail.example.com,الرياض - الملز,جاري,25833.57,2017-05-01,تم تحديث عنوان السكن الوطني
CUS-500240,خلود الزامل,2234765770,0548134745,SA9543819173611264802190,user0241@bank-mail.example.com,جدة - الروضة,توفير,447.93,2024-09-19,تم تحديث عنوان السكن الوطني
CUS-500241,ناصر الكثيري,2354451201,0552644254,SA6691249459996695829489,user0242@bank-mail.example.com,الدمام - الشاطئ,جاري,28238.65,2025-10-13,يحوّل العميل راتبه شهرياً من حساب آخر برقم آيبان SA2568169746566274573292
CUS-500242,ابتسام العجمي,2103541963,0504235668,SA9204048431676315538258,user0243@bank-mail.example.com,مكة - العزيزية,جاري,70790.03,2019-11-06,يحوّل العميل راتبه شهرياً من حساب آخر برقم آيبان SA1406550313089960752511
CUS-500243,سلمى الشهراني,1267220919,0504511822,SA5327907420761757976453,user0244@bank-mail.example.com,أبها - المنسك,استثماري,2157.63,2017-08-01,طلب العميل رفع حد البطاقة الائتمانية
CUS-500244,حمد باوزير,1178379051,0558641895,SA8820661780188740245564,user0245@bank-mail.example.com,جدة - الروضة,استثماري,22331.77,2015-12-15,تم تحديث عنوان السكن الوطني
CUS-500245,أسماء الخثعمي,2841205582,0553619688,SA1395406197522924889608,user0246@bank-mail.example.com,أبها - المنسك,جاري,1980.88,2023-10-11,رقم جوال بديل للتواصل عند الطوارئ 0544122779
CUS-500246,هاني الهاجري,1263923045,0555766394,SA4723369968861757703092,user0247@bank-mail.example.com,جدة - الروضة,توفير,3859.56,2023-03-24,فُعّلت الخدمات المصرفية عبر الإنترنت بنجاح
CUS-500247,دلال البيشي,1164902767,0560563429,SA8983412692011336527774,user0248@bank-mail.example.com,الدمام - الشاطئ,توفير,26993.45,2017-05-06,تم تحديث عنوان السكن الوطني
CUS-500248,ابتسام الشهراني,1260983372,0549773446,SA4070480630880480886456,user0249@bank-mail.example.com,الرياض - الملز,استثماري,5142.13,2024-04-22,تم تحديث عنوان السكن الوطني
CUS-500249,سلمى النعيمي,1240357184,0547163441,SA3787567514854112548308,user0250@bank-mail.example.com,الدمام - الشاطئ,جاري,3846.49,2017-12-29,طلب العميل رفع حد البطاقة الائتمانية
CUS-500250,دلال العجمي,1919503324,0551286421,SA6493584471033769520145,user0251@bank-mail.example.com,الرياض - الملز,جاري,47563.61,2015-02-21,رقم جوال بديل للتواصل عند الطوارئ 0549677143
CUS-500251,عبير باوزير,1941027359,0550598876,SA0660922557680691436709,user0252@bank-mail.example.com,الرياض - الملز,توفير,8316.70,2025-05-17,فُعّلت الخدمات المصرفية عبر الإنترنت بنجاح
CUS-500252,أسامة الكثيري,1396168534,0539988871,SA4389985803609263019659,user0253@bank-mail.example.com,الدمام - الشاطئ,جاري,18737.12,2021-05-06,رقم العملية 1946600275 لتحديث بيانات الحساب
CUS-500253,قصي العجمي,2258948211,0553042617,SA8292698248211955190003,user0254@bank-mail.example.com,الرياض - الملز,استثماري,2732.28,2022-12-18,يحوّل العميل راتبه شهرياً من حساب آخر برقم آيبان SA5854303573751399040383
CUS-500254,فيصل العيسى,1167147147,0556086137,SA2299261105884840505376,user0255@bank-mail.example.com,مكة - العزيزية,استثماري,7649.40,2020-05-09,رقم جوال بديل للتواصل عند الطوارئ 0535843441
CUS-500255,خلود الزامل,1313121277,0504467317,SA2063040515885868504449,user0256@bank-mail.example.com,مكة - العزيزية,توفير,5892.44,2017-08-23,رقم العملية 1700596941 لتحديث بيانات الحساب
CUS-500256,معاذ الخثعمي,2362910156,0535143289,SA5592988275695161526294,user0257@bank-mail.example.com,الدمام - الشاطئ,جاري,2129.09,2017-06-15,فُعّلت الخدمات المصرفية عبر الإنترنت بنجاح
CUS-500257,عبدالرحمن الهاجري,1029001748,0555240889,SA5007051960455824232296,user0258@bank-mail.example.com,جدة - الروضة,استثماري,12787.42,2016-05-31,العميل يفضّل التواصل عبر البريد الإلكتروني
CUS-500258,هالة الشهراني,1260065915,0546472353,SA7351813982368358538207,user0259@bank-mail.example.com,مكة - العزيزية,توفير,17317.91,2017-10-09,فُعّلت الخدمات المصرفية عبر الإنترنت بنجاح
CUS-500259,جواهر الخثعمي,2602660306,0530728462,SA1704515808144209316605,user0260@bank-mail.example.com,الدمام - الشاطئ,توفير,5757.30,2024-12-26,يحوّل العميل راتبه شهرياً من حساب آخر برقم آيبان SA3938925195538405872108
CUS-500260,نواف النعيمي,1703698165,0599649039,SA4771601131091592209711,user0261@bank-mail.example.com,الرياض - الملز,استثماري,1334.24,2017-05-04,رقم العملية 1003556717 لتحديث بيانات الحساب
CUS-500261,جواهر باوزير,2150897961,0534851792,SA0746184422933209554865,user0262@bank-mail.example.com,مكة - العزيزية,جاري,5272.41,2022-07-29,طلب العميل رفع حد البطاقة الائتمانية
CUS-500262,هالة العيسى,2511270940,0564685783,SA0227855313155274908611,user0263@bank-mail.example.com,جدة - الروضة,توفير,12389.54,2015-04-14,طلب العميل رفع حد البطاقة الائتمانية
CUS-500263,قصي النعيمي,1142916483,0545394499,SA8620152868548616174800,user0264@bank-mail.example.com,الدمام - الشاطئ,جاري,3736.50,2018-10-01,يحوّل العميل راتبه شهرياً من حساب آخر برقم آيبان SA7805906862812659375885
CUS-500264,ابتسام السديري,1171693284,0551280272,SA5508181921975961297630,user0265@bank-mail.example.com,الرياض - الملز,توفير,21411.80,2021-08-28,يحوّل العميل راتبه شهرياً من حساب آخر برقم آيبان SA2010379922424892106407
CUS-500265,إبراهيم باوزير,2961483043,0555763457,SA8627235084792984201983,user0266@bank-mail.example.com,مكة - العزيزية,جاري,10002.51,2022-12-12,فُعّلت الخدمات المصرفية عبر الإنترنت بنجاح
CUS-500266,أسماء التميمي,2065527778,0550249524,SA0538591090120410778843,user0267@bank-mail.example.com,جدة - الروضة,جاري,41266.29,2018-09-27,العميل يفضّل التواصل عبر البريد الإلكتروني
CUS-500267,تركي باوزير,2491019655,0561398673,SA1299904578881052661171,user0268@bank-mail.example.com,الرياض - الملز,استثماري,9498.54,2024-08-24,يحوّل العميل راتبه شهرياً من حساب آخر برقم آيبان SA2326619025626017155930
CUS-500268,أمل العيسى,1145834287,0503932478,SA4851297700901231572342,user0269@bank-mail.example.com,مكة - العزيزية,استثماري,5958.35,2024-07-16,يحوّل العميل راتبه شهرياً من حساب آخر برقم آيبان SA8048744728335665835949
CUS-500269,جواهر الشهراني,1739000592,0554809782,SA8073608400780566898010,user0270@bank-mail.example.com,جدة - الروضة,استثماري,4262.95,2023-11-09,حساب نشط ولا توجد ملاحظات على السجل
CUS-500270,حصة الزامل,1480697521,0561334357,SA0669387105956483511310,user0271@bank-mail.example.com,الدمام - الشاطئ,توفير,6665.15,2016-02-04,تم تحديث عنوان السكن الوطني
CUS-500271,هاني الخثعمي,1095555783,0558391688,SA7205252873416715184898,user0272@bank-mail.example.com,جدة - الروضة,توفير,26874.43,2024-03-22,العميل يفضّل التواصل عبر البريد الإلكتروني
CUS-500272,فيصل البيشي,1365919271,0501101220,SA2652245519382910603916,user0273@bank-mail.example.com,الدمام - الشاطئ,جاري,26587.07,2016-06-22,العميل يفضّل التواصل عبر البريد الإلكتروني
CUS-500273,جواهر التميمي,1131905315,0541443850,SA5127354222633374359771,user0274@bank-mail.example.com,الرياض - الملز,جاري,12081.42,2019-10-20,رقم العملية 1026303881 لتحديث بيانات الحساب
CUS-500274,فاطمة باوزير,1631549332,0535116507,SA0798140756886325104079,user0275@bank-mail.example.com,مكة - العزيزية,توفير,8417.87,2021-02-04,حساب نشط ولا توجد ملاحظات على السجل
CUS-500275,سلمان الخثعمي,2650231463,0565894336,SA1703076782879562210108,user0276@bank-mail.example.com,الرياض - الملز,جاري,15333.79,2023-12-06,حساب نشط ولا توجد ملاحظات على السجل
CUS-500276,عبدالعزيز الخثعمي,1749120679,0545863676,SA7651245907780055606353,user0277@bank-mail.example.com,مكة - العزيزية,توفير,7871.12,2025-02-26,رقم العملية 1437001363 لتحديث بيانات الحساب
CUS-500277,خلود التميمي,1765475338,0530039255,SA5926824884280911012745,user0278@bank-mail.example.com,أبها - المنسك,جاري,16680.75,2019-02-15,يحوّل العميل راتبه شهرياً من حساب آخر برقم آيبان SA2984891112303776508873
CUS-500278,سامي الهاجري,2525713323,0553907452,SA3956722047641514159013,user0279@bank-mail.example.com,جدة - الروضة,استثماري,141854.57,2022-10-09,تم تحديث عنوان السكن الوطني
CUS-500279,أسماء العجمي,2861523633,0536707261,SA9666569461111686295659,user0280@bank-mail.example.com,الدمام - الشاطئ,توفير,60276.80,2025-03-02,تم تحديث عنوان السكن الوطني
CUS-500280,فيصل الزامل,1279517815,0536134241,SA5967848422364588322452,user0281@bank-mail.example.com,جدة - الروضة,توفير,5113.80,2015-01-17,العميل يفضّل التواصل عبر البريد الإلكتروني
CUS-500281,سامي الشهراني,1635118936,0504280025,SA3850671274501519789127,user0282@bank-mail.example.com,الدمام - الشاطئ,جاري,29702.30,2016-03-23,فُعّلت الخدمات المصرفية عبر الإنترنت بنجاح
CUS-500282,حمد التميمي,1988895247,0537669064,SA4579619825865791076167,user0283@bank-mail.example.com,أبها - المنسك,جاري,190234.60,2023-07-14,طلب العميل رفع حد البطاقة الائتمانية
CUS-500283,جواهر باوزير,1393072473,0530281817,SA7023070230838375192120,user0284@bank-mail.example.com,الرياض - الملز,جاري,11223.01,2024-05-11,رقم جوال بديل للتواصل عند الطوارئ 0568218914
CUS-500284,جواهر الخثعمي,1140370600,0595963585,SA9595426543865722458070,user0285@bank-mail.example.com,الدمام - الشاطئ,استثماري,22699.62,2024-08-21,رقم العملية 1254768854 لتحديث بيانات الحساب
CUS-500285,أمل الصقير,1645266360,0536536546,SA3590191742156485785411,user0286@bank-mail.example.com,جدة - الروضة,استثماري,4483.61,2017-01-25,تم تحديث عنوان السكن الوطني
CUS-500286,ليان العجمي,1465100921,0593128436,SA3934766939578338725595,user0287@bank-mail.example.com,الرياض - الملز,جاري,19554.00,2023-03-11,يحوّل العميل راتبه شهرياً من حساب آخر برقم آيبان SA1474005100068474114724
CUS-500287,تركي البيشي,1600859498,0567982121,SA1120519355457408985127,user0288@bank-mail.example.com,مكة - العزيزية,توفير,10114.89,2017-03-24,رقم العملية 1206406363 لتحديث بيانات الحساب
CUS-500288,عبير الشهراني,2838138739,0506081695,SA6340606255145183298772,user0289@bank-mail.example.com,مكة - العزيزية,استثماري,12891.30,2023-03-02,حساب نشط ولا توجد ملاحظات على السجل
CUS-500289,هالة باوزير,2739639447,0534780884,SA1321873454093834356515,user0290@bank-mail.example.com,مكة - العزيزية,جاري,7052.53,2015-12-25,رقم جوال بديل للتواصل عند الطوارئ 0565871787
CUS-500290,سامي البيشي,2104746173,0593166957,SA2268434787450907362991,user0291@bank-mail.example.com,الرياض - الملز,توفير,17894.65,2019-06-15,طلب العميل رفع حد البطاقة الائتمانية
CUS-500291,عبدالعزيز الكثيري,1092760477,0534226884,SA7352368234077459393481,user0292@bank-mail.example.com,الرياض - الملز,توفير,47269.86,2021-03-15,رقم العملية 1815090814 لتحديث بيانات الحساب
CUS-500292,نورة الخثعمي,2058064896,0569556810,SA1896708015023296311932,user0293@bank-mail.example.com,الدمام - الشاطئ,جاري,9010.59,2023-12-23,فُعّلت الخدمات المصرفية عبر الإنترنت بنجاح
CUS-500293,مشاعل العجمي,1461249854,0534228029,SA7464984716327756063902,user0294@bank-mail.example.com,مكة - العزيزية,استثماري,9074.97,2023-01-30,حساب نشط ولا توجد ملاحظات على السجل
CUS-500294,أسامة العجمي,1004845556,0534543537,SA0745986320443290871826,user0295@bank-mail.example.com,مكة - العزيزية,استثماري,102999.43,2019-06-20,رقم جوال بديل للتواصل عند الطوارئ 0505987727
CUS-500295,أسامة المري,1606514238,0503958939,SA8363276446790356870644,user0296@bank-mail.example.com,الرياض - الملز,توفير,6399.64,2015-01-09,العميل يفضّل التواصل عبر البريد الإلكتروني
CUS-500296,أمل العيسى,1984128353,0533136998,SA9589860457998869037959,user0297@bank-mail.example.com,الرياض - الملز,توفير,6586.15,2023-09-27,فُعّلت الخدمات المصرفية عبر الإنترنت بنجاح
CUS-500297,أمل العجمي,2728882107,0532795658,SA7292923415894380232978,user0298@bank-mail.example.com,الدمام - الشاطئ,جاري,23677.67,2016-02-25,فُعّلت الخدمات المصرفية عبر الإنترنت بنجاح
CUS-500298,عبير الأنصاري,1237710767,0598133212,SA9487207871676180971410,user0299@bank-mail.example.com,الرياض - الملز,استثماري,82021.35,2018-12-07,العميل يفضّل التواصل عبر البريد الإلكتروني
CUS-500299,فيصل الشهراني,1101202115,0531616016,SA5440552566968407697790,user0300@bank-mail.example.com,الدمام - الشاطئ,استثماري,30820.49,2017-07-29,طلب العميل رفع حد البطاقة الائتمانية
CUS-500300,هاني الجبرين,1854090386,0598383452,SA9126475066381684193883,user0301@bank-mail.example.com,أبها - المنسك,توفير,35854.47,2015-01-30,تم تحديث عنوان السكن الوطني
CUS-500301,ناصر الجبرين,2620566469,0595792292,SA2542586488980281764608,user0302@bank-mail.example.com,مكة - العزيزية,جاري,17290.91,2019-05-13,رقم العملية 1592468589 لتحديث بيانات الحساب
CUS-500302,ابتسام باوزير,1787335312,0548788206,SA0776747539644683508144,user0303@bank-mail.example.com,جدة - الروضة,استثماري,7420.56,2017-09-28,حساب نشط ولا توجد ملاحظات على السجل
CUS-500303,هالة التميمي,1023506775,0503854599,SA5469108675468766889900,user0304@bank-mail.example.com,أبها - المنسك,جاري,8040.57,2015-09-07,رقم جوال بديل للتواصل عند الطوارئ 0561829118
CUS-500304,أمل المري,1914644057,0563061047,SA6758024759027145570749,user0305@bank-mail.example.com,الدمام - الشاطئ,استثماري,2800.54,2020-04-06,يحوّل العميل راتبه شهرياً من حساب آخر برقم آيبان SA5874090172511388426477
CUS-500305,نورة الكثيري,2036121859,0540405937,SA7667228709236938635275,user0306@bank-mail.example.com,الرياض - الملز,جاري,72071.80,2024-10-22,العميل يفضّل التواصل عبر البريد الإلكتروني
CUS-500306,عبدالعزيز الكثيري,2184375901,0538795100,SA9538062126858531539524,user0307@bank-mail.example.com,أبها - المنسك,توفير,4829.43,2017-12-30,يحوّل العميل راتبه شهرياً من حساب آخر برقم آيبان SA6790087145960440699833
CUS-500307,فاطمة الجبرين,1186150767,0546832591,SA0589782214226652071050,user0308@bank-mail.example.com,الرياض - الملز,جاري,6982.24,2015-10-16,تم تحديث عنوان السكن الوطني
CUS-500308,سلمى البيشي,1929866984,0531487929,SA1163537916983144380539,user0309@bank-mail.example.com,أبها - المنسك,توفير,41873.50,2022-10-26,حساب نشط ولا توجد ملاحظات على السجل
CUS-500309,ناصر التميمي,1016763243,0548377483,SA3200684342715335702905,user0310@bank-mail.example.com,الدمام - الشاطئ,توفير,16245.43,2019-06-15,حساب نشط ولا توجد ملاحظات على السجل
CUS-500310,حمد المري,2812126213,0501418476,SA6908708501883965536109,user0311@bank-mail.example.com,مكة - العزيزية,جاري,1529.84,2016-09-23,تم تحديث عنوان السكن الوطني
CUS-500311,إبراهيم المري,1695490241,0537066277,SA6571830172740970434905,user0312@bank-mail.example.com,مكة - العزيزية,استثماري,142644.88,2018-02-25,طلب العميل رفع حد البطاقة الائتمانية
CUS-500312,تركي النعيمي,1436336281,0502301614,SA6687229781634704201351,user0313@bank-mail.example.com,الدمام - الشاطئ,توفير,11993.47,2016-08-05,حساب نشط ولا توجد ملاحظات على السجل
CUS-500313,قصي الجبرين,1131179564,0596642910,SA7508993034767266462449,user0314@bank-mail.example.com,الرياض - الملز,استثماري,2105.39,2025-12-04,حساب نشط ولا توجد ملاحظات على السجل
CUS-500314,ابتسام البيشي,1342435664,0556355141,SA5552572029473712556746,user0315@bank-mail.example.com,مكة - العزيزية,توفير,2985.55,2023-03-25,فُعّلت الخدمات المصرفية عبر الإنترنت بنجاح
CUS-500315,عبدالعزيز الشهراني,1768304139,0536842608,SA5254919212810127091740,user0316@bank-mail.example.com,الرياض - الملز,استثماري,50301.72,2015-05-03,رقم العملية 1862330204 لتحديث بيانات الحساب
CUS-500316,نورة الهاجري,1715601611,0503826305,SA2418282331367865263843,user0317@bank-mail.example.com,الدمام - الشاطئ,توفير,980.72,2019-06-25,طلب العميل رفع حد البطاقة الائتمانية
CUS-500317,حصة العجمي,2300068497,0562787260,SA0284628169100748722427,user0318@bank-mail.example.com,مكة - العزيزية,توفير,22375.41,2017-06-23,رقم العملية 1840131922 لتحديث بيانات الحساب
CUS-500318,أسامة الكثيري,1130696584,0500840026,SA3131375512513886027484,user0319@bank-mail.example.com,الدمام - الشاطئ,استثماري,23619.82,2024-06-30,حساب نشط ولا توجد ملاحظات على السجل
CUS-500319,عبير الشهراني,1891712976,0557148311,SA5729035629970082274741,user0320@bank-mail.example.com,جدة - الروضة,توفير,89446.74,2015-04-17,رقم العملية 1806578207 لتحديث بيانات الحساب
CUS-500320,ليان السديري,1563403664,0536777727,SA6661207674936391900186,user0321@bank-mail.example.com,الدمام - الشاطئ,استثماري,9848.48,2025-09-24,رقم العملية 1093090627 لتحديث بيانات الحساب
CUS-500321,معاذ التميمي,1986227336,0563714180,SA3201151235423997955065,user0322@bank-mail.example.com,الرياض - الملز,جاري,6296.81,2022-09-17,يحوّل العميل راتبه شهرياً من حساب آخر برقم آيبان SA8802708223457107463206
CUS-500322,جواهر الصقير,1362426601,0535741035,SA8067335400515646931841,user0323@bank-mail.example.com,أبها - المنسك,استثماري,19088.95,2023-12-03,فُعّلت الخدمات المصرفية عبر الإنترنت بنجاح
CUS-500323,أسماء باوزير,1554819662,0598539314,SA7055132512729786716921,user0324@bank-mail.example.com,جدة - الروضة,توفير,5044.34,2022-01-23,فُعّلت الخدمات المصرفية عبر الإنترنت بنجاح
CUS-500324,يوسف باوزير,1589857869,0540529036,SA1666325457701390994805,user0325@bank-mail.example.com,مكة - العزيزية,جاري,10355.68,2015-11-18,طلب العميل رفع حد البطاقة الائتمانية
CUS-500325,سلمان البيشي,1792911453,0532732436,SA7549769055305065788501,user0326@bank-mail.example.com,الدمام - الشاطئ,استثماري,8507.69,2023-03-03,فُعّلت الخدمات المصرفية عبر الإنترنت بنجاح
CUS-500326,ناصر الزامل,1088580608,0505486438,SA1476319824641275451202,user0327@bank-mail.example.com,الدمام - الشاطئ,توفير,8133.32,2017-02-25,رقم جوال بديل للتواصل عند الطوارئ 0591185181
CUS-500327,قصي النعيمي,1414462182,0568680200,SA5774939776810474062653,user0328@bank-mail.example.com,أبها - المنسك,استثماري,22431.09,2020-10-31,رقم جوال بديل للتواصل عند الطوارئ 0592777572
CUS-500328,هالة البيشي,1785355882,0534673747,SA4319982452992677569655,user0329@bank-mail.example.com,الدمام - الشاطئ,توفير,355888.39,2019-06-19,تم تحديث عنوان السكن الوطني
CUS-500329,يوسف العيسى,2924672187,0553644653,SA4022752128031220557585,user0330@bank-mail.example.com,أبها - المنسك,توفير,557.48,2018-04-12,تم تحديث عنوان السكن الوطني
CUS-500330,ناصر الخثعمي,1043795788,0599357136,SA2604652335214173773094,user0331@bank-mail.example.com,مكة - العزيزية,توفير,41235.28,2020-04-05,طلب العميل رفع حد البطاقة الائتمانية
CUS-500331,ليان الهاجري,2153915034,0593680828,SA0235200461857220027386,user0332@bank-mail.example.com,جدة - الروضة,جاري,10740.82,2016-12-22,طلب العميل رفع حد البطاقة الائتمانية
CUS-500332,خلود الشهراني,1308143492,0599070293,SA7432999358159116635423,user0333@bank-mail.example.com,مكة - العزيزية,جاري,5206.43,2025-06-16,يحوّل العميل راتبه شهرياً من حساب آخر برقم آيبان SA5195087101743009076520
CUS-500333,فيصل المري,1412328625,0545931352,SA1952829369464172303834,user0334@bank-mail.example.com,الرياض - الملز,جاري,28025.54,2018-07-08,حساب نشط ولا توجد ملاحظات على السجل
CUS-500334,قصي الجبرين,1170718769,0559801305,SA3315729233784733011430,user0335@bank-mail.example.com,جدة - الروضة,توفير,4972.01,2024-07-20,رقم العملية 1980873531 لتحديث بيانات الحساب
CUS-500335,يوسف الهاجري,2777312105,0542780907,SA1621956454514105617279,user0336@bank-mail.example.com,الرياض - الملز,استثماري,44088.80,2019-10-08,رقم العملية 1078909759 لتحديث بيانات الحساب
CUS-500336,نواف التميمي,1650405465,0545369421,SA4853018014335817095731,user0337@bank-mail.example.com,أبها - المنسك,جاري,23861.43,2015-07-04,تم تحديث عنوان السكن الوطني
CUS-500337,سلمان الخثعمي,2742862358,0534337552,SA4249178483624262237253,user0338@bank-mail.example.com,مكة - العزيزية,جاري,6258.61,2017-02-18,يحوّل العميل راتبه شهرياً من حساب آخر برقم آيبان SA1965942371024935281763
CUS-500338,أسامة الصقير,1707569479,0537156755,SA3652927641272047305897,user0339@bank-mail.example.com,الرياض - الملز,توفير,10205.62,2022-06-01,يحوّل العميل راتبه شهرياً من حساب آخر برقم آيبان SA3364601774919607366480
CUS-500339,ناصر السديري,2130874429,0560704444,SA2055793672133107503624,user0340@bank-mail.example.com,الرياض - الملز,توفير,58334.69,2022-10-03,العميل يفضّل التواصل عبر البريد الإلكتروني
CUS-500340,مشاعل باوزير,1380821098,0569398363,SA9376130718676358549588,user0341@bank-mail.example.com,الرياض - الملز,استثماري,6842.97,2019-04-03,رقم جوال بديل للتواصل عند الطوارئ 0534363172
CUS-500341,معاذ النعيمي,1078814249,0509669961,SA8111520637309806218685,user0342@bank-mail.example.com,الرياض - الملز,استثماري,61899.16,2023-05-07,يحوّل العميل راتبه شهرياً من حساب آخر برقم آيبان SA4373526133057617937757
CUS-500342,حصة الجبرين,1133616738,0509658156,SA6807366382116617804781,user0343@bank-mail.example.com,الدمام - الشاطئ,توفير,53535.73,2020-07-21,حساب نشط ولا توجد ملاحظات على السجل
CUS-500343,فاطمة الهاجري,1371415538,0504503501,SA6080877543205687318401,user0344@bank-mail.example.com,جدة - الروضة,جاري,2473.07,2015-04-28,رقم جوال بديل للتواصل عند الطوارئ 0530180263
CUS-500344,فاطمة الكثيري,1467105639,0560278986,SA5718340597985682883981,user0345@bank-mail.example.com,مكة - العزيزية,توفير,7173.44,2017-04-22,فُعّلت الخدمات المصرفية عبر الإنترنت بنجاح
CUS-500345,ناصر الزامل,1355474709,0561294879,SA9132167927755980240354,user0346@bank-mail.example.com,جدة - الروضة,جاري,18291.73,2018-06-08,فُعّلت الخدمات المصرفية عبر الإنترنت بنجاح
CUS-500346,أمل الشهراني,1831697626,0590062779,SA9656884991884914972179,user0347@bank-mail.example.com,أبها - المنسك,توفير,74745.18,2019-03-30,يحوّل العميل راتبه شهرياً من حساب آخر برقم آيبان SA6356241606006336049662
CUS-500347,دلال النعيمي,1357126257,0537731878,SA3303518193546896256992,user0348@bank-mail.example.com,الدمام - الشاطئ,جاري,5613.52,2015-09-01,فُعّلت الخدمات المصرفية عبر الإنترنت بنجاح
CUS-500348,نواف الخثعمي,1102330204,0565645268,SA7759183408174672806476,user0349@bank-mail.example.com,جدة - الروضة,استثماري,44787.16,2018-08-01,رقم جوال بديل للتواصل عند الطوارئ 0509522112
CUS-500349,تركي الزامل,1249512227,0591620414,SA2971491291212473774698,user0350@bank-mail.example.com,الدمام - الشاطئ,جاري,3335.23,2021-01-21,حساب نشط ولا توجد ملاحظات على السجل
CUS-500350,دلال الأنصاري,2220416974,0532417288,SA6267790179380747946913,user0351@bank-mail.example.com,جدة - الروضة,جاري,11651.33,2023-03-12,طلب العميل رفع حد البطاقة الائتمانية
CUS-500351,جاسم الزامل,2675992024,0547715790,SA9186412177929600585885,user0352@bank-mail.example.com,الرياض - الملز,استثماري,1879.40,2018-08-29,فُعّلت الخدمات المصرفية عبر الإنترنت بنجاح
CUS-500352,منى العجمي,2173389616,0591672923,SA2810115217867461937705,user0353@bank-mail.example.com,الرياض - الملز,توفير,1312.90,2024-12-27,حساب نشط ولا توجد ملاحظات على السجل
CUS-500353,عبدالرحمن الهاجري,1570953321,0563169360,SA5164314851055876389283,user0354@bank-mail.example.com,جدة - الروضة,استثماري,25226.03,2020-07-09,طلب العميل رفع حد البطاقة الائتمانية
CUS-500354,خلود البيشي,2988342404,0538452472,SA1596096015464498956077,user0355@bank-mail.example.com,جدة - الروضة,استثماري,3984.75,2024-08-23,طلب العميل رفع حد البطاقة الائتمانية
CUS-500355,جواهر الزامل,1687661114,0559006053,SA3562446776359331481566,user0356@bank-mail.example.com,جدة - الروضة,توفير,4025.00,2023-05-02,رقم العملية 1308786282 لتحديث بيانات الحساب
CUS-500356,خلود الخثعمي,1498704012,0503065014,SA6306810126403510684502,user0357@bank-mail.example.com,الرياض - الملز,توفير,50486.19,2022-06-15,حساب نشط ولا توجد ملاحظات على السجل
CUS-500357,عبير العيسى,1033357078,0567747355,SA2405331872803301655480,user0358@bank-mail.example.com,الرياض - الملز,جاري,34035.17,2020-04-07,رقم جوال بديل للتواصل عند الطوارئ 0564415971
CUS-500358,ليان العيسى,1462722800,0568745194,SA7219786218231503611107,user0359@bank-mail.example.com,الدمام - الشاطئ,جاري,9953.34,2025-03-30,تم تحديث عنوان السكن الوطني
CUS-500359,ناصر الزامل,2969139985,0594509210,SA3758102139240971246613,user0360@bank-mail.example.com,أبها - المنسك,استثماري,28550.70,2019-12-16,يحوّل العميل راتبه شهرياً من حساب آخر برقم آيبان SA2732828777175247336760
CUS-500360,نورة الهاجري,1740784630,0566642208,SA8259351549070818160288,user0361@bank-mail.example.com,أبها - المنسك,استثماري,5125.34,2015-05-31,رقم العملية 1262542820 لتحديث بيانات الحساب
CUS-500361,أمل المري,2498964499,0590254595,SA8539811367935184818868,user0362@bank-mail.example.com,الرياض - الملز,جاري,20256.23,2016-09-07,فُعّلت الخدمات المصرفية عبر الإنترنت بنجاح
CUS-500362,عبدالرحمن باوزير,2526070764,0560966188,SA8990588614829791193004,user0363@bank-mail.example.com,الدمام - الشاطئ,توفير,12397.43,2021-07-14,طلب العميل رفع حد البطاقة الائتمانية
CUS-500363,ليان التميمي,1914888753,0552264583,SA6363472876006896968578,user0364@bank-mail.example.com,أبها - المنسك,استثماري,4885.85,2016-09-17,العميل يفضّل التواصل عبر البريد الإلكتروني
CUS-500364,حمد السديري,2795313333,0554685014,SA1368073476839428364197,user0365@bank-mail.example.com,جدة - الروضة,جاري,74898.22,2015-06-30,تم تحديث عنوان السكن الوطني
CUS-500365,حصة باوزير,1209688967,0548770145,SA4634540272905746965493,user0366@bank-mail.example.com,جدة - الروضة,جاري,1988.31,2024-10-19,حساب نشط ولا توجد ملاحظات على السجل
CUS-500366,تركي الجبرين,1583944747,0557207769,SA5794871821470300946867,user0367@bank-mail.example.com,الدمام - الشاطئ,استثماري,44101.66,2019-08-20,طلب العميل رفع حد البطاقة الائتمانية
CUS-500367,حصة البيشي,1282436805,0555439443,SA5350356549760153534084,user0368@bank-mail.example.com,أبها - المنسك,جاري,18500.25,2017-09-08,فُعّلت الخدمات المصرفية عبر الإنترنت بنجاح
CUS-500368,دلال المري,1227093372,0563692625,SA9207244953635181282461,user0369@bank-mail.example.com,الدمام - الشاطئ,استثماري,14107.41,2021-11-10,رقم العملية 1794503282 لتحديث بيانات الحساب
CUS-500369,إبراهيم النعيمي,1759066432,0599898774,SA1068105020225544305191,user0370@bank-mail.example.com,أبها - المنسك,استثماري,2713.71,2018-12-17,العميل يفضّل التواصل عبر البريد الإلكتروني
CUS-500370,سامي باوزير,2535836205,0595002116,SA7880792730199683582427,user0371@bank-mail.example.com,مكة - العزيزية,استثماري,1992.85,2015-11-04,رقم العملية 1460476847 لتحديث بيانات الحساب
CUS-500371,مشاعل النعيمي,2520182060,0558351078,SA4460082301625004291413,user0372@bank-mail.example.com,مكة - العزيزية,توفير,4285.55,2022-01-07,طلب العميل رفع حد البطاقة الائتمانية
CUS-500372,عبير باوزير,2555102769,0596004573,SA8088235712615851149748,user0373@bank-mail.example.com,الرياض - الملز,استثماري,125874.53,2020-07-22,طلب العميل رفع حد البطاقة الائتمانية
CUS-500373,عبدالعزيز العيسى,1198054122,0546412005,SA1480526850433960928455,user0374@bank-mail.example.com,الدمام - الشاطئ,توفير,26971.70,2021-08-29,يحوّل العميل راتبه شهرياً من حساب آخر برقم آيبان SA1975463650245152050293
CUS-500374,إبراهيم الكثيري,1262721911,0539766440,SA1541759920673757181633,user0375@bank-mail.example.com,أبها - المنسك,توفير,5165.90,2024-06-28,تم تحديث عنوان السكن الوطني
CUS-500375,سلمى الزامل,2653831202,0558912747,SA1717109738810406609082,user0376@bank-mail.example.com,جدة - الروضة,استثماري,4861.90,2024-11-18,رقم جوال بديل للتواصل عند الطوارئ 0530846750
CUS-500376,مشاعل الكثيري,1943619781,0505612952,SA5240176404073956825268,user0377@bank-mail.example.com,أبها - المنسك,توفير,14408.39,2022-12-23,فُعّلت الخدمات المصرفية عبر الإنترنت بنجاح
CUS-500377,عبدالرحمن باوزير,1754072864,0552528455,SA9598898057915656642044,user0378@bank-mail.example.com,الدمام - الشاطئ,استثماري,13604.73,2025-06-06,فُعّلت الخدمات المصرفية عبر الإنترنت بنجاح
CUS-500378,أسامة البيشي,1944101474,0549330553,SA5474043508990701207968,user0379@bank-mail.example.com,الرياض - الملز,جاري,18946.74,2019-03-04,رقم العملية 1173426667 لتحديث بيانات الحساب
CUS-500379,جواهر العيسى,1470343490,0557311928,SA2257324558171950029116,user0380@bank-mail.example.com,الرياض - الملز,جاري,55347.98,2016-03-16,تم تحديث عنوان السكن الوطني
CUS-500380,ناصر العيسى,1364415826,0530607823,SA8775348533952131814563,user0381@bank-mail.example.com,الدمام - الشاطئ,استثماري,83195.22,2022-04-22,رقم جوال بديل للتواصل عند الطوارئ 0505410207
CUS-500381,فاطمة البيشي,1083938249,0543025305,SA1718566657789832430370,user0382@bank-mail.example.com,الدمام - الشاطئ,استثماري,30732.21,2024-09-03,طلب العميل رفع حد البطاقة الائتمانية
CUS-500382,فاطمة التميمي,1488652130,0556813054,SA3264671413144568067943,user0383@bank-mail.example.com,الدمام - الشاطئ,استثماري,24408.52,2020-08-20,رقم جوال بديل للتواصل عند الطوارئ 0569860393
CUS-500383,عبدالعزيز الجبرين,2539533980,0501809453,SA5907958150901531045795,user0384@bank-mail.example.com,الرياض - الملز,جاري,1212.46,2024-02-05,فُعّلت الخدمات المصرفية عبر الإنترنت بنجاح
CUS-500384,يوسف الجبرين,2917107134,0533905796,SA0429177554693055201528,user0385@bank-mail.example.com,الدمام - الشاطئ,استثماري,28841.36,2023-10-18,تم تحديث عنوان السكن الوطني
CUS-500385,قصي الصقير,1730137104,0564251622,SA6324927393931289331909,user0386@bank-mail.example.com,جدة - الروضة,توفير,15150.18,2018-07-19,رقم جوال بديل للتواصل عند الطوارئ 0553473793
CUS-500386,فيصل الشهراني,1907920803,0502043348,SA4610071849516923985888,user0387@bank-mail.example.com,أبها - المنسك,توفير,24689.47,2018-11-22,العميل يفضّل التواصل عبر البريد الإلكتروني
CUS-500387,جاسم النعيمي,1156151308,0596476107,SA0288851862008323391871,user0388@bank-mail.example.com,أبها - المنسك,استثماري,58518.97,2018-02-05,تم تحديث عنوان السكن الوطني
CUS-500388,سلمان البيشي,1757890346,0565198678,SA0752897401934145933166,user0389@bank-mail.example.com,جدة - الروضة,توفير,119735.24,2024-11-30,تم تحديث عنوان السكن الوطني
CUS-500389,سلمان النعيمي,2244985913,0555978006,SA8716638936259050054599,user0390@bank-mail.example.com,جدة - الروضة,استثماري,5701.03,2022-10-20,يحوّل العميل راتبه شهرياً من حساب آخر برقم آيبان SA6910815436064628739315
CUS-500390,إبراهيم الهاجري,1272839646,0539416604,SA1385461779575125876366,user0391@bank-mail.example.com,أبها - المنسك,جاري,21915.84,2025-02-02,رقم جوال بديل للتواصل عند الطوارئ 0557912728
CUS-500391,دلال البيشي,1817109125,0595582211,SA7572131844420930884249,user0392@bank-mail.example.com,أبها - المنسك,توفير,1964.92,2017-11-13,العميل يفضّل التواصل عبر البريد الإلكتروني
CUS-500392,عبدالعزيز الخثعمي,1682881527,0549642376,SA3000592464792577382884,user0393@bank-mail.example.com,الدمام - الشاطئ,جاري,22735.34,2023-08-30,رقم العملية 1949672511 لتحديث بيانات الحساب
CUS-500393,عبير النعيمي,1569716788,0567271795,SA5731833314222600331033,user0394@bank-mail.example.com,الدمام - الشاطئ,جاري,45775.98,2021-10-07,العميل يفضّل التواصل عبر البريد الإلكتروني
CUS-500394,ابتسام الأنصاري,2560995173,0533153988,SA8830273687762869108858,user0395@bank-mail.example.com,الدمام - الشاطئ,توفير,15466.63,2023-04-21,حساب نشط ولا توجد ملاحظات على السجل
CUS-500395,روان الأنصاري,1286025869,0537602432,SA3172777935557180103623,user0396@bank-mail.example.com,مكة - العزيزية,استثماري,8542.81,2025-10-18,يحوّل العميل راتبه شهرياً من حساب آخر برقم آيبان SA1300357631869476105970
CUS-500396,يوسف التميمي,1440354221,0590757979,SA6666634341147010046545,user0397@bank-mail.example.com,مكة - العزيزية,جاري,34086.25,2024-11-01,فُعّلت الخدمات المصرفية عبر الإنترنت بنجاح
CUS-500397,دلال الجبرين,1578191122,0563331732,SA3506724253059011251116,user0398@bank-mail.example.com,الدمام - الشاطئ,استثماري,1133.19,2024-04-23,رقم جوال بديل للتواصل عند الطوارئ 0549024234
CUS-500398,هالة المري,1905746184,0564464957,SA7322060274716909327284,user0399@bank-mail.example.com,أبها - المنسك,استثماري,4904.24,2018-04-14,يحوّل العميل راتبه شهرياً من حساب آخر برقم آيبان SA5973363377446973763296
CUS-500399,فيصل العيسى,1083041788,0542379976,SA9616232756092614304569,user0400@bank-mail.example.com,أبها - المنسك,جاري,48552.75,2015-12-01,رقم العملية 1368908826 لتحديث بيانات الحساب
CUS-500400,دلال الكثيري,1688583531,0594511290,SA6981233333004379739246,user0401@bank-mail.example.com,الدمام - الشاطئ,استثماري,190544.83,2020-06-23,رقم العملية 1195864622 لتحديث بيانات الحساب
CUS-500401,سلمى البيشي,1221469610,0505560071,SA6677510761353062490151,user0402@bank-mail.example.com,الرياض - الملز,توفير,5285.11,2016-08-27,حساب نشط ولا توجد ملاحظات على السجل
CUS-500402,جواهر الهاجري,1538143841,0546393321,SA9188729034134631504293,user0403@bank-mail.example.com,مكة - العزيزية,جاري,20157.17,2015-08-17,تم تحديث عنوان السكن الوطني
CUS-500403,فاطمة السديري,1648368841,0541324694,SA1162734992010884458277,user0404@bank-mail.example.com,الرياض - الملز,جاري,295311.48,2023-07-09,فُعّلت الخدمات المصرفية عبر الإنترنت بنجاح
CUS-500404,ناصر السديري,1796051819,0546156513,SA6923090482673307552356,user0405@bank-mail.example.com,الرياض - الملز,استثماري,17998.89,2023-11-23,طلب العميل رفع حد البطاقة الائتمانية
CUS-500405,ابتسام الكثيري,1666630106,0565314309,SA1666875795308550727166,user0406@bank-mail.example.com,الرياض - الملز,توفير,21032.90,2015-10-23,العميل يفضّل التواصل عبر البريد الإلكتروني
CUS-500406,أسامة الصقير,1832823106,0532871664,SA7198979763049845382656,user0407@bank-mail.example.com,الرياض - الملز,توفير,85100.26,2023-08-17,تم تحديث عنوان السكن الوطني
CUS-500407,حمد الهاجري,1835527480,0563824137,SA6504510116830803068219,user0408@bank-mail.example.com,جدة - الروضة,توفير,19235.57,2016-07-12,العميل يفضّل التواصل عبر البريد الإلكتروني
CUS-500408,معاذ باوزير,1272878354,0543645122,SA6227522362154593990639,user0409@bank-mail.example.com,الدمام - الشاطئ,جاري,7814.68,2017-04-22,فُعّلت الخدمات المصرفية عبر الإنترنت بنجاح
CUS-500409,فيصل البيشي,1055996670,0507711237,SA1750393419862962547915,user0410@bank-mail.example.com,الدمام - الشاطئ,استثماري,31313.10,2023-08-12,رقم جوال بديل للتواصل عند الطوارئ 0540647683
CUS-500410,أسامة البيشي,1404386193,0542293985,SA1122475209288535391751,user0411@bank-mail.example.com,أبها - المنسك,استثماري,10018.67,2021-04-14,العميل يفضّل التواصل عبر البريد الإلكتروني
CUS-500411,ناصر الهاجري,1751629922,0500753765,SA9075296330027548329598,user0412@bank-mail.example.com,أبها - المنسك,توفير,6073.64,2015-06-30,طلب العميل رفع حد البطاقة الائتمانية
CUS-500412,يوسف الشهراني,1572104766,0536880068,SA2711087639243551916986,user0413@bank-mail.example.com,مكة - العزيزية,استثماري,25037.61,2020-07-14,رقم العملية 1745295293 لتحديث بيانات الحساب
CUS-500413,جواهر الجبرين,1578826511,0540132644,SA4332152490725850936506,user0414@bank-mail.example.com,أبها - المنسك,استثماري,3394.30,2017-01-12,رقم جوال بديل للتواصل عند الطوارئ 0550407875
CUS-500414,تركي الصقير,1601873894,0501834356,SA3016500899408003616280,user0415@bank-mail.example.com,أبها - المنسك,استثماري,24677.31,2016-08-16,رقم العملية 1920975909 لتحديث بيانات الحساب
CUS-500415,جواهر الكثيري,1555481231,0540055951,SA9442071445389531299769,user0416@bank-mail.example.com,الرياض - الملز,توفير,41314.79,2017-06-07,رقم جوال بديل للتواصل عند الطوارئ 0507911790
CUS-500416,سلمان المري,2332023973,0504342164,SA5522452394114004680999,user0417@bank-mail.example.com,الدمام - الشاطئ,توفير,77188.73,2019-11-17,رقم العملية 1063388118 لتحديث بيانات الحساب
CUS-500417,عبير السديري,1957270596,0502370427,SA0810042404723399870088,user0418@bank-mail.example.com,أبها - المنسك,استثماري,38404.59,2024-09-14,فُعّلت الخدمات المصرفية عبر الإنترنت بنجاح
CUS-500418,عبير المري,2479070977,0559286275,SA7351546241249482504065,user0419@bank-mail.example.com,أبها - المنسك,جاري,480355.51,2022-04-24,العميل يفضّل التواصل عبر البريد الإلكتروني
CUS-500419,هالة الشهراني,1352928848,0555531840,SA2868529648904684959483,user0420@bank-mail.example.com,الدمام - الشاطئ,توفير,6374.74,2021-11-30,رقم العملية 1551007089 لتحديث بيانات الحساب
CUS-500420,سامي السديري,1428608598,0537680301,SA5001323314429740071742,user0421@bank-mail.example.com,جدة - الروضة,توفير,279517.10,2021-11-11,طلب العميل رفع حد البطاقة الائتمانية
CUS-500421,ليان الكثيري,1801387109,0531586070,SA2414763341746367357365,user0422@bank-mail.example.com,جدة - الروضة,توفير,1440.75,2024-04-21,فُعّلت الخدمات المصرفية عبر الإنترنت بنجاح
CUS-500422,معاذ النعيمي,1121985798,0557128064,SA5381892961059784335583,user0423@bank-mail.example.com,الدمام - الشاطئ,توفير,6540.74,2017-07-02,حساب نشط ولا توجد ملاحظات على السجل
CUS-500423,جواهر النعيمي,1095973424,0549731790,SA5978295878636351867498,user0424@bank-mail.example.com,الدمام - الشاطئ,جاري,2294.24,2021-05-06,رقم العملية 1331629525 لتحديث بيانات الحساب
CUS-500424,سلمان التميمي,1522748720,0557637548,SA7861830853101331864380,user0425@bank-mail.example.com,الدمام - الشاطئ,توفير,18058.82,2018-05-26,حساب نشط ولا توجد ملاحظات على السجل
CUS-500425,روان الخثعمي,2816256164,0508995812,SA4059926807252301460325,user0426@bank-mail.example.com,الرياض - الملز,توفير,6698.22,2022-03-17,العميل يفضّل التواصل عبر البريد الإلكتروني
CUS-500426,إبراهيم السديري,2787648498,0568740579,SA1624840520720538997549,user0427@bank-mail.example.com,الرياض - الملز,جاري,15886.15,2018-07-14,يحوّل العميل راتبه شهرياً من حساب آخر برقم آيبان SA7951180966511807065690
CUS-500427,منى الكثيري,1414478675,0556855009,SA0459628576907866518733,user0428@bank-mail.example.com,الرياض - الملز,استثماري,8710.28,2023-02-08,فُعّلت الخدمات المصرفية عبر الإنترنت بنجاح
CUS-500428,معاذ الصقير,1885732501,0540580033,SA4954933588233501693372,user0429@bank-mail.example.com,الدمام - الشاطئ,توفير,5285.80,2016-03-16,حساب نشط ولا توجد ملاحظات على السجل
CUS-500429,أمل العجمي,2282594742,0505701320,SA2963779008440517094771,user0430@bank-mail.example.com,مكة - العزيزية,جاري,28658.76,2018-05-05,العميل يفضّل التواصل عبر البريد الإلكتروني
CUS-500430,خلود العيسى,1226850236,0508847103,SA4695968616459569800084,user0431@bank-mail.example.com,جدة - الروضة,جاري,25681.98,2015-09-08,العميل يفضّل التواصل عبر البريد الإلكتروني
CUS-500431,خلود الزامل,1908615899,0541290237,SA9823450477373860306598,user0432@bank-mail.example.com,أبها - المنسك,استثماري,26988.69,2015-12-17,تم تحديث عنوان السكن الوطني
CUS-500432,معاذ الجبرين,1278085434,0538166502,SA6738690589607278365467,user0433@bank-mail.example.com,جدة - الروضة,جاري,5475.60,2016-04-11,العميل يفضّل التواصل عبر البريد الإلكتروني
CUS-500433,عبدالعزيز الأنصاري,1899690653,0591006805,SA3304242564130900375001,user0434@bank-mail.example.com,الرياض - الملز,جاري,35853.90,2018-01-15,رقم جوال بديل للتواصل عند الطوارئ 0596548236
CUS-500434,منى الأنصاري,1101695714,0595964188,SA1988398137184410728442,user0435@bank-mail.example.com,الدمام - الشاطئ,جاري,11150.92,2020-12-10,طلب العميل رفع حد البطاقة الائتمانية
CUS-500435,معاذ الصقير,1771477815,0555440209,SA5124470570156942948333,user0436@bank-mail.example.com,مكة - العزيزية,استثماري,14024.96,2015-10-01,يحوّل العميل راتبه شهرياً من حساب آخر برقم آيبان SA5059318522395842547373
CUS-500436,منى الهاجري,2894393459,0542927380,SA8473403761518109694826,user0437@bank-mail.example.com,الدمام - الشاطئ,جاري,2536.60,2017-08-23,العميل يفضّل التواصل عبر البريد الإلكتروني
CUS-500437,سلمى التميمي,1245863129,0590936694,SA0885398318564207744234,user0438@bank-mail.example.com,أبها - المنسك,جاري,23246.59,2015-11-11,فُعّلت الخدمات المصرفية عبر الإنترنت بنجاح
CUS-500438,سلمى الأنصاري,1918310341,0547441013,SA8420727757053918651000,user0439@bank-mail.example.com,الرياض - الملز,توفير,14802.83,2015-08-19,طلب العميل رفع حد البطاقة الائتمانية
CUS-500439,خلود التميمي,1779578119,0597798023,SA5131486476899915373772,user0440@bank-mail.example.com,الرياض - الملز,جاري,34342.89,2016-06-10,حساب نشط ولا توجد ملاحظات على السجل
CUS-500440,سلمان النعيمي,2075339727,0566562519,SA0480895743989046458524,user0441@bank-mail.example.com,الرياض - الملز,جاري,4061.12,2022-10-20,العميل يفضّل التواصل عبر البريد الإلكتروني
CUS-500441,نواف الخثعمي,1883193920,0596916881,SA7216794186648460431399,user0442@bank-mail.example.com,الدمام - الشاطئ,توفير,25000.83,2020-11-04,العميل يفضّل التواصل عبر البريد الإلكتروني
CUS-500442,جواهر العجمي,1316389681,0548209549,SA3048410599915785119994,user0443@bank-mail.example.com,جدة - الروضة,استثماري,29826.57,2022-03-23,حساب نشط ولا توجد ملاحظات على السجل
CUS-500443,خلود المري,1673277701,0537136714,SA5567270692679022296344,user0444@bank-mail.example.com,الدمام - الشاطئ,استثماري,3008.56,2022-09-12,العميل يفضّل التواصل عبر البريد الإلكتروني
CUS-500444,فيصل التميمي,1439919000,0539351131,SA3748686229020045307987,user0445@bank-mail.example.com,أبها - المنسك,استثماري,25573.26,2021-09-05,رقم جوال بديل للتواصل عند الطوارئ 0555212169
CUS-500445,يوسف الهاجري,2970095234,0592708755,SA7309428761765005264683,user0446@bank-mail.example.com,الرياض - الملز,توفير,4556.42,2015-05-07,رقم جوال بديل للتواصل عند الطوارئ 0505336780
CUS-500446,مشاعل الخثعمي,2785303591,0547284871,SA8994858634809438740087,user0447@bank-mail.example.com,جدة - الروضة,توفير,7841.59,2021-09-07,تم تحديث عنوان السكن الوطني
CUS-500447,دلال النعيمي,1375788807,0502019706,SA5390172993850144512041,user0448@bank-mail.example.com,الدمام - الشاطئ,استثماري,36170.70,2015-09-02,العميل يفضّل التواصل عبر البريد الإلكتروني
CUS-500448,روان البيشي,1918018555,0504497465,SA4711534554634855544609,user0449@bank-mail.example.com,مكة - العزيزية,توفير,13836.30,2023-07-18,يحوّل العميل راتبه شهرياً من حساب آخر برقم آيبان SA9277438286883095039534
CUS-500449,أسماء السديري,2020393316,0508059247,SA0282722442958094205010,user0450@bank-mail.example.com,جدة - الروضة,استثماري,8656.85,2021-10-25,رقم جوال بديل للتواصل عند الطوارئ 0532810445
CUS-500450,سلمى باوزير,1320242983,0558548917,SA8350223085996367651941,user0451@bank-mail.example.com,الرياض - الملز,توفير,8963.54,2021-05-03,رقم العملية 1871766091 لتحديث بيانات الحساب
CUS-500451,حمد الأنصاري,1070210958,0596824459,SA9636296617109104158449,user0452@bank-mail.example.com,الرياض - الملز,جاري,4156.87,2023-08-21,رقم العملية 1372629970 لتحديث بيانات الحساب
CUS-500452,هاني الهاجري,2379497486,0549607708,SA0315236759547593547761,user0453@bank-mail.example.com,جدة - الروضة,توفير,6362.25,2024-08-29,رقم جوال بديل للتواصل عند الطوارئ 0554263763
CUS-500453,أمل الصقير,1457342689,0562332593,SA7748110167071485532290,user0454@bank-mail.example.com,الدمام - الشاطئ,استثماري,26126.33,2021-05-19,يحوّل العميل راتبه شهرياً من حساب آخر برقم آيبان SA1138856111657970960526
CUS-500454,قصي العيسى,1678813880,0560854186,SA4634936655018063749463,user0455@bank-mail.example.com,أبها - المنسك,استثماري,35379.82,2024-03-02,طلب العميل رفع حد البطاقة الائتمانية
CUS-500455,سلمى الشهراني,2017760691,0532510170,SA4364806383560947555900,user0456@bank-mail.example.com,جدة - الروضة,جاري,15837.92,2019-07-05,فُعّلت الخدمات المصرفية عبر الإنترنت بنجاح
CUS-500456,مشاعل البيشي,1664481742,0539442501,SA4272660753158792080397,user0457@bank-mail.example.com,الرياض - الملز,استثماري,5138.08,2022-04-17,تم تحديث عنوان السكن الوطني
CUS-500457,فاطمة الخثعمي,1299083715,0539021387,SA7472741397267590822642,user0458@bank-mail.example.com,جدة - الروضة,توفير,2940.68,2016-10-13,حساب نشط ولا توجد ملاحظات على السجل
CUS-500458,منى الزامل,2999862507,0549640495,SA3792943645083408562888,user0459@bank-mail.example.com,جدة - الروضة,استثماري,27189.77,2024-10-08,طلب العميل رفع حد البطاقة الائتمانية
CUS-500459,قصي الأنصاري,1787608759,0596660207,SA5787993954209054386423,user0460@bank-mail.example.com,جدة - الروضة,استثماري,1298.20,2024-02-10,تم تحديث عنوان السكن الوطني
CUS-500460,سلمى الشهراني,1533331912,0543971670,SA6676030519180386120949,user0461@bank-mail.example.com,الدمام - الشاطئ,استثماري,3285.32,2015-02-05,طلب العميل رفع حد البطاقة الائتمانية
CUS-500461,أمل العجمي,1154167348,0535919274,SA3619717681761682564395,user0462@bank-mail.example.com,الدمام - الشاطئ,استثماري,8696.13,2017-01-30,العميل يفضّل التواصل عبر البريد الإلكتروني
CUS-500462,فاطمة باوزير,1302631245,0539966600,SA6400137340133698225356,user0463@bank-mail.example.com,الرياض - الملز,استثماري,46468.94,2019-04-30,طلب العميل رفع حد البطاقة الائتمانية
CUS-500463,هاني البيشي,1328455835,0561830220,SA9372656427637314205584,user0464@bank-mail.example.com,الرياض - الملز,جاري,19225.69,2018-09-30,حساب نشط ولا توجد ملاحظات على السجل
CUS-500464,جواهر البيشي,1733538654,0544324690,SA5940040387483067543221,user0465@bank-mail.example.com,مكة - العزيزية,توفير,6687.59,2018-04-23,العميل يفضّل التواصل عبر البريد الإلكتروني
CUS-500465,ابتسام التميمي,2148915719,0554884153,SA9549157532282351312113,user0466@bank-mail.example.com,أبها - المنسك,استثماري,29981.32,2025-07-12,حساب نشط ولا توجد ملاحظات على السجل
CUS-500466,حصة الصقير,2834538379,0557555234,SA3569536338491452223318,user0467@bank-mail.example.com,أبها - المنسك,جاري,10432.65,2022-09-13,فُعّلت الخدمات المصرفية عبر الإنترنت بنجاح
CUS-500467,أسامة الجبرين,1823912579,0534525447,SA6082004805013796340718,user0468@bank-mail.example.com,الرياض - الملز,توفير,52967.43,2015-12-09,حساب نشط ولا توجد ملاحظات على السجل
CUS-500468,نورة البيشي,2961982341,0593235189,SA2633042467791629682609,user0469@bank-mail.example.com,الدمام - الشاطئ,جاري,17282.63,2016-03-12,حساب نشط ولا توجد ملاحظات على السجل
CUS-500469,جواهر الشهراني,1843235019,0546156841,SA5503783872638314066943,user0470@bank-mail.example.com,جدة - الروضة,توفير,10048.92,2015-05-06,العميل يفضّل التواصل عبر البريد الإلكتروني
CUS-500470,ناصر المري,1548142569,0556791603,SA3333760322659267880623,user0471@bank-mail.example.com,الدمام - الشاطئ,استثماري,68587.74,2023-10-17,رقم العملية 1031047796 لتحديث بيانات الحساب
CUS-500471,روان الخثعمي,1303704256,0561472833,SA9125899825455434261165,user0472@bank-mail.example.com,مكة - العزيزية,استثماري,7531.67,2017-05-23,رقم العملية 1613576410 لتحديث بيانات الحساب
CUS-500472,فاطمة الصقير,1931325953,0541012457,SA6925642077753094200546,user0473@bank-mail.example.com,جدة - الروضة,توفير,3810.88,2018-04-08,حساب نشط ولا توجد ملاحظات على السجل
CUS-500473,فاطمة الأنصاري,1453492256,0598121687,SA3241807064449624342396,user0474@bank-mail.example.com,جدة - الروضة,توفير,3646.95,2016-02-10,حساب نشط ولا توجد ملاحظات على السجل
CUS-500474,هاني السديري,1471593648,0541226515,SA4948813288429788468645,user0475@bank-mail.example.com,جدة - الروضة,استثماري,61383.01,2021-02-20,حساب نشط ولا توجد ملاحظات على السجل
CUS-500475,أسامة المري,1975885482,0508904391,SA4648653455246511326147,user0476@bank-mail.example.com,جدة - الروضة,استثماري,5941.25,2022-01-24,يحوّل العميل راتبه شهرياً من حساب آخر برقم آيبان SA3217075394035692454789
CUS-500476,إبراهيم الزامل,1533897094,0507237199,SA6429963328589772563881,user0477@bank-mail.example.com,الدمام - الشاطئ,استثماري,12905.41,2020-08-09,طلب العميل رفع حد البطاقة الائتمانية
CUS-500477,أسامة الكثيري,2932387992,0553646106,SA8128641904116313924992,user0478@bank-mail.example.com,أبها - المنسك,استثماري,3789.36,2021-06-25,طلب العميل رفع حد البطاقة الائتمانية
CUS-500478,عبير الأنصاري,1321338251,0594970085,SA3666649321936109639972,user0479@bank-mail.example.com,جدة - الروضة,استثماري,10561.25,2023-07-10,حساب نشط ولا توجد ملاحظات على السجل
CUS-500479,إبراهيم باوزير,1240257269,0591333209,SA1817701303891222204032,user0480@bank-mail.example.com,أبها - المنسك,جاري,6111.31,2023-03-16,فُعّلت الخدمات المصرفية عبر الإنترنت بنجاح
CUS-500480,أسماء العيسى,1297643163,0534651109,SA0858942627652931168030,user0481@bank-mail.example.com,الرياض - الملز,استثماري,22977.71,2024-08-10,حساب نشط ولا توجد ملاحظات على السجل
CUS-500481,حمد الزامل,1584829376,0505312995,SA9189308485044043321073,user0482@bank-mail.example.com,أبها - المنسك,جاري,4377.22,2015-12-08,فُعّلت الخدمات المصرفية عبر الإنترنت بنجاح
CUS-500482,ليان الأنصاري,1283800025,0534337770,SA8050386570275337038223,user0483@bank-mail.example.com,الدمام - الشاطئ,جاري,24344.01,2024-02-23,رقم العملية 1350083976 لتحديث بيانات الحساب
CUS-500483,جواهر التميمي,2615482268,0543178128,SA9032346823386452102814,user0484@bank-mail.example.com,جدة - الروضة,جاري,2453.48,2020-12-16,حساب نشط ولا توجد ملاحظات على السجل
CUS-500484,فيصل الزامل,2537864536,0563398312,SA7507524846704609167331,user0485@bank-mail.example.com,جدة - الروضة,توفير,12445.00,2025-08-18,رقم العملية 1902889797 لتحديث بيانات الحساب
CUS-500485,منى الزامل,2036094908,0506522437,SA4398111270072192759084,user0486@bank-mail.example.com,الرياض - الملز,استثماري,9550.65,2019-07-13,رقم العملية 1795744000 لتحديث بيانات الحساب
CUS-500486,فاطمة العيسى,1874961764,0507036539,SA6517265975762101292792,user0487@bank-mail.example.com,الدمام - الشاطئ,جاري,10659.60,2025-07-21,طلب العميل رفع حد البطاقة الائتمانية
CUS-500487,أسماء النعيمي,1738400496,0533764042,SA3171849977159558453323,user0488@bank-mail.example.com,مكة - العزيزية,استثماري,2655.46,2016-02-08,رقم العملية 1807223027 لتحديث بيانات الحساب
CUS-500488,سلمى العجمي,1883078360,0555620198,SA7274257218355658172700,user0489@bank-mail.example.com,الرياض - الملز,جاري,176.94,2023-12-09,رقم العملية 1029978309 لتحديث بيانات الحساب
CUS-500489,ليان الهاجري,2114064401,0596021160,SA5472062969004527111883,user0490@bank-mail.example.com,الرياض - الملز,توفير,3371.19,2016-10-28,رقم جوال بديل للتواصل عند الطوارئ 0567880142
CUS-500490,منى الخثعمي,2335592172,0593099198,SA8415580258978341873555,user0491@bank-mail.example.com,جدة - الروضة,توفير,31626.48,2015-03-04,فُعّلت الخدمات المصرفية عبر الإنترنت بنجاح
CUS-500491,تركي السديري,1975556851,0538862378,SA8481359089114331996135,user0492@bank-mail.example.com,الرياض - الملز,توفير,35999.87,2016-12-12,تم تحديث عنوان السكن الوطني
CUS-500492,نواف الزامل,2569711373,0594365965,SA6762547951765204353045,user0493@bank-mail.example.com,الدمام - الشاطئ,استثماري,40703.70,2023-03-14,رقم جوال بديل للتواصل عند الطوارئ 0592330290
CUS-500493,قصي السديري,1538151968,0594451367,SA3918922695261417403090,user0494@bank-mail.example.com,الدمام - الشاطئ,توفير,21036.25,2018-12-18,العميل يفضّل التواصل عبر البريد الإلكتروني
CUS-500494,حصة التميمي,2159495197,0542334633,SA4272468542345418513152,user0495@bank-mail.example.com,أبها - المنسك,توفير,35992.52,2018-04-06,العميل يفضّل التواصل عبر البريد الإلكتروني
CUS-500495,يوسف الصقير,1514350030,0597570062,SA6323194885803282517681,user0496@bank-mail.example.com,الدمام - الشاطئ,استثماري,1669.87,2025-05-17,رقم العملية 1506151123 لتحديث بيانات الحساب
CUS-500496,حمد التميمي,2394428789,0506377466,SA7079615175214609523736,user0497@bank-mail.example.com,الرياض - الملز,استثماري,69772.61,2025-09-20,فُعّلت الخدمات المصرفية عبر الإنترنت بنجاح
CUS-500497,خلود النعيمي,1366857553,0501680074,SA9753852479630664235459,user0498@bank-mail.example.com,الدمام - الشاطئ,توفير,12667.18,2016-01-31,العميل يفضّل التواصل عبر البريد الإلكتروني
CUS-500498,جواهر الخثعمي,1465823761,0551667820,SA7520097586053353482642,user0499@bank-mail.example.com,الدمام - الشاطئ,استثماري,4733.87,2023-12-15,طلب العميل رفع حد البطاقة الائتمانية
CUS-500499,معاذ المري,1053432769,0567906040,SA9249158019153055303299,user0500@bank-mail.example.com,مكة - العزيزية,استثماري,29814.67,2022-06-29,تم تحديث عنوان السكن الوطني
CUS-500500,ليان باوزير,1959504828,0568370105,SA7775584874448282869681,user0501@bank-mail.example.com,جدة - الروضة,جاري,328598.29,2016-05-11,تم تحديث عنوان السكن الوطني
CUS-500501,سلمى المري,1464082864,0559666717,SA3571710263643898998511,user0502@bank-mail.example.com,أبها - المنسك,جاري,18930.66,2024-02-11,يحوّل العميل راتبه شهرياً من حساب آخر برقم آيبان SA2154875373755158305802
CUS-500502,سلمى الخثعمي,1234070876,0501671538,SA9278762077239558808003,user0503@bank-mail.example.com,أبها - المنسك,توفير,3332.07,2016-02-23,فُعّلت الخدمات المصرفية عبر الإنترنت بنجاح
CUS-500503,سلمى الشهراني,1941077917,0595137033,SA3172778183626836461105,user0504@bank-mail.example.com,مكة - العزيزية,توفير,140719.49,2015-05-16,رقم العملية 1600131666 لتحديث بيانات الحساب
CUS-500504,عبدالرحمن التميمي,1235602552,0549649745,SA5796833566589701117508,user0505@bank-mail.example.com,أبها - المنسك,توفير,5668.77,2017-11-12,طلب العميل رفع حد البطاقة الائتمانية
CUS-500505,عبير العجمي,1327354609,0541236791,SA2375074212430424045825,user0506@bank-mail.example.com,جدة - الروضة,توفير,36037.37,2018-03-20,رقم العملية 1277611313 لتحديث بيانات الحساب
CUS-500506,سامي الزامل,1562469518,0544595002,SA3978739640008837650049,user0507@bank-mail.example.com,جدة - الروضة,استثماري,7807.11,2018-03-13,فُعّلت الخدمات المصرفية عبر الإنترنت بنجاح
CUS-500507,عبدالرحمن الجبرين,2009435021,0556733784,SA4822371977883432863716,user0508@bank-mail.example.com,أبها - المنسك,استثماري,103159.07,2022-09-04,رقم العملية 1179633563 لتحديث بيانات الحساب
CUS-500508,فاطمة الصقير,1625064488,0543282778,SA1211162141008905246670,user0509@bank-mail.example.com,مكة - العزيزية,استثماري,31603.71,2024-10-06,طلب العميل رفع حد البطاقة الائتمانية
CUS-500509,سلمى الشهراني,1064115445,0559221712,SA2181702533505130296726,user0510@bank-mail.example.com,جدة - الروضة,توفير,7321.60,2019-01-19,حساب نشط ولا توجد ملاحظات على السجل
CUS-500510,هاني السديري,1352748048,0542525310,SA5754033205677292479003,user0511@bank-mail.example.com,مكة - العزيزية,جاري,10300.20,2015-03-16,يحوّل العميل راتبه شهرياً من حساب آخر برقم آيبان SA6614866529667270890885
CUS-500511,سامي البيشي,2889288151,0507521322,SA3616616569497410497813,user0512@bank-mail.example.com,الدمام - الشاطئ,استثماري,12323.33,2023-12-17,العميل يفضّل التواصل عبر البريد الإلكتروني
CUS-500512,سامي العجمي,1650369521,0504483193,SA5853370652253885419012,user0513@bank-mail.example.com,الدمام - الشاطئ,استثماري,13296.55,2015-12-11,طلب العميل رفع حد البطاقة الائتمانية
CUS-500513,دلال العجمي,2799547183,0593632848,SA5148664019502774036483,user0514@bank-mail.example.com,مكة - العزيزية,استثماري,2875.13,2017-11-06,العميل يفضّل التواصل عبر البريد الإلكتروني
CUS-500514,إبراهيم السديري,2896907454,0555996932,SA8877122397093852952432,user0515@bank-mail.example.com,الرياض - الملز,توفير,15031.21,2023-10-28,حساب نشط ولا توجد ملاحظات على السجل
CUS-500515,ناصر الشهراني,1262143900,0567126789,SA4966203326105392728089,user0516@bank-mail.example.com,مكة - العزيزية,جاري,7319.79,2023-06-12,فُعّلت الخدمات المصرفية عبر الإنترنت بنجاح
CUS-500516,مشاعل البيشي,2847186646,0561128753,SA0710255855975343595787,user0517@bank-mail.example.com,أبها - المنسك,جاري,50899.12,2023-06-18,العميل يفضّل التواصل عبر البريد الإلكتروني
CUS-500517,سلمى باوزير,1446380741,0564150165,SA4710295113855264361100,user0518@bank-mail.example.com,جدة - الروضة,توفير,20898.71,2015-08-26,حساب نشط ولا توجد ملاحظات على السجل
CUS-500518,قصي البيشي,2903534341,0533043040,SA4415479010926628200613,user0519@bank-mail.example.com,الرياض - الملز,جاري,20378.01,2021-10-16,رقم جوال بديل للتواصل عند الطوارئ 0551593408
CUS-500519,معاذ الهاجري,2246733246,0567178724,SA5133529436298556156145,user0520@bank-mail.example.com,الدمام - الشاطئ,جاري,8026.96,2024-09-30,حساب نشط ولا توجد ملاحظات على السجل
CUS-500520,جاسم المري,2788634265,0565328802,SA5527608212177209871285,user0521@bank-mail.example.com,أبها - المنسك,توفير,2762.16,2024-02-09,العميل يفضّل التواصل عبر البريد الإلكتروني
CUS-500521,أسماء باوزير,1087915318,0561036078,SA6626951577559823874758,user0522@bank-mail.example.com,أبها - المنسك,توفير,10072.68,2025-05-15,تم تحديث عنوان السكن الوطني
CUS-500522,هالة الجبرين,2354859312,0532196955,SA7403139125360643646242,user0523@bank-mail.example.com,الدمام - الشاطئ,جاري,22818.52,2016-04-04,العميل يفضّل التواصل عبر البريد الإلكتروني
CUS-500523,دلال الزامل,1625910813,0504545400,SA5275959764759419139002,user0524@bank-mail.example.com,أبها - المنسك,استثماري,55821.41,2017-11-30,فُعّلت الخدمات المصرفية عبر الإنترنت بنجاح
CUS-500524,فاطمة الزامل,1344678527,0563885454,SA5504591535156561670095,user0525@bank-mail.example.com,جدة - الروضة,جاري,46961.04,2021-12-30,العميل يفضّل التواصل عبر البريد الإلكتروني
CUS-500525,قصي الجبرين,1619277427,0538454760,SA8698987937114922490481,user0526@bank-mail.example.com,الرياض - الملز,استثماري,6184.06,2022-03-06,رقم جوال بديل للتواصل عند الطوارئ 0545312660
CUS-500526,نواف النعيمي,2366598965,0556690597,SA0396077064521153826760,user0527@bank-mail.example.com,الدمام - الشاطئ,جاري,81499.08,2023-09-18,رقم جوال بديل للتواصل عند الطوارئ 0563304304
CUS-500527,جواهر الخثعمي,1540712146,0539166988,SA9392220734476285228493,user0528@bank-mail.example.com,جدة - الروضة,توفير,46619.38,2023-06-12,طلب العميل رفع حد البطاقة الائتمانية
CUS-500528,هاني الكثيري,1808912958,0595787727,SA4591645172925284998018,user0529@bank-mail.example.com,الدمام - الشاطئ,توفير,6043.57,2025-07-06,العميل يفضّل التواصل عبر البريد الإلكتروني
CUS-500529,سلمان الزامل,1837458510,0509830812,SA6897710055523521440299,user0530@bank-mail.example.com,أبها - المنسك,جاري,36379.75,2019-10-14,حساب نشط ولا توجد ملاحظات على السجل
CUS-500530,حمد المري,1395729849,0546158449,SA6295044845422517271734,user0531@bank-mail.example.com,الرياض - الملز,توفير,16189.66,2015-03-18,طلب العميل رفع حد البطاقة الائتمانية
CUS-500531,أمل الشهراني,1163530023,0543101591,SA8720312507402526829055,user0532@bank-mail.example.com,جدة - الروضة,استثماري,4189.38,2017-01-29,رقم جوال بديل للتواصل عند الطوارئ 0551084863
CUS-500532,منى باوزير,1146149719,0563520208,SA9141981686818276252888,user0533@bank-mail.example.com,مكة - العزيزية,جاري,24787.25,2018-11-05,العميل يفضّل التواصل عبر البريد الإلكتروني
CUS-500533,سلمان باوزير,1546077239,0502558133,SA9206697652479352323880,user0534@bank-mail.example.com,جدة - الروضة,استثماري,5770.13,2016-04-08,طلب العميل رفع حد البطاقة الائتمانية
CUS-500534,هالة الجبرين,1042163244,0594065282,SA4577331481469718704910,user0535@bank-mail.example.com,الرياض - الملز,استثماري,15186.61,2019-12-29,رقم جوال بديل للتواصل عند الطوارئ 0569828048
CUS-500535,فاطمة باوزير,1453853184,0540419679,SA1871150285422159776941,user0536@bank-mail.example.com,أبها - المنسك,توفير,15639.25,2023-06-17,رقم جوال بديل للتواصل عند الطوارئ 0595598115
CUS-500536,نورة التميمي,1806730600,0536695961,SA1356725502693585664762,user0537@bank-mail.example.com,مكة - العزيزية,استثماري,26781.91,2022-06-01,فُعّلت الخدمات المصرفية عبر الإنترنت بنجاح
CUS-500537,خلود العيسى,1885916690,0501537155,SA2298292816163931095011,user0538@bank-mail.example.com,جدة - الروضة,توفير,46073.53,2019-02-03,طلب العميل رفع حد البطاقة الائتمانية
CUS-500538,منى العجمي,2108580727,0538778510,SA9720085884693576097307,user0539@bank-mail.example.com,الرياض - الملز,جاري,42993.53,2016-04-18,رقم جوال بديل للتواصل عند الطوارئ 0505673271
CUS-500539,دلال الشهراني,1996541171,0501219936,SA7949650806066412284929,user0540@bank-mail.example.com,جدة - الروضة,جاري,15041.09,2023-08-04,رقم العملية 1171313925 لتحديث بيانات الحساب
CUS-500540,روان البيشي,1300900311,0549911014,SA7015911038966776496474,user0541@bank-mail.example.com,الرياض - الملز,استثماري,11396.20,2021-10-30,تم تحديث عنوان السكن الوطني
CUS-500541,جواهر المري,2240985875,0558697249,SA0435963024292265252080,user0542@bank-mail.example.com,الرياض - الملز,استثماري,22048.19,2023-02-11,طلب العميل رفع حد البطاقة الائتمانية
CUS-500542,يوسف باوزير,1945389144,0503272778,SA1903052491121369358050,user0543@bank-mail.example.com,مكة - العزيزية,جاري,3636.46,2017-05-21,يحوّل العميل راتبه شهرياً من حساب آخر برقم آيبان SA4427251400314426701955
CUS-500543,نورة العجمي,2688019005,0556175051,SA1319697197179492041363,user0544@bank-mail.example.com,مكة - العزيزية,جاري,16303.55,2017-11-03,حساب نشط ولا توجد ملاحظات على السجل
CUS-500544,خلود الصقير,1501448086,0568309673,SA3377739401277061544798,user0545@bank-mail.example.com,الرياض - الملز,استثماري,39714.28,2015-03-03,رقم جوال بديل للتواصل عند الطوارئ 0548228880
CUS-500545,ليان التميمي,1643624149,0534771894,SA7530052902581350447099,user0546@bank-mail.example.com,أبها - المنسك,توفير,2751.72,2024-01-30,حساب نشط ولا توجد ملاحظات على السجل
CUS-500546,فاطمة العيسى,1820700746,0531716663,SA4812877559741488012161,user0547@bank-mail.example.com,الدمام - الشاطئ,توفير,24865.29,2021-05-27,رقم العملية 1232179687 لتحديث بيانات الحساب
CUS-500547,نواف العيسى,1318270160,0596977964,SA6950667211079515603916,user0548@bank-mail.example.com,مكة - العزيزية,جاري,4428.49,2019-08-15,رقم جوال بديل للتواصل عند الطوارئ 0543979627
CUS-500548,هالة باوزير,1441138011,0598795996,SA1181828024186210283080,user0549@bank-mail.example.com,الرياض - الملز,استثماري,9394.20,2017-12-07,تم تحديث عنوان السكن الوطني
CUS-500549,ابتسام الهاجري,1478254301,0554310460,SA8867215523132304020548,user0550@bank-mail.example.com,مكة - العزيزية,استثماري,3866.84,2023-03-01,العميل يفضّل التواصل عبر البريد الإلكتروني
CUS-500550,قصي النعيمي,1132979079,0593657535,SA8729926721572799230954,user0551@bank-mail.example.com,مكة - العزيزية,توفير,6826.78,2024-10-31,حساب نشط ولا توجد ملاحظات على السجل
CUS-500551,عبدالعزيز الجبرين,1474332846,0567466968,SA2865863707186530758783,user0552@bank-mail.example.com,الرياض - الملز,استثماري,47914.71,2018-11-18,يحوّل العميل راتبه شهرياً من حساب آخر برقم آيبان SA2217390156279324846408
CUS-500552,ناصر السديري,1466994207,0590633185,SA7849865554684214832284,user0553@bank-mail.example.com,أبها - المنسك,جاري,18829.41,2020-04-15,يحوّل العميل راتبه شهرياً من حساب آخر برقم آيبان SA3491786636801325234871
CUS-500553,حصة السديري,1906089477,0549200754,SA8660612957030957091736,user0554@bank-mail.example.com,جدة - الروضة,توفير,117610.10,2025-01-10,تم تحديث عنوان السكن الوطني
CUS-500554,نواف الزامل,2229596776,0593239002,SA5213825829673256722463,user0555@bank-mail.example.com,مكة - العزيزية,توفير,7563.93,2024-03-26,العميل يفضّل التواصل عبر البريد الإلكتروني
CUS-500555,معاذ العجمي,1501806614,0507010619,SA7307908643358569321976,user0556@bank-mail.example.com,الرياض - الملز,جاري,36038.60,2023-01-06,رقم العملية 1042920908 لتحديث بيانات الحساب
CUS-500556,ابتسام التميمي,1123763672,0563907544,SA0677332049869491523368,user0557@bank-mail.example.com,الدمام - الشاطئ,توفير,61451.45,2021-05-04,فُعّلت الخدمات المصرفية عبر الإنترنت بنجاح
CUS-500557,نورة السديري,1592301442,0547652992,SA1081320021701851170023,user0558@bank-mail.example.com,أبها - المنسك,استثماري,5819.79,2021-12-05,طلب العميل رفع حد البطاقة الائتمانية
CUS-500558,معاذ العيسى,1715053797,0551732178,SA7218873302121193868167,user0559@bank-mail.example.com,مكة - العزيزية,استثماري,5913.89,2018-01-23,تم تحديث عنوان السكن الوطني
CUS-500559,حصة التميمي,1117493674,0565333625,SA5447261564374659631992,user0560@bank-mail.example.com,أبها - المنسك,توفير,4074.45,2021-02-08,رقم العملية 1602136432 لتحديث بيانات الحساب
CUS-500560,ابتسام الكثيري,1011559950,0551556646,SA6384525199703159096640,user0561@bank-mail.example.com,جدة - الروضة,جاري,11103.14,2024-12-25,يحوّل العميل راتبه شهرياً من حساب آخر برقم آيبان SA2116311595677239090935
CUS-500561,عبدالعزيز العجمي,1387064460,0551029261,SA1500779837436852677473,user0562@bank-mail.example.com,جدة - الروضة,توفير,86564.14,2015-07-19,رقم جوال بديل للتواصل عند الطوارئ 0531028418
CUS-500562,تركي الأنصاري,2544702026,0554183339,SA9292654026867963098709,user0563@bank-mail.example.com,الدمام - الشاطئ,جاري,37508.21,2021-11-02,حساب نشط ولا توجد ملاحظات على السجل
CUS-500563,أسماء السديري,1979354840,0550164682,SA4793381855894705805559,user0564@bank-mail.example.com,أبها - المنسك,توفير,56662.59,2022-12-12,فُعّلت الخدمات المصرفية عبر الإنترنت بنجاح
CUS-500564,عبدالعزيز المري,1355145259,0597903759,SA0744587436058430159575,user0565@bank-mail.example.com,الدمام - الشاطئ,توفير,6278.44,2020-09-19,يحوّل العميل راتبه شهرياً من حساب آخر برقم آيبان SA5343298048861498493649
CUS-500565,روان المري,1046202055,0506381082,SA2969812808770206186893,user0566@bank-mail.example.com,أبها - المنسك,استثماري,11568.61,2023-04-19,يحوّل العميل راتبه شهرياً من حساب آخر برقم آيبان SA7364923136264831667112
CUS-500566,حصة البيشي,1035436110,0539025304,SA1742140952697475306905,user0567@bank-mail.example.com,الرياض - الملز,توفير,10144.77,2016-05-20,رقم جوال بديل للتواصل عند الطوارئ 0541995955
CUS-500567,قصي باوزير,1700687336,0535161061,SA7959331279733704965228,user0568@bank-mail.example.com,مكة - العزيزية,استثماري,7541.52,2019-03-19,تم تحديث عنوان السكن الوطني
CUS-500568,ليان النعيمي,1972839110,0548840161,SA1658129943062827888502,user0569@bank-mail.example.com,الدمام - الشاطئ,استثماري,29400.38,2021-01-31,حساب نشط ولا توجد ملاحظات على السجل
CUS-500569,سلمى الشهراني,1906929193,0536372948,SA3264716897846649985566,user0570@bank-mail.example.com,الرياض - الملز,توفير,3930.87,2020-07-15,طلب العميل رفع حد البطاقة الائتمانية
CUS-500570,عبدالرحمن المري,1875097006,0504753800,SA7846891087330052479649,user0571@bank-mail.example.com,أبها - المنسك,استثماري,9518.12,2025-09-14,يحوّل العميل راتبه شهرياً من حساب آخر برقم آيبان SA7790434137100174584963
CUS-500571,منى المري,2949468314,0566842396,SA8377419647088586457739,user0572@bank-mail.example.com,الدمام - الشاطئ,توفير,29337.75,2022-06-28,يحوّل العميل راتبه شهرياً من حساب آخر برقم آيبان SA3778852505637944634362
CUS-500572,أسماء الأنصاري,1992945905,0509316469,SA5768701745077456912648,user0573@bank-mail.example.com,الدمام - الشاطئ,جاري,34363.98,2019-07-03,تم تحديث عنوان السكن الوطني
CUS-500573,قصي الصقير,1365930104,0598693687,SA6417838780716277087541,user0574@bank-mail.example.com,أبها - المنسك,جاري,10916.34,2025-07-05,يحوّل العميل راتبه شهرياً من حساب آخر برقم آيبان SA6950651755059871105717
CUS-500574,سلمى الصقير,1336287790,0560161753,SA5071593092533857117034,user0575@bank-mail.example.com,مكة - العزيزية,توفير,3668.26,2025-06-06,رقم العملية 1504944180 لتحديث بيانات الحساب
CUS-500575,نورة الكثيري,1821724893,0506247425,SA4801387971637643761326,user0576@bank-mail.example.com,جدة - الروضة,جاري,46162.03,2017-08-24,حساب نشط ولا توجد ملاحظات على السجل
CUS-500576,سامي العجمي,1520226331,0534787788,SA7261427673683084284476,user0577@bank-mail.example.com,مكة - العزيزية,استثماري,35269.05,2023-06-27,طلب العميل رفع حد البطاقة الائتمانية
CUS-500577,منى باوزير,1226903019,0536778745,SA6689667657057515580499,user0578@bank-mail.example.com,أبها - المنسك,استثماري,3507.67,2020-01-01,العميل يفضّل التواصل عبر البريد الإلكتروني
CUS-500578,ابتسام العيسى,1967954544,0500208320,SA3314521677542013229659,user0579@bank-mail.example.com,الرياض - الملز,جاري,11914.16,2021-04-15,طلب العميل رفع حد البطاقة الائتمانية
CUS-500579,جاسم الصقير,1382497541,0557473274,SA3497295394729275033031,user0580@bank-mail.example.com,الرياض - الملز,توفير,18267.04,2019-08-09,حساب نشط ولا توجد ملاحظات على السجل
CUS-500580,دلال الهاجري,1107435669,0541697119,SA3879408411684918211645,user0581@bank-mail.example.com,أبها - المنسك,استثماري,3998.12,2015-02-15,رقم جوال بديل للتواصل عند الطوارئ 0540740707
CUS-500581,سلمى التميمي,1408294120,0530102985,SA5603558978249288938987,user0582@bank-mail.example.com,جدة - الروضة,توفير,4737.41,2020-09-07,طلب العميل رفع حد البطاقة الائتمانية
CUS-500582,فاطمة البيشي,1898056179,0558743055,SA0791583579711493079705,user0583@bank-mail.example.com,أبها - المنسك,استثماري,11695.94,2021-12-06,رقم العملية 1572514006 لتحديث بيانات الحساب
CUS-500583,جواهر السديري,1478960295,0564833342,SA7423892098181928947878,user0584@bank-mail.example.com,أبها - المنسك,جاري,13910.88,2019-11-16,العميل يفضّل التواصل عبر البريد الإلكتروني
CUS-500584,أسامة البيشي,1853557054,0543381747,SA6087167085744092342237,user0585@bank-mail.example.com,الدمام - الشاطئ,توفير,4314.96,2016-01-22,طلب العميل رفع حد البطاقة الائتمانية
CUS-500585,جاسم النعيمي,1669247106,0597270584,SA4094522541029537964327,user0586@bank-mail.example.com,أبها - المنسك,جاري,579.15,2020-04-10,طلب العميل رفع حد البطاقة الائتمانية
CUS-500586,معاذ البيشي,1280407238,0505484164,SA9033265795941861901387,user0587@bank-mail.example.com,أبها - المنسك,جاري,9853.07,2025-02-08,فُعّلت الخدمات المصرفية عبر الإنترنت بنجاح
CUS-500587,حصة باوزير,1750693432,0550503255,SA6971100678453113288167,user0588@bank-mail.example.com,الرياض - الملز,استثماري,8392.34,2022-03-20,رقم العملية 1497924355 لتحديث بيانات الحساب
CUS-500588,سلمان الخثعمي,2503082626,0560406100,SA4048566256207489176364,user0589@bank-mail.example.com,الرياض - الملز,توفير,21665.06,2016-04-02,طلب العميل رفع حد البطاقة الائتمانية
CUS-500589,يوسف الشهراني,1237147747,0597666879,SA4355958387664926823433,user0590@bank-mail.example.com,مكة - العزيزية,استثماري,13544.31,2022-12-29,تم تحديث عنوان السكن الوطني
CUS-500590,يوسف الشهراني,2458948227,0568180354,SA9025181775957814694301,user0591@bank-mail.example.com,الرياض - الملز,استثماري,7133.10,2023-03-20,حساب نشط ولا توجد ملاحظات على السجل
CUS-500591,قصي العيسى,1133426880,0557408873,SA5992163399719916323710,user0592@bank-mail.example.com,الدمام - الشاطئ,توفير,32701.48,2022-09-04,تم تحديث عنوان السكن الوطني
CUS-500592,أسماء السديري,1098522491,0537746727,SA2721028852470040952301,user0593@bank-mail.example.com,جدة - الروضة,توفير,4404.07,2016-08-21,فُعّلت الخدمات المصرفية عبر الإنترنت بنجاح
CUS-500593,سامي الجبرين,2494171511,0594621968,SA4880608437805498560412,user0594@bank-mail.example.com,الرياض - الملز,جاري,16006.58,2024-11-21,حساب نشط ولا توجد ملاحظات على السجل
CUS-500594,يوسف البيشي,2995648827,0506535166,SA7886203345781989756447,user0595@bank-mail.example.com,جدة - الروضة,استثماري,16789.11,2021-06-22,تم تحديث عنوان السكن الوطني
CUS-500595,نورة العجمي,1738144813,0567563105,SA5504563666879893868327,user0596@bank-mail.example.com,الرياض - الملز,توفير,43210.56,2019-02-15,فُعّلت الخدمات المصرفية عبر الإنترنت بنجاح
CUS-500596,فاطمة باوزير,2122772524,0508378675,SA6672037436782928730529,user0597@bank-mail.example.com,الدمام - الشاطئ,جاري,7624.86,2018-12-14,رقم العملية 1824193914 لتحديث بيانات الحساب
CUS-500597,عبير الأنصاري,2201562424,0509923677,SA8993286964720796116738,user0598@bank-mail.example.com,الدمام - الشاطئ,توفير,30616.15,2022-02-28,رقم العملية 1054662190 لتحديث بيانات الحساب
CUS-500598,جواهر السديري,1761522364,0562323353,SA0216485210466473049233,user0599@bank-mail.example.com,الدمام - الشاطئ,جاري,3987.58,2020-05-18,يحوّل العميل راتبه شهرياً من حساب آخر برقم آيبان SA5666555754283702041727
CUS-500599,تركي باوزير,1424525408,0541202252,SA1359521718989268676987,user0600@bank-mail.example.com,الرياض - الملز,توفير,7964.56,2018-03-14,رقم العملية 1641041643 لتحديث بيانات الحساب
