row,file_id,column,type,planted_value,expected
1,APT-2026-000001,ملاحظة_الاستقبال,SAUDI_ID,1390757936,review
1,APT-2026-000001,اسم_المريض,PERSON_NAME,هالة الخثعمي,replace
1,APT-2026-000001,رقم_الهوية,SAUDI_ID,1932879214,replace
1,APT-2026-000001,رقم_الجوال,MOBILE,0554218096,replace
2,APT-2026-000002,ملاحظة_الاستقبال,MOBILE,0556661934,replace
2,APT-2026-000002,اسم_المريض,PERSON_NAME,مشاعل الصقير,replace
2,APT-2026-000002,رقم_الهوية,SAUDI_ID,1174681450,replace
2,APT-2026-000002,رقم_الجوال,MOBILE,0538401916,replace
3,APT-2026-000003,اسم_المريض,PERSON_NAME,أسماء الشهراني,replace
3,APT-2026-000003,رقم_الهوية,SAUDI_ID,2123100774,replace
3,APT-2026-000003,رقم_الجوال,MOBILE,0538378326,replace
4,APT-2026-000004,اسم_المريض,PERSON_NAME,سلمى العجمي,replace
4,APT-2026-000004,رقم_الهوية,SAUDI_ID,1237409543,replace
4,APT-2026-000004,رقم_الجوال,MOBILE,0551113930,replace
5,APT-2026-000005,اسم_المريض,PERSON_NAME,ليان الزامل,replace
5,APT-2026-000005,رقم_الهوية,SAUDI_ID,2933283679,replace
5,APT-2026-000005,رقم_الجوال,MOBILE,0561601108,replace
6,APT-2026-000006,اسم_المريض,PERSON_NAME,ناصر الكثيري,replace
6,APT-2026-000006,رقم_الهوية,SAUDI_ID,1991433010,replace
6,APT-2026-000006,رقم_الجوال,MOBILE,0546730024,replace
7,APT-2026-000007,اسم_المريض,PERSON_NAME,سلمان الصقير,replace
7,APT-2026-000007,رقم_الهوية,SAUDI_ID,2400917148,replace
7,APT-2026-000007,رقم_الجوال,MOBILE,0542117850,replace
8,APT-2026-000008,ملاحظة_الاستقبال,PERSON_NAME,عبير باوزير,replace
8,APT-2026-000008,اسم_المريض,PERSON_NAME,جاسم الأنصاري,replace
8,APT-2026-000008,رقم_الهوية,SAUDI_ID,1911114658,replace
8,APT-2026-000008,رقم_الجوال,MOBILE,0559777818,replace
9,APT-2026-000009,ملاحظة_الاستقبال,SAUDI_ID,1217743668,ignore
9,APT-2026-000009,اسم_المريض,PERSON_NAME,ليان التميمي,replace
9,APT-2026-000009,رقم_الهوية,SAUDI_ID,1577356437,replace
9,APT-2026-000009,رقم_الجوال,MOBILE,0596336395,replace
10,APT-2026-000010,ملاحظة_الاستقبال,PERSON_NAME,هاني الهاجري,replace
10,APT-2026-000010,اسم_المريض,PERSON_NAME,سامي العيسى,replace
10,APT-2026-000010,رقم_الهوية,SAUDI_ID,1049049545,replace
10,APT-2026-000010,رقم_الجوال,MOBILE,0599026730,replace
11,APT-2026-000011,اسم_المريض,PERSON_NAME,عبير باوزير,replace
11,APT-2026-000011,رقم_الهوية,SAUDI_ID,1078023452,replace
11,APT-2026-000011,رقم_الجوال,MOBILE,0568892631,replace
12,APT-2026-000012,ملاحظة_الاستقبال,MOBILE,0538527288,replace
12,APT-2026-000012,اسم_المريض,PERSON_NAME,نورة العجمي,replace
12,APT-2026-000012,رقم_الهوية,SAUDI_ID,1133614857,replace
12,APT-2026-000012,رقم_الجوال,MOBILE,0540581075,replace
13,APT-2026-000013,ملاحظة_الاستقبال,MOBILE,0566080868,replace
13,APT-2026-000013,اسم_المريض,PERSON_NAME,نواف الهاجري,replace
13,APT-2026-000013,رقم_الهوية,SAUDI_ID,1788482881,replace
13,APT-2026-000013,رقم_الجوال,MOBILE,0564469342,replace
14,APT-2026-000014,ملاحظة_الاستقبال,SAUDI_ID,2304553973,replace
14,APT-2026-000014,اسم_المريض,PERSON_NAME,خلود السديري,replace
14,APT-2026-000014,رقم_الهوية,SAUDI_ID,1876643774,replace
14,APT-2026-000014,رقم_الجوال,MOBILE,0535678513,replace
15,APT-2026-000015,اسم_المريض,PERSON_NAME,روان باوزير,replace
15,APT-2026-000015,رقم_الهوية,SAUDI_ID,1860668928,replace
15,APT-2026-000015,رقم_الجوال,MOBILE,0563838389,replace
16,APT-2026-000016,اسم_المريض,PERSON_NAME,يوسف التميمي,replace
16,APT-2026-000016,رقم_الهوية,SAUDI_ID,1312321464,replace
16,APT-2026-000016,رقم_الجوال,MOBILE,0506682360,replace
17,APT-2026-000017,اسم_المريض,PERSON_NAME,فيصل الصقير,replace
17,APT-2026-000017,رقم_الهوية,SAUDI_ID,1089897233,replace
17,APT-2026-000017,رقم_الجوال,MOBILE,0531322419,replace
18,APT-2026-000018,ملاحظة_الاستقبال,SAUDI_ID,1412625856,ignore
18,APT-2026-000018,اسم_المريض,PERSON_NAME,منى الشهراني,replace
18,APT-2026-000018,رقم_الهوية,SAUDI_ID,1032675561,replace
18,APT-2026-000018,رقم_الجوال,MOBILE,0539218051,replace
19,APT-2026-000019,ملاحظة_الاستقبال,MOBILE,0509134768,replace
19,APT-2026-000019,اسم_المريض,PERSON_NAME,جواهر الهاجري,replace
19,APT-2026-000019,رقم_الهوية,SAUDI_ID,1471059038,replace
19,APT-2026-000019,رقم_الجوال,MOBILE,0544536928,replace
20,APT-2026-000020,اسم_المريض,PERSON_NAME,جاسم الشهراني,replace
20,APT-2026-000020,رقم_الهوية,SAUDI_ID,1445888686,replace
20,APT-2026-000020,رقم_الجوال,MOBILE,0561718906,replace
21,APT-2026-000021,اسم_المريض,PERSON_NAME,عبدالعزيز الزامل,replace
21,APT-2026-000021,رقم_الهوية,SAUDI_ID,1945847489,replace
21,APT-2026-000021,رقم_الجوال,MOBILE,0544003902,replace
22,APT-2026-000022,اسم_المريض,PERSON_NAME,عبير باوزير,replace
22,APT-2026-000022,رقم_الهوية,SAUDI_ID,2308172390,replace
22,APT-2026-000022,رقم_الجوال,MOBILE,0591096713,replace
23,APT-2026-000023,اسم_المريض,PERSON_NAME,دلال النعيمي,replace
23,APT-2026-000023,رقم_الهوية,SAUDI_ID,1824237182,replace
23,APT-2026-000023,رقم_الجوال,MOBILE,0548954499,replace
24,APT-2026-000024,اسم_المريض,PERSON_NAME,فاطمة الشهراني,replace
24,APT-2026-000024,رقم_الهوية,SAUDI_ID,1609013840,replace
24,APT-2026-000024,رقم_الجوال,MOBILE,0501283577,replace
25,APT-2026-000025,ملاحظة_الاستقبال,SAUDI_ID,1914754237,review
25,APT-2026-000025,اسم_المريض,PERSON_NAME,حصة الأنصاري,replace
25,APT-2026-000025,رقم_الهوية,SAUDI_ID,1529548263,replace
25,APT-2026-000025,رقم_الجوال,MOBILE,0595917518,replace
26,APT-2026-000026,اسم_المريض,PERSON_NAME,قصي النعيمي,replace
26,APT-2026-000026,رقم_الهوية,SAUDI_ID,2579947843,replace
26,APT-2026-000026,رقم_الجوال,MOBILE,0555368315,replace
27,APT-2026-000027,ملاحظة_الاستقبال,PERSON_NAME,ليان العجمي,replace
27,APT-2026-000027,اسم_المريض,PERSON_NAME,عبدالرحمن السديري,replace
27,APT-2026-000027,رقم_الهوية,SAUDI_ID,1740380827,replace
27,APT-2026-000027,رقم_الجوال,MOBILE,0564061984,replace
28,APT-2026-000028,اسم_المريض,PERSON_NAME,عبدالعزيز الكثيري,replace
28,APT-2026-000028,رقم_الهوية,SAUDI_ID,1785765551,replace
28,APT-2026-000028,رقم_الجوال,MOBILE,0592778190,replace
29,APT-2026-000029,اسم_المريض,PERSON_NAME,أمل العجمي,replace
29,APT-2026-000029,رقم_الهوية,SAUDI_ID,1623262530,replace
29,APT-2026-000029,رقم_الجوال,MOBILE,0556844074,replace
30,APT-2026-000030,اسم_المريض,PERSON_NAME,فاطمة العيسى,replace
30,APT-2026-000030,رقم_الهوية,SAUDI_ID,1253939795,replace
30,APT-2026-000030,رقم_الجوال,MOBILE,0563724624,replace
31,APT-2026-000031,اسم_المريض,PERSON_NAME,ابتسام الأنصاري,replace
31,APT-2026-000031,رقم_الهوية,SAUDI_ID,1268840301,replace
31,APT-2026-000031,رقم_الجوال,MOBILE,0555736926,replace
32,APT-2026-000032,اسم_المريض,PERSON_NAME,ناصر السديري,replace
32,APT-2026-000032,رقم_الهوية,SAUDI_ID,1221549817,replace
32,APT-2026-000032,رقم_الجوال,MOBILE,0557198840,replace
33,APT-2026-000033,ملاحظة_الاستقبال,SAUDI_ID,2468456815,replace
33,APT-2026-000033,اسم_المريض,PERSON_NAME,مشاعل العيسى,replace
33,APT-2026-000033,رقم_الهوية,SAUDI_ID,1184715124,replace
33,APT-2026-000033,رقم_الجوال,MOBILE,0506717067,replace
34,APT-2026-000034,ملاحظة_الاستقبال,PERSON_NAME,دلال الجبرين,replace
34,APT-2026-000034,اسم_المريض,PERSON_NAME,سلمى العجمي,replace
34,APT-2026-000034,رقم_الهوية,SAUDI_ID,1497576114,replace
34,APT-2026-000034,رقم_الجوال,MOBILE,0539122236,replace
35,APT-2026-000035,اسم_المريض,PERSON_NAME,ليان الأنصاري,replace
35,APT-2026-000035,رقم_الهوية,SAUDI_ID,1690695398,replace
35,APT-2026-000035,رقم_الجوال,MOBILE,0560453547,replace
36,APT-2026-000036,ملاحظة_الاستقبال,PERSON_NAME,ليان الكثيري,replace
36,APT-2026-000036,اسم_المريض,PERSON_NAME,أسامة الكثيري,replace
36,APT-2026-000036,رقم_الهوية,SAUDI_ID,1882938390,replace
36,APT-2026-000036,رقم_الجوال,MOBILE,0503123796,replace
37,APT-2026-000037,اسم_المريض,PERSON_NAME,فيصل باوزير,replace
37,APT-2026-000037,رقم_الهوية,SAUDI_ID,1592104531,replace
37,APT-2026-000037,رقم_الجوال,MOBILE,0565229817,replace
38,APT-2026-000038,اسم_المريض,PERSON_NAME,سلمان السديري,replace
38,APT-2026-000038,رقم_الهوية,SAUDI_ID,1702861962,replace
38,APT-2026-000038,رقم_الجوال,MOBILE,0535824395,replace
39,APT-2026-000039,ملاحظة_الاستقبال,PERSON_NAME,هالة الكثيري,replace
39,APT-2026-000039,اسم_المريض,PERSON_NAME,دلال الزامل,replace
39,APT-2026-000039,رقم_الهوية,SAUDI_ID,1766191850,replace
39,APT-2026-000039,رقم_الجوال,MOBILE,0568660504,replace
40,APT-2026-000040,اسم_المريض,PERSON_NAME,تركي الصقير,replace
40,APT-2026-000040,رقم_الهوية,SAUDI_ID,1838463154,replace
40,APT-2026-000040,رقم_الجوال,MOBILE,0566923691,replace
41,APT-2026-000041,اسم_المريض,PERSON_NAME,مشاعل الشهراني,replace
41,APT-2026-000041,رقم_الهوية,SAUDI_ID,1177862594,replace
41,APT-2026-000041,رقم_الجوال,MOBILE,0530407545,replace
42,APT-2026-000042,اسم_المريض,PERSON_NAME,نورة الكثيري,replace
42,APT-2026-000042,رقم_الهوية,SAUDI_ID,1014546251,replace
42,APT-2026-000042,رقم_الجوال,MOBILE,0597612341,replace
43,APT-2026-000043,ملاحظة_الاستقبال,SAUDI_ID,1324802204,review
43,APT-2026-000043,اسم_المريض,PERSON_NAME,إبراهيم الزامل,replace
43,APT-2026-000043,رقم_الهوية,SAUDI_ID,2234217178,replace
43,APT-2026-000043,رقم_الجوال,MOBILE,0561800994,replace
44,APT-2026-000044,ملاحظة_الاستقبال,SAUDI_ID,1347839974,ignore
44,APT-2026-000044,اسم_المريض,PERSON_NAME,سلمى الشهراني,replace
44,APT-2026-000044,رقم_الهوية,SAUDI_ID,2702185576,replace
44,APT-2026-000044,رقم_الجوال,MOBILE,0508488829,replace
45,APT-2026-000045,اسم_المريض,PERSON_NAME,فاطمة الخثعمي,replace
45,APT-2026-000045,رقم_الهوية,SAUDI_ID,2252909763,replace
45,APT-2026-000045,رقم_الجوال,MOBILE,0567401129,replace
46,APT-2026-000046,اسم_المريض,PERSON_NAME,معاذ الصقير,replace
46,APT-2026-000046,رقم_الهوية,SAUDI_ID,1826432799,replace
46,APT-2026-000046,رقم_الجوال,MOBILE,0550567530,replace
47,APT-2026-000047,اسم_المريض,PERSON_NAME,مشاعل الصقير,replace
47,APT-2026-000047,رقم_الهوية,SAUDI_ID,1109344182,replace
47,APT-2026-000047,رقم_الجوال,MOBILE,0536713545,replace
48,APT-2026-000048,ملاحظة_الاستقبال,SAUDI_ID,1866104548,review
48,APT-2026-000048,اسم_المريض,PERSON_NAME,عبدالرحمن الخثعمي,replace
48,APT-2026-000048,رقم_الهوية,SAUDI_ID,2366036537,replace
48,APT-2026-000048,رقم_الجوال,MOBILE,0538273639,replace
49,APT-2026-000049,اسم_المريض,PERSON_NAME,جواهر باوزير,replace
49,APT-2026-000049,رقم_الهوية,SAUDI_ID,1934150259,replace
49,APT-2026-000049,رقم_الجوال,MOBILE,0533105671,replace
50,APT-2026-000050,ملاحظة_الاستقبال,SAUDI_ID,1559320079,ignore
50,APT-2026-000050,اسم_المريض,PERSON_NAME,ليان الجبرين,replace
50,APT-2026-000050,رقم_الهوية,SAUDI_ID,1466782883,replace
50,APT-2026-000050,رقم_الجوال,MOBILE,0545762348,replace
51,APT-2026-000051,ملاحظة_الاستقبال,SAUDI_ID,2538156270,replace
51,APT-2026-000051,اسم_المريض,PERSON_NAME,أسامة الهاجري,replace
51,APT-2026-000051,رقم_الهوية,SAUDI_ID,2385153412,replace
51,APT-2026-000051,رقم_الجوال,MOBILE,0551670765,replace
52,APT-2026-000052,اسم_المريض,PERSON_NAME,مشاعل الشهراني,replace
52,APT-2026-000052,رقم_الهوية,SAUDI_ID,2151640675,replace
52,APT-2026-000052,رقم_الجوال,MOBILE,0564754100,replace
53,APT-2026-000053,ملاحظة_الاستقبال,SAUDI_ID,1434338081,review
53,APT-2026-000053,اسم_المريض,PERSON_NAME,هاني الشهراني,replace
53,APT-2026-000053,رقم_الهوية,SAUDI_ID,1310986961,replace
53,APT-2026-000053,رقم_الجوال,MOBILE,0504177660,replace
54,APT-2026-000054,ملاحظة_الاستقبال,SAUDI_ID,1552821116,review
54,APT-2026-000054,اسم_المريض,PERSON_NAME,عبير الهاجري,replace
54,APT-2026-000054,رقم_الهوية,SAUDI_ID,1854510532,replace
54,APT-2026-000054,رقم_الجوال,MOBILE,0596232259,replace
55,APT-2026-000055,ملاحظة_الاستقبال,SAUDI_ID,1223694320,ignore
55,APT-2026-000055,اسم_المريض,PERSON_NAME,هالة الصقير,replace
55,APT-2026-000055,رقم_الهوية,SAUDI_ID,1967054683,replace
55,APT-2026-000055,رقم_الجوال,MOBILE,0596445525,replace
56,APT-2026-000056,ملاحظة_الاستقبال,SAUDI_ID,1369629638,ignore
56,APT-2026-000056,اسم_المريض,PERSON_NAME,ناصر باوزير,replace
56,APT-2026-000056,رقم_الهوية,SAUDI_ID,1646620219,replace
56,APT-2026-000056,رقم_الجوال,MOBILE,0503458165,replace
57,APT-2026-000057,ملاحظة_الاستقبال,SAUDI_ID,2104102575,replace
57,APT-2026-000057,اسم_المريض,PERSON_NAME,ناصر الخثعمي,replace
57,APT-2026-000057,رقم_الهوية,SAUDI_ID,1184761250,replace
57,APT-2026-000057,رقم_الجوال,MOBILE,0504992464,replace
58,APT-2026-000058,ملاحظة_الاستقبال,PERSON_NAME,أمل الزامل,replace
58,APT-2026-000058,اسم_المريض,PERSON_NAME,يوسف البيشي,replace
58,APT-2026-000058,رقم_الهوية,SAUDI_ID,1658680382,replace
58,APT-2026-000058,رقم_الجوال,MOBILE,0569443437,replace
59,APT-2026-000059,ملاحظة_الاستقبال,SAUDI_ID,1575441591,ignore
59,APT-2026-000059,اسم_المريض,PERSON_NAME,سلمان التميمي,replace
59,APT-2026-000059,رقم_الهوية,SAUDI_ID,1508437645,replace
59,APT-2026-000059,رقم_الجوال,MOBILE,0561766490,replace
60,APT-2026-000060,ملاحظة_الاستقبال,SAUDI_ID,2519195677,replace
60,APT-2026-000060,اسم_المريض,PERSON_NAME,جواهر التميمي,replace
60,APT-2026-000060,رقم_الهوية,SAUDI_ID,1284325121,replace
60,APT-2026-000060,رقم_الجوال,MOBILE,0535526006,replace
61,APT-2026-000061,اسم_المريض,PERSON_NAME,جواهر باوزير,replace
61,APT-2026-000061,رقم_الهوية,SAUDI_ID,1652580265,replace
61,APT-2026-000061,رقم_الجوال,MOBILE,0590399576,replace
62,APT-2026-000062,اسم_المريض,PERSON_NAME,جاسم المري,replace
62,APT-2026-000062,رقم_الهوية,SAUDI_ID,1087749097,replace
62,APT-2026-000062,رقم_الجوال,MOBILE,0505287549,replace
63,APT-2026-000063,ملاحظة_الاستقبال,PERSON_NAME,تركي الهاجري,replace
63,APT-2026-000063,اسم_المريض,PERSON_NAME,ليان العجمي,replace
63,APT-2026-000063,رقم_الهوية,SAUDI_ID,1844120541,replace
63,APT-2026-000063,رقم_الجوال,MOBILE,0565738063,replace
64,APT-2026-000064,اسم_المريض,PERSON_NAME,عبدالرحمن العجمي,replace
64,APT-2026-000064,رقم_الهوية,SAUDI_ID,1534162969,replace
64,APT-2026-000064,رقم_الجوال,MOBILE,0509771138,replace
65,APT-2026-000065,ملاحظة_الاستقبال,SAUDI_ID,1158637914,ignore
65,APT-2026-000065,اسم_المريض,PERSON_NAME,يوسف التميمي,replace
65,APT-2026-000065,رقم_الهوية,SAUDI_ID,1229702418,replace
65,APT-2026-000065,رقم_الجوال,MOBILE,0545995430,replace
66,APT-2026-000066,اسم_المريض,PERSON_NAME,أسامة الهاجري,replace
66,APT-2026-000066,رقم_الهوية,SAUDI_ID,1737636934,replace
66,APT-2026-000066,رقم_الجوال,MOBILE,0551565497,replace
67,APT-2026-000067,اسم_المريض,PERSON_NAME,معاذ الأنصاري,replace
67,APT-2026-000067,رقم_الهوية,SAUDI_ID,1519181737,replace
67,APT-2026-000067,رقم_الجوال,MOBILE,0505050950,replace
68,APT-2026-000068,ملاحظة_الاستقبال,SAUDI_ID,1156888114,ignore
68,APT-2026-000068,اسم_المريض,PERSON_NAME,سلمان الأنصاري,replace
68,APT-2026-000068,رقم_الهوية,SAUDI_ID,1381017639,replace
68,APT-2026-000068,رقم_الجوال,MOBILE,0569375286,replace
69,APT-2026-000069,اسم_المريض,PERSON_NAME,فيصل الكثيري,replace
69,APT-2026-000069,رقم_الهوية,SAUDI_ID,1188445330,replace
69,APT-2026-000069,رقم_الجوال,MOBILE,0566703972,replace
70,APT-2026-000070,اسم_المريض,PERSON_NAME,روان البيشي,replace
70,APT-2026-000070,رقم_الهوية,SAUDI_ID,1321624890,replace
70,APT-2026-000070,رقم_الجوال,MOBILE,0506174806,replace
71,APT-2026-000071,ملاحظة_الاستقبال,SAUDI_ID,1150557385,review
71,APT-2026-000071,اسم_المريض,PERSON_NAME,ناصر العجمي,replace
71,APT-2026-000071,رقم_الهوية,SAUDI_ID,1449435161,replace
71,APT-2026-000071,رقم_الجوال,MOBILE,0556565710,replace
72,APT-2026-000072,اسم_المريض,PERSON_NAME,سلمان النعيمي,replace
72,APT-2026-000072,رقم_الهوية,SAUDI_ID,1109535953,replace
72,APT-2026-000072,رقم_الجوال,MOBILE,0543990527,replace
73,APT-2026-000073,ملاحظة_الاستقبال,MOBILE,0597651217,replace
73,APT-2026-000073,اسم_المريض,PERSON_NAME,روان الهاجري,replace
73,APT-2026-000073,رقم_الهوية,SAUDI_ID,1345052243,replace
73,APT-2026-000073,رقم_الجوال,MOBILE,0594070691,replace
74,APT-2026-000074,ملاحظة_الاستقبال,MOBILE,0556377668,replace
74,APT-2026-000074,اسم_المريض,PERSON_NAME,جاسم الخثعمي,replace
74,APT-2026-000074,رقم_الهوية,SAUDI_ID,1175115813,replace
74,APT-2026-000074,رقم_الجوال,MOBILE,0591648131,replace
75,APT-2026-000075,ملاحظة_الاستقبال,SAUDI_ID,1146336918,ignore
75,APT-2026-000075,اسم_المريض,PERSON_NAME,جواهر العيسى,replace
75,APT-2026-000075,رقم_الهوية,SAUDI_ID,1525698674,replace
75,APT-2026-000075,رقم_الجوال,MOBILE,0569759276,replace
76,APT-2026-000076,ملاحظة_الاستقبال,SAUDI_ID,1895123923,review
76,APT-2026-000076,اسم_المريض,PERSON_NAME,سامي الأنصاري,replace
76,APT-2026-000076,رقم_الهوية,SAUDI_ID,1329148207,replace
76,APT-2026-000076,رقم_الجوال,MOBILE,0595928757,replace
77,APT-2026-000077,اسم_المريض,PERSON_NAME,هاني العجمي,replace
77,APT-2026-000077,رقم_الهوية,SAUDI_ID,2494135029,replace
77,APT-2026-000077,رقم_الجوال,MOBILE,0564444824,replace
78,APT-2026-000078,ملاحظة_الاستقبال,PERSON_NAME,أمل العجمي,replace
78,APT-2026-000078,اسم_المريض,PERSON_NAME,فيصل السديري,replace
78,APT-2026-000078,رقم_الهوية,SAUDI_ID,1944065836,replace
78,APT-2026-000078,رقم_الجوال,MOBILE,0557553849,replace
79,APT-2026-000079,اسم_المريض,PERSON_NAME,يوسف النعيمي,replace
79,APT-2026-000079,رقم_الهوية,SAUDI_ID,1201206925,replace
79,APT-2026-000079,رقم_الجوال,MOBILE,0598816821,replace
80,APT-2026-000080,ملاحظة_الاستقبال,SAUDI_ID,1406022989,ignore
80,APT-2026-000080,اسم_المريض,PERSON_NAME,سلمان الهاجري,replace
80,APT-2026-000080,رقم_الهوية,SAUDI_ID,1445342825,replace
80,APT-2026-000080,رقم_الجوال,MOBILE,0550979999,replace
81,APT-2026-000081,ملاحظة_الاستقبال,SAUDI_ID,2347735231,replace
81,APT-2026-000081,اسم_المريض,PERSON_NAME,سلمان النعيمي,replace
81,APT-2026-000081,رقم_الهوية,SAUDI_ID,1363655356,replace
81,APT-2026-000081,رقم_الجوال,MOBILE,0550340958,replace
82,APT-2026-000082,اسم_المريض,PERSON_NAME,معاذ باوزير,replace
82,APT-2026-000082,رقم_الهوية,SAUDI_ID,1024314856,replace
82,APT-2026-000082,رقم_الجوال,MOBILE,0593038118,replace
83,APT-2026-000083,اسم_المريض,PERSON_NAME,جاسم الجبرين,replace
83,APT-2026-000083,رقم_الهوية,SAUDI_ID,1353648916,replace
83,APT-2026-000083,رقم_الجوال,MOBILE,0550070616,replace
84,APT-2026-000084,اسم_المريض,PERSON_NAME,ناصر العيسى,replace
84,APT-2026-000084,رقم_الهوية,SAUDI_ID,2332375514,replace
84,APT-2026-000084,رقم_الجوال,MOBILE,0542125014,replace
85,APT-2026-000085,ملاحظة_الاستقبال,MOBILE,0542026300,replace
85,APT-2026-000085,اسم_المريض,PERSON_NAME,ابتسام الشهراني,replace
85,APT-2026-000085,رقم_الهوية,SAUDI_ID,1482259148,replace
85,APT-2026-000085,رقم_الجوال,MOBILE,0559759770,replace
86,APT-2026-000086,اسم_المريض,PERSON_NAME,عبير الهاجري,replace
86,APT-2026-000086,رقم_الهوية,SAUDI_ID,1250240544,replace
86,APT-2026-000086,رقم_الجوال,MOBILE,0568574952,replace
87,APT-2026-000087,اسم_المريض,PERSON_NAME,عبدالرحمن الخثعمي,replace
87,APT-2026-000087,رقم_الهوية,SAUDI_ID,1425389622,replace
87,APT-2026-000087,رقم_الجوال,MOBILE,0595410578,replace
88,APT-2026-000088,اسم_المريض,PERSON_NAME,أسماء الصقير,replace
88,APT-2026-000088,رقم_الهوية,SAUDI_ID,1020487011,replace
88,APT-2026-000088,رقم_الجوال,MOBILE,0540396043,replace
89,APT-2026-000089,ملاحظة_الاستقبال,SAUDI_ID,2144644297,replace
89,APT-2026-000089,اسم_المريض,PERSON_NAME,أسماء التميمي,replace
89,APT-2026-000089,رقم_الهوية,SAUDI_ID,1742344219,replace
89,APT-2026-000089,رقم_الجوال,MOBILE,0554300857,replace
90,APT-2026-000090,اسم_المريض,PERSON_NAME,معاذ الجبرين,replace
90,APT-2026-000090,رقم_الهوية,SAUDI_ID,1066609478,replace
90,APT-2026-000090,رقم_الجوال,MOBILE,0597365002,replace
91,APT-2026-000091,اسم_المريض,PERSON_NAME,سلمان باوزير,replace
91,APT-2026-000091,رقم_الهوية,SAUDI_ID,1155004896,replace
91,APT-2026-000091,رقم_الجوال,MOBILE,0564705143,replace
92,APT-2026-000092,اسم_المريض,PERSON_NAME,منى الكثيري,replace
92,APT-2026-000092,رقم_الهوية,SAUDI_ID,1615054887,replace
92,APT-2026-000092,رقم_الجوال,MOBILE,0553637116,replace
93,APT-2026-000093,اسم_المريض,PERSON_NAME,سلمان الهاجري,replace
93,APT-2026-000093,رقم_الهوية,SAUDI_ID,1092284957,replace
93,APT-2026-000093,رقم_الجوال,MOBILE,0540070617,replace
94,APT-2026-000094,اسم_المريض,PERSON_NAME,ابتسام الأنصاري,replace
94,APT-2026-000094,رقم_الهوية,SAUDI_ID,1396019232,replace
94,APT-2026-000094,رقم_الجوال,MOBILE,0509760616,replace
95,APT-2026-000095,اسم_المريض,PERSON_NAME,ابتسام البيشي,replace
95,APT-2026-000095,رقم_الهوية,SAUDI_ID,1340147352,replace
95,APT-2026-000095,رقم_الجوال,MOBILE,0596376539,replace
96,APT-2026-000096,اسم_المريض,PERSON_NAME,سلمى الهاجري,replace
96,APT-2026-000096,رقم_الهوية,SAUDI_ID,1439976349,replace
96,APT-2026-000096,رقم_الجوال,MOBILE,0539189596,replace
97,APT-2026-000097,اسم_المريض,PERSON_NAME,عبدالعزيز المري,replace
97,APT-2026-000097,رقم_الهوية,SAUDI_ID,1036195590,replace
97,APT-2026-000097,رقم_الجوال,MOBILE,0554486820,replace
98,APT-2026-000098,ملاحظة_الاستقبال,SAUDI_ID,1642598807,review
98,APT-2026-000098,اسم_المريض,PERSON_NAME,قصي السديري,replace
98,APT-2026-000098,رقم_الهوية,SAUDI_ID,2774621904,replace
98,APT-2026-000098,رقم_الجوال,MOBILE,0557887904,replace
99,APT-2026-000099,ملاحظة_الاستقبال,SAUDI_ID,1750794982,review
99,APT-2026-000099,اسم_المريض,PERSON_NAME,سلمى الجبرين,replace
99,APT-2026-000099,رقم_الهوية,SAUDI_ID,1933201103,replace
99,APT-2026-000099,رقم_الجوال,MOBILE,0593407090,replace
100,APT-2026-000100,اسم_المريض,PERSON_NAME,ابتسام العيسى,replace
100,APT-2026-000100,رقم_الهوية,SAUDI_ID,1576229270,replace
100,APT-2026-000100,رقم_الجوال,MOBILE,0549535375,replace
101,APT-2026-000101,ملاحظة_الاستقبال,SAUDI_ID,1444005464,review
101,APT-2026-000101,اسم_المريض,PERSON_NAME,فاطمة النعيمي,replace
101,APT-2026-000101,رقم_الهوية,SAUDI_ID,1798611602,replace
101,APT-2026-000101,رقم_الجوال,MOBILE,0599284025,replace
102,APT-2026-000102,ملاحظة_الاستقبال,MOBILE,0567483587,replace
102,APT-2026-000102,اسم_المريض,PERSON_NAME,جواهر العجمي,replace
102,APT-2026-000102,رقم_الهوية,SAUDI_ID,1178348973,replace
102,APT-2026-000102,رقم_الجوال,MOBILE,0598366584,replace
103,APT-2026-000103,ملاحظة_الاستقبال,PERSON_NAME,دلال المري,replace
103,APT-2026-000103,اسم_المريض,PERSON_NAME,هالة الهاجري,replace
103,APT-2026-000103,رقم_الهوية,SAUDI_ID,1839311386,replace
103,APT-2026-000103,رقم_الجوال,MOBILE,0548688404,replace
104,APT-2026-000104,ملاحظة_الاستقبال,SAUDI_ID,1205023029,review
104,APT-2026-000104,اسم_المريض,PERSON_NAME,فيصل الخثعمي,replace
104,APT-2026-000104,رقم_الهوية,SAUDI_ID,1373785995,replace
104,APT-2026-000104,رقم_الجوال,MOBILE,0500339134,replace
105,APT-2026-000105,ملاحظة_الاستقبال,SAUDI_ID,1641657000,review
105,APT-2026-000105,اسم_المريض,PERSON_NAME,قصي باوزير,replace
105,APT-2026-000105,رقم_الهوية,SAUDI_ID,2251900946,replace
105,APT-2026-000105,رقم_الجوال,MOBILE,0554626703,replace
106,APT-2026-000106,ملاحظة_الاستقبال,MOBILE,0533673696,replace
106,APT-2026-000106,اسم_المريض,PERSON_NAME,سلمى العجمي,replace
106,APT-2026-000106,رقم_الهوية,SAUDI_ID,1010595856,replace
106,APT-2026-000106,رقم_الجوال,MOBILE,0552992380,replace
107,APT-2026-000107,ملاحظة_الاستقبال,SAUDI_ID,1182128668,review
107,APT-2026-000107,اسم_المريض,PERSON_NAME,منى المري,replace
107,APT-2026-000107,رقم_الهوية,SAUDI_ID,1124290030,replace
107,APT-2026-000107,رقم_الجوال,MOBILE,0596210259,replace
108,APT-2026-000108,ملاحظة_الاستقبال,SAUDI_ID,1126541810,review
108,APT-2026-000108,اسم_المريض,PERSON_NAME,روان الأنصاري,replace
108,APT-2026-000108,رقم_الهوية,SAUDI_ID,1409035068,replace
108,APT-2026-000108,رقم_الجوال,MOBILE,0566484226,replace
109,APT-2026-000109,اسم_المريض,PERSON_NAME,منى باوزير,replace
109,APT-2026-000109,رقم_الهوية,SAUDI_ID,2749246795,replace
109,APT-2026-000109,رقم_الجوال,MOBILE,0502069435,replace
110,APT-2026-000110,ملاحظة_الاستقبال,SAUDI_ID,1578923292,review
110,APT-2026-000110,اسم_المريض,PERSON_NAME,معاذ التميمي,replace
110,APT-2026-000110,رقم_الهوية,SAUDI_ID,1950100543,replace
110,APT-2026-000110,رقم_الجوال,MOBILE,0558016372,replace
111,APT-2026-000111,ملاحظة_الاستقبال,PERSON_NAME,منى الجبرين,replace
111,APT-2026-000111,اسم_المريض,PERSON_NAME,فاطمة البيشي,replace
111,APT-2026-000111,رقم_الهوية,SAUDI_ID,1283950515,replace
111,APT-2026-000111,رقم_الجوال,MOBILE,0502744875,replace
112,APT-2026-000112,اسم_المريض,PERSON_NAME,هاني العجمي,replace
112,APT-2026-000112,رقم_الهوية,SAUDI_ID,1568930851,replace
112,APT-2026-000112,رقم_الجوال,MOBILE,0547467307,replace
113,APT-2026-000113,ملاحظة_الاستقبال,SAUDI_ID,1456300272,ignore
113,APT-2026-000113,اسم_المريض,PERSON_NAME,حمد الزامل,replace
113,APT-2026-000113,رقم_الهوية,SAUDI_ID,1986467676,replace
113,APT-2026-000113,رقم_الجوال,MOBILE,0541106812,replace
114,APT-2026-000114,اسم_المريض,PERSON_NAME,روان الهاجري,replace
114,APT-2026-000114,رقم_الهوية,SAUDI_ID,1235729041,replace
114,APT-2026-000114,رقم_الجوال,MOBILE,0505261180,replace
115,APT-2026-000115,ملاحظة_الاستقبال,SAUDI_ID,1356371181,ignore
115,APT-2026-000115,اسم_المريض,PERSON_NAME,مشاعل البيشي,replace
115,APT-2026-000115,رقم_الهوية,SAUDI_ID,1162792509,replace
115,APT-2026-000115,رقم_الجوال,MOBILE,0596083288,replace
116,APT-2026-000116,اسم_المريض,PERSON_NAME,دلال الصقير,replace
116,APT-2026-000116,رقم_الهوية,SAUDI_ID,1753512399,replace
116,APT-2026-000116,رقم_الجوال,MOBILE,0563218989,replace
117,APT-2026-000117,ملاحظة_الاستقبال,PERSON_NAME,عبير التميمي,replace
117,APT-2026-000117,اسم_المريض,PERSON_NAME,هالة النعيمي,replace
117,APT-2026-000117,رقم_الهوية,SAUDI_ID,1424604658,replace
117,APT-2026-000117,رقم_الجوال,MOBILE,0561249612,replace
118,APT-2026-000118,ملاحظة_الاستقبال,SAUDI_ID,1259912512,ignore
118,APT-2026-000118,اسم_المريض,PERSON_NAME,معاذ الزامل,replace
118,APT-2026-000118,رقم_الهوية,SAUDI_ID,1039573017,replace
118,APT-2026-000118,رقم_الجوال,MOBILE,0551198037,replace
119,APT-2026-000119,ملاحظة_الاستقبال,SAUDI_ID,1172729949,ignore
119,APT-2026-000119,اسم_المريض,PERSON_NAME,فيصل السديري,replace
119,APT-2026-000119,رقم_الهوية,SAUDI_ID,1245944176,replace
119,APT-2026-000119,رقم_الجوال,MOBILE,0590725128,replace
120,APT-2026-000120,اسم_المريض,PERSON_NAME,أسماء البيشي,replace
120,APT-2026-000120,رقم_الهوية,SAUDI_ID,1861315495,replace
120,APT-2026-000120,رقم_الجوال,MOBILE,0592658367,replace
121,APT-2026-000121,اسم_المريض,PERSON_NAME,سلمان التميمي,replace
121,APT-2026-000121,رقم_الهوية,SAUDI_ID,1627727934,replace
121,APT-2026-000121,رقم_الجوال,MOBILE,0591526310,replace
122,APT-2026-000122,اسم_المريض,PERSON_NAME,منى الخثعمي,replace
122,APT-2026-000122,رقم_الهوية,SAUDI_ID,1592208696,replace
122,APT-2026-000122,رقم_الجوال,MOBILE,0540816350,replace
123,APT-2026-000123,ملاحظة_الاستقبال,SAUDI_ID,2533174716,replace
123,APT-2026-000123,اسم_المريض,PERSON_NAME,روان العيسى,replace
123,APT-2026-000123,رقم_الهوية,SAUDI_ID,1321336578,replace
123,APT-2026-000123,رقم_الجوال,MOBILE,0504077517,replace
124,APT-2026-000124,اسم_المريض,PERSON_NAME,يوسف الهاجري,replace
124,APT-2026-000124,رقم_الهوية,SAUDI_ID,2800444669,replace
124,APT-2026-000124,رقم_الجوال,MOBILE,0509616369,replace
125,APT-2026-000125,اسم_المريض,PERSON_NAME,أسامة النعيمي,replace
125,APT-2026-000125,رقم_الهوية,SAUDI_ID,1059761492,replace
125,APT-2026-000125,رقم_الجوال,MOBILE,0500442130,replace
126,APT-2026-000126,اسم_المريض,PERSON_NAME,سلمى الصقير,replace
126,APT-2026-000126,رقم_الهوية,SAUDI_ID,1648624789,replace
126,APT-2026-000126,رقم_الجوال,MOBILE,0568809898,replace
127,APT-2026-000127,ملاحظة_الاستقبال,PERSON_NAME,ناصر باوزير,replace
127,APT-2026-000127,اسم_المريض,PERSON_NAME,نواف العجمي,replace
127,APT-2026-000127,رقم_الهوية,SAUDI_ID,1460536418,replace
127,APT-2026-000127,رقم_الجوال,MOBILE,0557098107,replace
128,APT-2026-000128,ملاحظة_الاستقبال,MOBILE,0593131148,replace
128,APT-2026-000128,اسم_المريض,PERSON_NAME,حمد السديري,replace
128,APT-2026-000128,رقم_الهوية,SAUDI_ID,1687862944,replace
128,APT-2026-000128,رقم_الجوال,MOBILE,0508333779,replace
129,APT-2026-000129,ملاحظة_الاستقبال,MOBILE,0567097356,replace
129,APT-2026-000129,اسم_المريض,PERSON_NAME,حصة الصقير,replace
129,APT-2026-000129,رقم_الهوية,SAUDI_ID,1584895229,replace
129,APT-2026-000129,رقم_الجوال,MOBILE,0543231065,replace
130,APT-2026-000130,ملاحظة_الاستقبال,SAUDI_ID,1925151508,ignore
130,APT-2026-000130,اسم_المريض,PERSON_NAME,خلود الأنصاري,replace
130,APT-2026-000130,رقم_الهوية,SAUDI_ID,1673277818,replace
130,APT-2026-000130,رقم_الجوال,MOBILE,0530633236,replace
131,APT-2026-000131,اسم_المريض,PERSON_NAME,نواف الهاجري,replace
131,APT-2026-000131,رقم_الهوية,SAUDI_ID,2770999296,replace
131,APT-2026-000131,رقم_الجوال,MOBILE,0545005977,replace
132,APT-2026-000132,ملاحظة_الاستقبال,SAUDI_ID,1645789485,ignore
132,APT-2026-000132,اسم_المريض,PERSON_NAME,منى المري,replace
132,APT-2026-000132,رقم_الهوية,SAUDI_ID,2654119466,replace
132,APT-2026-000132,رقم_الجوال,MOBILE,0591198650,replace
133,APT-2026-000133,ملاحظة_الاستقبال,MOBILE,0541324796,replace
133,APT-2026-000133,اسم_المريض,PERSON_NAME,مشاعل الجبرين,replace
133,APT-2026-000133,رقم_الهوية,SAUDI_ID,2605231899,replace
133,APT-2026-000133,رقم_الجوال,MOBILE,0539197972,replace
134,APT-2026-000134,اسم_المريض,PERSON_NAME,يوسف باوزير,replace
134,APT-2026-000134,رقم_الهوية,SAUDI_ID,2519917187,replace
134,APT-2026-000134,رقم_الجوال,MOBILE,0592389020,replace
135,APT-2026-000135,اسم_المريض,PERSON_NAME,حمد العيسى,replace
135,APT-2026-000135,رقم_الهوية,SAUDI_ID,1659268849,replace
135,APT-2026-000135,رقم_الجوال,MOBILE,0544516533,replace
136,APT-2026-000136,اسم_المريض,PERSON_NAME,قصي الأنصاري,replace
136,APT-2026-000136,رقم_الهوية,SAUDI_ID,2443130204,replace
136,APT-2026-000136,رقم_الجوال,MOBILE,0537966585,replace
137,APT-2026-000137,ملاحظة_الاستقبال,MOBILE,0536393158,replace
137,APT-2026-000137,اسم_المريض,PERSON_NAME,إبراهيم العيسى,replace
137,APT-2026-000137,رقم_الهوية,SAUDI_ID,1334287131,replace
137,APT-2026-000137,رقم_الجوال,MOBILE,0567053124,replace
138,APT-2026-000138,اسم_المريض,PERSON_NAME,هالة العجمي,replace
138,APT-2026-000138,رقم_الهوية,SAUDI_ID,1471396406,replace
138,APT-2026-000138,رقم_الجوال,MOBILE,0568683727,replace
139,APT-2026-000139,اسم_المريض,PERSON_NAME,حمد المري,replace
139,APT-2026-000139,رقم_الهوية,SAUDI_ID,2763217839,replace
139,APT-2026-000139,رقم_الجوال,MOBILE,0503271597,replace
140,APT-2026-000140,اسم_المريض,PERSON_NAME,ليان الأنصاري,replace
140,APT-2026-000140,رقم_الهوية,SAUDI_ID,1027273554,replace
140,APT-2026-000140,رقم_الجوال,MOBILE,0530777724,replace
141,APT-2026-000141,ملاحظة_الاستقبال,PERSON_NAME,فيصل الخثعمي,replace
141,APT-2026-000141,اسم_المريض,PERSON_NAME,ناصر الهاجري,replace
141,APT-2026-000141,رقم_الهوية,SAUDI_ID,1167316783,replace
141,APT-2026-000141,رقم_الجوال,MOBILE,0550199627,replace
142,APT-2026-000142,ملاحظة_الاستقبال,MOBILE,0549532938,replace
142,APT-2026-000142,اسم_المريض,PERSON_NAME,معاذ المري,replace
142,APT-2026-000142,رقم_الهوية,SAUDI_ID,1561291426,replace
142,APT-2026-000142,رقم_الجوال,MOBILE,0503856837,replace
143,APT-2026-000143,اسم_المريض,PERSON_NAME,أسامة باوزير,replace
143,APT-2026-000143,رقم_الهوية,SAUDI_ID,1438528901,replace
143,APT-2026-000143,رقم_الجوال,MOBILE,0540410993,replace
144,APT-2026-000144,ملاحظة_الاستقبال,SAUDI_ID,2889341976,replace
144,APT-2026-000144,اسم_المريض,PERSON_NAME,عبدالرحمن الكثيري,replace
144,APT-2026-000144,رقم_الهوية,SAUDI_ID,1995169941,replace
144,APT-2026-000144,رقم_الجوال,MOBILE,0536230351,replace
145,APT-2026-000145,اسم_المريض,PERSON_NAME,أسامة الشهراني,replace
145,APT-2026-000145,رقم_الهوية,SAUDI_ID,1877291342,replace
145,APT-2026-000145,رقم_الجوال,MOBILE,0530312829,replace
146,APT-2026-000146,اسم_المريض,PERSON_NAME,أسامة باوزير,replace
146,APT-2026-000146,رقم_الهوية,SAUDI_ID,1344567829,replace
146,APT-2026-000146,رقم_الجوال,MOBILE,0542878592,replace
147,APT-2026-000147,ملاحظة_الاستقبال,SAUDI_ID,1717255747,review
147,APT-2026-000147,اسم_المريض,PERSON_NAME,هاني باوزير,replace
147,APT-2026-000147,رقم_الهوية,SAUDI_ID,1806772685,replace
147,APT-2026-000147,رقم_الجوال,MOBILE,0565420222,replace
148,APT-2026-000148,ملاحظة_الاستقبال,SAUDI_ID,1797239855,ignore
148,APT-2026-000148,اسم_المريض,PERSON_NAME,نواف الشهراني,replace
148,APT-2026-000148,رقم_الهوية,SAUDI_ID,1965394586,replace
148,APT-2026-000148,رقم_الجوال,MOBILE,0569037547,replace
149,APT-2026-000149,ملاحظة_الاستقبال,SAUDI_ID,1027170250,ignore
149,APT-2026-000149,اسم_المريض,PERSON_NAME,دلال الصقير,replace
149,APT-2026-000149,رقم_الهوية,SAUDI_ID,1499467668,replace
149,APT-2026-000149,رقم_الجوال,MOBILE,0559288683,replace
150,APT-2026-000150,ملاحظة_الاستقبال,PERSON_NAME,تركي السديري,replace
150,APT-2026-000150,اسم_المريض,PERSON_NAME,أسماء الصقير,replace
150,APT-2026-000150,رقم_الهوية,SAUDI_ID,1939109375,replace
150,APT-2026-000150,رقم_الجوال,MOBILE,0545716673,replace
151,APT-2026-000151,ملاحظة_الاستقبال,SAUDI_ID,2789378367,replace
151,APT-2026-000151,اسم_المريض,PERSON_NAME,حمد الكثيري,replace
151,APT-2026-000151,رقم_الهوية,SAUDI_ID,1940537739,replace
151,APT-2026-000151,رقم_الجوال,MOBILE,0562411011,replace
152,APT-2026-000152,اسم_المريض,PERSON_NAME,روان الجبرين,replace
152,APT-2026-000152,رقم_الهوية,SAUDI_ID,1329844052,replace
152,APT-2026-000152,رقم_الجوال,MOBILE,0557407641,replace
153,APT-2026-000153,اسم_المريض,PERSON_NAME,عبير الزامل,replace
153,APT-2026-000153,رقم_الهوية,SAUDI_ID,1279460354,replace
153,APT-2026-000153,رقم_الجوال,MOBILE,0568686858,replace
154,APT-2026-000154,اسم_المريض,PERSON_NAME,ناصر العجمي,replace
154,APT-2026-000154,رقم_الهوية,SAUDI_ID,1202845077,replace
154,APT-2026-000154,رقم_الجوال,MOBILE,0592087173,replace
155,APT-2026-000155,اسم_المريض,PERSON_NAME,نورة الزامل,replace
155,APT-2026-000155,رقم_الهوية,SAUDI_ID,1977699766,replace
155,APT-2026-000155,رقم_الجوال,MOBILE,0558531883,replace
156,APT-2026-000156,اسم_المريض,PERSON_NAME,ابتسام السديري,replace
156,APT-2026-000156,رقم_الهوية,SAUDI_ID,1025758713,replace
156,APT-2026-000156,رقم_الجوال,MOBILE,0559089677,replace
157,APT-2026-000157,ملاحظة_الاستقبال,MOBILE,0569996761,replace
157,APT-2026-000157,اسم_المريض,PERSON_NAME,حصة الصقير,replace
157,APT-2026-000157,رقم_الهوية,SAUDI_ID,1211402142,replace
157,APT-2026-000157,رقم_الجوال,MOBILE,0548928163,replace
158,APT-2026-000158,ملاحظة_الاستقبال,SAUDI_ID,1316087629,ignore
158,APT-2026-000158,اسم_المريض,PERSON_NAME,عبدالرحمن الزامل,replace
158,APT-2026-000158,رقم_الهوية,SAUDI_ID,1195705734,replace
158,APT-2026-000158,رقم_الجوال,MOBILE,0538298449,replace
159,APT-2026-000159,ملاحظة_الاستقبال,SAUDI_ID,2631746761,replace
159,APT-2026-000159,اسم_المريض,PERSON_NAME,أسامة النعيمي,replace
159,APT-2026-000159,رقم_الهوية,SAUDI_ID,1336621121,replace
159,APT-2026-000159,رقم_الجوال,MOBILE,0546563545,replace
160,APT-2026-000160,ملاحظة_الاستقبال,SAUDI_ID,1081571901,review
160,APT-2026-000160,اسم_المريض,PERSON_NAME,فيصل الشهراني,replace
160,APT-2026-000160,رقم_الهوية,SAUDI_ID,1569507161,replace
160,APT-2026-000160,رقم_الجوال,MOBILE,0507012539,replace
161,APT-2026-000161,ملاحظة_الاستقبال,PERSON_NAME,ناصر الهاجري,replace
161,APT-2026-000161,اسم_المريض,PERSON_NAME,مشاعل الكثيري,replace
161,APT-2026-000161,رقم_الهوية,SAUDI_ID,1415082179,replace
161,APT-2026-000161,رقم_الجوال,MOBILE,0508272468,replace
162,APT-2026-000162,اسم_المريض,PERSON_NAME,معاذ البيشي,replace
162,APT-2026-000162,رقم_الهوية,SAUDI_ID,1492712771,replace
162,APT-2026-000162,رقم_الجوال,MOBILE,0598004916,replace
163,APT-2026-000163,اسم_المريض,PERSON_NAME,فاطمة الأنصاري,replace
163,APT-2026-000163,رقم_الهوية,SAUDI_ID,2480819693,replace
163,APT-2026-000163,رقم_الجوال,MOBILE,0596157377,replace
164,APT-2026-000164,ملاحظة_الاستقبال,MOBILE,0566271282,replace
164,APT-2026-000164,اسم_المريض,PERSON_NAME,جاسم الأنصاري,replace
164,APT-2026-000164,رقم_الهوية,SAUDI_ID,1707248215,replace
164,APT-2026-000164,رقم_الجوال,MOBILE,0569710974,replace
165,APT-2026-000165,اسم_المريض,PERSON_NAME,هالة باوزير,replace
165,APT-2026-000165,رقم_الهوية,SAUDI_ID,1250034673,replace
165,APT-2026-000165,رقم_الجوال,MOBILE,0531874141,replace
166,APT-2026-000166,ملاحظة_الاستقبال,PERSON_NAME,فيصل الخثعمي,replace
166,APT-2026-000166,اسم_المريض,PERSON_NAME,هاني العجمي,replace
166,APT-2026-000166,رقم_الهوية,SAUDI_ID,1661341634,replace
166,APT-2026-000166,رقم_الجوال,MOBILE,0557025026,replace
167,APT-2026-000167,اسم_المريض,PERSON_NAME,أمل الخثعمي,replace
167,APT-2026-000167,رقم_الهوية,SAUDI_ID,1259724779,replace
167,APT-2026-000167,رقم_الجوال,MOBILE,0540497988,replace
168,APT-2026-000168,ملاحظة_الاستقبال,SAUDI_ID,1829745791,review
168,APT-2026-000168,اسم_المريض,PERSON_NAME,فاطمة الجبرين,replace
168,APT-2026-000168,رقم_الهوية,SAUDI_ID,1147047300,replace
168,APT-2026-000168,رقم_الجوال,MOBILE,0547603099,replace
169,APT-2026-000169,اسم_المريض,PERSON_NAME,يوسف البيشي,replace
169,APT-2026-000169,رقم_الهوية,SAUDI_ID,1398689453,replace
169,APT-2026-000169,رقم_الجوال,MOBILE,0540452221,replace
170,APT-2026-000170,اسم_المريض,PERSON_NAME,سلمى العيسى,replace
170,APT-2026-000170,رقم_الهوية,SAUDI_ID,1064683715,replace
170,APT-2026-000170,رقم_الجوال,MOBILE,0547040519,replace
171,APT-2026-000171,ملاحظة_الاستقبال,SAUDI_ID,1625285091,review
171,APT-2026-000171,اسم_المريض,PERSON_NAME,روان الهاجري,replace
171,APT-2026-000171,رقم_الهوية,SAUDI_ID,1792929166,replace
171,APT-2026-000171,رقم_الجوال,MOBILE,0556490611,replace
172,APT-2026-000172,ملاحظة_الاستقبال,MOBILE,0559722640,replace
172,APT-2026-000172,اسم_المريض,PERSON_NAME,فيصل الهاجري,replace
172,APT-2026-000172,رقم_الهوية,SAUDI_ID,1509973671,replace
172,APT-2026-000172,رقم_الجوال,MOBILE,0530851526,replace
173,APT-2026-000173,اسم_المريض,PERSON_NAME,عبدالعزيز الكثيري,replace
173,APT-2026-000173,رقم_الهوية,SAUDI_ID,1172927285,replace
173,APT-2026-000173,رقم_الجوال,MOBILE,0542930933,replace
174,APT-2026-000174,اسم_المريض,PERSON_NAME,معاذ الكثيري,replace
174,APT-2026-000174,رقم_الهوية,SAUDI_ID,1714049713,replace
174,APT-2026-000174,رقم_الجوال,MOBILE,0592427899,replace
175,APT-2026-000175,ملاحظة_الاستقبال,PERSON_NAME,نواف الشهراني,replace
175,APT-2026-000175,اسم_المريض,PERSON_NAME,عبير العيسى,replace
175,APT-2026-000175,رقم_الهوية,SAUDI_ID,1737755155,replace
175,APT-2026-000175,رقم_الجوال,MOBILE,0532526614,replace
176,APT-2026-000176,اسم_المريض,PERSON_NAME,هالة النعيمي,replace
176,APT-2026-000176,رقم_الهوية,SAUDI_ID,2433089436,replace
176,APT-2026-000176,رقم_الجوال,MOBILE,0595705329,replace
177,APT-2026-000177,اسم_المريض,PERSON_NAME,سامي السديري,replace
177,APT-2026-000177,رقم_الهوية,SAUDI_ID,1846471306,replace
177,APT-2026-000177,رقم_الجوال,MOBILE,0536939723,replace
178,APT-2026-000178,ملاحظة_الاستقبال,SAUDI_ID,1518108952,ignore
178,APT-2026-000178,اسم_المريض,PERSON_NAME,ليان السديري,replace
178,APT-2026-000178,رقم_الهوية,SAUDI_ID,2144844129,replace
178,APT-2026-000178,رقم_الجوال,MOBILE,0544995520,replace
179,APT-2026-000179,اسم_المريض,PERSON_NAME,تركي الهاجري,replace
179,APT-2026-000179,رقم_الهوية,SAUDI_ID,1283703948,replace
179,APT-2026-000179,رقم_الجوال,MOBILE,0598093195,replace
180,APT-2026-000180,اسم_المريض,PERSON_NAME,ناصر النعيمي,replace
180,APT-2026-000180,رقم_الهوية,SAUDI_ID,1992237311,replace
180,APT-2026-000180,رقم_الجوال,MOBILE,0563050692,replace
181,APT-2026-000181,ملاحظة_الاستقبال,SAUDI_ID,1674173414,ignore
181,APT-2026-000181,اسم_المريض,PERSON_NAME,فيصل المري,replace
181,APT-2026-000181,رقم_الهوية,SAUDI_ID,1788765582,replace
181,APT-2026-000181,رقم_الجوال,MOBILE,0533503035,replace
182,APT-2026-000182,ملاحظة_الاستقبال,MOBILE,0545920936,replace
182,APT-2026-000182,اسم_المريض,PERSON_NAME,نورة النعيمي,replace
182,APT-2026-000182,رقم_الهوية,SAUDI_ID,1033422021,replace
182,APT-2026-000182,رقم_الجوال,MOBILE,0503059862,replace
183,APT-2026-000183,ملاحظة_الاستقبال,SAUDI_ID,1404587717,review
183,APT-2026-000183,اسم_المريض,PERSON_NAME,أسماء العجمي,replace
183,APT-2026-000183,رقم_الهوية,SAUDI_ID,1533125512,replace
183,APT-2026-000183,رقم_الجوال,MOBILE,0563806817,replace
184,APT-2026-000184,اسم_المريض,PERSON_NAME,سلمان الأنصاري,replace
184,APT-2026-000184,رقم_الهوية,SAUDI_ID,1325506069,replace
184,APT-2026-000184,رقم_الجوال,MOBILE,0552044166,replace
185,APT-2026-000185,ملاحظة_الاستقبال,SAUDI_ID,1517326047,ignore
185,APT-2026-000185,اسم_المريض,PERSON_NAME,فيصل باوزير,replace
185,APT-2026-000185,رقم_الهوية,SAUDI_ID,1259327573,replace
185,APT-2026-000185,رقم_الجوال,MOBILE,0559965553,replace
186,APT-2026-000186,اسم_المريض,PERSON_NAME,يوسف العيسى,replace
186,APT-2026-000186,رقم_الهوية,SAUDI_ID,1160712517,replace
186,APT-2026-000186,رقم_الجوال,MOBILE,0531083551,replace
187,APT-2026-000187,اسم_المريض,PERSON_NAME,عبدالعزيز باوزير,replace
187,APT-2026-000187,رقم_الهوية,SAUDI_ID,2037551641,replace
187,APT-2026-000187,رقم_الجوال,MOBILE,0561480535,replace
188,APT-2026-000188,اسم_المريض,PERSON_NAME,معاذ التميمي,replace
188,APT-2026-000188,رقم_الهوية,SAUDI_ID,1311197493,replace
188,APT-2026-000188,رقم_الجوال,MOBILE,0564961695,replace
189,APT-2026-000189,ملاحظة_الاستقبال,SAUDI_ID,1351718793,ignore
189,APT-2026-000189,اسم_المريض,PERSON_NAME,نورة العجمي,replace
189,APT-2026-000189,رقم_الهوية,SAUDI_ID,1272524354,replace
189,APT-2026-000189,رقم_الجوال,MOBILE,0560050864,replace
190,APT-2026-000190,اسم_المريض,PERSON_NAME,فاطمة الشهراني,replace
190,APT-2026-000190,رقم_الهوية,SAUDI_ID,1017105717,replace
190,APT-2026-000190,رقم_الجوال,MOBILE,0538101032,replace
191,APT-2026-000191,ملاحظة_الاستقبال,SAUDI_ID,1332014686,ignore
191,APT-2026-000191,اسم_المريض,PERSON_NAME,أسماء المري,replace
191,APT-2026-000191,رقم_الهوية,SAUDI_ID,2906979006,replace
191,APT-2026-000191,رقم_الجوال,MOBILE,0537477630,replace
192,APT-2026-000192,ملاحظة_الاستقبال,PERSON_NAME,دلال الكثيري,replace
192,APT-2026-000192,اسم_المريض,PERSON_NAME,نواف الهاجري,replace
192,APT-2026-000192,رقم_الهوية,SAUDI_ID,2520332525,replace
192,APT-2026-000192,رقم_الجوال,MOBILE,0592592737,replace
193,APT-2026-000193,ملاحظة_الاستقبال,PERSON_NAME,إبراهيم النعيمي,replace
193,APT-2026-000193,اسم_المريض,PERSON_NAME,فاطمة المري,replace
193,APT-2026-000193,رقم_الهوية,SAUDI_ID,1056961871,replace
193,APT-2026-000193,رقم_الجوال,MOBILE,0555072130,replace
194,APT-2026-000194,اسم_المريض,PERSON_NAME,فيصل العجمي,replace
194,APT-2026-000194,رقم_الهوية,SAUDI_ID,1674875685,replace
194,APT-2026-000194,رقم_الجوال,MOBILE,0550637204,replace
195,APT-2026-000195,اسم_المريض,PERSON_NAME,عبدالرحمن التميمي,replace
195,APT-2026-000195,رقم_الهوية,SAUDI_ID,1935049740,replace
195,APT-2026-000195,رقم_الجوال,MOBILE,0554328427,replace
196,APT-2026-000196,ملاحظة_الاستقبال,MOBILE,0540888904,replace
196,APT-2026-000196,اسم_المريض,PERSON_NAME,جواهر البيشي,replace
196,APT-2026-000196,رقم_الهوية,SAUDI_ID,1684900374,replace
196,APT-2026-000196,رقم_الجوال,MOBILE,0564927895,replace
197,APT-2026-000197,اسم_المريض,PERSON_NAME,ليان الخثعمي,replace
197,APT-2026-000197,رقم_الهوية,SAUDI_ID,2705884357,replace
197,APT-2026-000197,رقم_الجوال,MOBILE,0506809698,replace
198,APT-2026-000198,ملاحظة_الاستقبال,PERSON_NAME,مشاعل باوزير,replace
198,APT-2026-000198,اسم_المريض,PERSON_NAME,هاني السديري,replace
198,APT-2026-000198,رقم_الهوية,SAUDI_ID,1758466880,replace
198,APT-2026-000198,رقم_الجوال,MOBILE,0596447761,replace
199,APT-2026-000199,ملاحظة_الاستقبال,SAUDI_ID,2976987442,replace
199,APT-2026-000199,اسم_المريض,PERSON_NAME,منى المري,replace
199,APT-2026-000199,رقم_الهوية,SAUDI_ID,1266613098,replace
199,APT-2026-000199,رقم_الجوال,MOBILE,0501832975,replace
200,APT-2026-000200,ملاحظة_الاستقبال,PERSON_NAME,فيصل المري,replace
200,APT-2026-000200,اسم_المريض,PERSON_NAME,خلود الخثعمي,replace
200,APT-2026-000200,رقم_الهوية,SAUDI_ID,1139487787,replace
200,APT-2026-000200,رقم_الجوال,MOBILE,0532548525,replace
201,APT-2026-000201,ملاحظة_الاستقبال,SAUDI_ID,2171316462,replace
201,APT-2026-000201,اسم_المريض,PERSON_NAME,ابتسام الخثعمي,replace
201,APT-2026-000201,رقم_الهوية,SAUDI_ID,1037653050,replace
201,APT-2026-000201,رقم_الجوال,MOBILE,0542586340,replace
202,APT-2026-000202,اسم_المريض,PERSON_NAME,مشاعل المري,replace
202,APT-2026-000202,رقم_الهوية,SAUDI_ID,1216328979,replace
202,APT-2026-000202,رقم_الجوال,MOBILE,0507045977,replace
203,APT-2026-000203,ملاحظة_الاستقبال,PERSON_NAME,معاذ العيسى,replace
203,APT-2026-000203,اسم_المريض,PERSON_NAME,روان النعيمي,replace
203,APT-2026-000203,رقم_الهوية,SAUDI_ID,2033804747,replace
203,APT-2026-000203,رقم_الجوال,MOBILE,0566681634,replace
204,APT-2026-000204,ملاحظة_الاستقبال,SAUDI_ID,1879379405,ignore
204,APT-2026-000204,اسم_المريض,PERSON_NAME,أمل المري,replace
204,APT-2026-000204,رقم_الهوية,SAUDI_ID,1792672451,replace
204,APT-2026-000204,رقم_الجوال,MOBILE,0509103515,replace
205,APT-2026-000205,ملاحظة_الاستقبال,PERSON_NAME,دلال الشهراني,replace
205,APT-2026-000205,اسم_المريض,PERSON_NAME,حصة السديري,replace
205,APT-2026-000205,رقم_الهوية,SAUDI_ID,1012093843,replace
205,APT-2026-000205,رقم_الجوال,MOBILE,0566497975,replace
206,APT-2026-000206,اسم_المريض,PERSON_NAME,روان العيسى,replace
206,APT-2026-000206,رقم_الهوية,SAUDI_ID,1346885682,replace
206,APT-2026-000206,رقم_الجوال,MOBILE,0509857704,replace
207,APT-2026-000207,ملاحظة_الاستقبال,PERSON_NAME,فيصل الصقير,replace
207,APT-2026-000207,اسم_المريض,PERSON_NAME,قصي باوزير,replace
207,APT-2026-000207,رقم_الهوية,SAUDI_ID,1440478038,replace
207,APT-2026-000207,رقم_الجوال,MOBILE,0502345881,replace
208,APT-2026-000208,اسم_المريض,PERSON_NAME,عبدالعزيز العجمي,replace
208,APT-2026-000208,رقم_الهوية,SAUDI_ID,1898996812,replace
208,APT-2026-000208,رقم_الجوال,MOBILE,0540602152,replace
209,APT-2026-000209,اسم_المريض,PERSON_NAME,أسماء الصقير,replace
209,APT-2026-000209,رقم_الهوية,SAUDI_ID,1609010986,replace
209,APT-2026-000209,رقم_الجوال,MOBILE,0543128131,replace
210,APT-2026-000210,اسم_المريض,PERSON_NAME,عبير السديري,replace
210,APT-2026-000210,رقم_الهوية,SAUDI_ID,1079121586,replace
210,APT-2026-000210,رقم_الجوال,MOBILE,0569042252,replace
211,APT-2026-000211,اسم_المريض,PERSON_NAME,جاسم الزامل,replace
211,APT-2026-000211,رقم_الهوية,SAUDI_ID,1864664105,replace
211,APT-2026-000211,رقم_الجوال,MOBILE,0563606600,replace
212,APT-2026-000212,ملاحظة_الاستقبال,SAUDI_ID,1760266838,ignore
212,APT-2026-000212,اسم_المريض,PERSON_NAME,ناصر العجمي,replace
212,APT-2026-000212,رقم_الهوية,SAUDI_ID,1658464365,replace
212,APT-2026-000212,رقم_الجوال,MOBILE,0547488563,replace
213,APT-2026-000213,ملاحظة_الاستقبال,SAUDI_ID,2222086932,replace
213,APT-2026-000213,اسم_المريض,PERSON_NAME,نواف العيسى,replace
213,APT-2026-000213,رقم_الهوية,SAUDI_ID,1869271054,replace
213,APT-2026-000213,رقم_الجوال,MOBILE,0565599942,replace
214,APT-2026-000214,اسم_المريض,PERSON_NAME,عبير الخثعمي,replace
214,APT-2026-000214,رقم_الهوية,SAUDI_ID,1400574636,replace
214,APT-2026-000214,رقم_الجوال,MOBILE,0502563655,replace
215,APT-2026-000215,اسم_المريض,PERSON_NAME,معاذ العجمي,replace
215,APT-2026-000215,رقم_الهوية,SAUDI_ID,2276004401,replace
215,APT-2026-000215,رقم_الجوال,MOBILE,0540233595,replace
216,APT-2026-000216,ملاحظة_الاستقبال,SAUDI_ID,1886191152,review
216,APT-2026-000216,اسم_المريض,PERSON_NAME,عبدالعزيز باوزير,replace
216,APT-2026-000216,رقم_الهوية,SAUDI_ID,1248858811,replace
216,APT-2026-000216,رقم_الجوال,MOBILE,0559679588,replace
217,APT-2026-000217,ملاحظة_الاستقبال,SAUDI_ID,2808058172,replace
217,APT-2026-000217,اسم_المريض,PERSON_NAME,سلمى الهاجري,replace
217,APT-2026-000217,رقم_الهوية,SAUDI_ID,1459651228,replace
217,APT-2026-000217,رقم_الجوال,MOBILE,0508536755,replace
218,APT-2026-000218,ملاحظة_الاستقبال,SAUDI_ID,2375471220,replace
218,APT-2026-000218,اسم_المريض,PERSON_NAME,تركي الجبرين,replace
218,APT-2026-000218,رقم_الهوية,SAUDI_ID,1068626421,replace
218,APT-2026-000218,رقم_الجوال,MOBILE,0539534830,replace
219,APT-2026-000219,ملاحظة_الاستقبال,SAUDI_ID,1314956585,ignore
219,APT-2026-000219,اسم_المريض,PERSON_NAME,تركي الصقير,replace
219,APT-2026-000219,رقم_الهوية,SAUDI_ID,2964848739,replace
219,APT-2026-000219,رقم_الجوال,MOBILE,0599683323,replace
220,APT-2026-000220,ملاحظة_الاستقبال,MOBILE,0534495468,replace
220,APT-2026-000220,اسم_المريض,PERSON_NAME,نورة التميمي,replace
220,APT-2026-000220,رقم_الهوية,SAUDI_ID,1223726165,replace
220,APT-2026-000220,رقم_الجوال,MOBILE,0562537789,replace
221,APT-2026-000221,اسم_المريض,PERSON_NAME,ناصر الجبرين,replace
221,APT-2026-000221,رقم_الهوية,SAUDI_ID,1644215160,replace
221,APT-2026-000221,رقم_الجوال,MOBILE,0558305513,replace
222,APT-2026-000222,اسم_المريض,PERSON_NAME,سلمان البيشي,replace
222,APT-2026-000222,رقم_الهوية,SAUDI_ID,1001684438,replace
222,APT-2026-000222,رقم_الجوال,MOBILE,0501095433,replace
223,APT-2026-000223,ملاحظة_الاستقبال,MOBILE,0596320428,replace
223,APT-2026-000223,اسم_المريض,PERSON_NAME,حمد الصقير,replace
223,APT-2026-000223,رقم_الهوية,SAUDI_ID,2187257296,replace
223,APT-2026-000223,رقم_الجوال,MOBILE,0559254780,replace
224,APT-2026-000224,ملاحظة_الاستقبال,SAUDI_ID,1243083449,review
224,APT-2026-000224,اسم_المريض,PERSON_NAME,معاذ السديري,replace
224,APT-2026-000224,رقم_الهوية,SAUDI_ID,1624762165,replace
224,APT-2026-000224,رقم_الجوال,MOBILE,0530738218,replace
225,APT-2026-000225,ملاحظة_الاستقبال,SAUDI_ID,1452462757,ignore
225,APT-2026-000225,اسم_المريض,PERSON_NAME,ليان العجمي,replace
225,APT-2026-000225,رقم_الهوية,SAUDI_ID,1609331432,replace
225,APT-2026-000225,رقم_الجوال,MOBILE,0505826380,replace
226,APT-2026-000226,ملاحظة_الاستقبال,SAUDI_ID,2647040639,replace
226,APT-2026-000226,اسم_المريض,PERSON_NAME,دلال الكثيري,replace
226,APT-2026-000226,رقم_الهوية,SAUDI_ID,1384844187,replace
226,APT-2026-000226,رقم_الجوال,MOBILE,0531900248,replace
227,APT-2026-000227,ملاحظة_الاستقبال,SAUDI_ID,1021545148,review
227,APT-2026-000227,اسم_المريض,PERSON_NAME,حمد الزامل,replace
227,APT-2026-000227,رقم_الهوية,SAUDI_ID,1595880921,replace
227,APT-2026-000227,رقم_الجوال,MOBILE,0547202507,replace
228,APT-2026-000228,اسم_المريض,PERSON_NAME,ناصر السديري,replace
228,APT-2026-000228,رقم_الهوية,SAUDI_ID,1081505370,replace
228,APT-2026-000228,رقم_الجوال,MOBILE,0597110835,replace
229,APT-2026-000229,ملاحظة_الاستقبال,SAUDI_ID,1556325064,review
229,APT-2026-000229,اسم_المريض,PERSON_NAME,عبير البيشي,replace
229,APT-2026-000229,رقم_الهوية,SAUDI_ID,1792360297,replace
229,APT-2026-000229,رقم_الجوال,MOBILE,0593174388,replace
230,APT-2026-000230,اسم_المريض,PERSON_NAME,سامي الأنصاري,replace
230,APT-2026-000230,رقم_الهوية,SAUDI_ID,1212573008,replace
230,APT-2026-000230,رقم_الجوال,MOBILE,0535561233,replace
231,APT-2026-000231,ملاحظة_الاستقبال,SAUDI_ID,1044675718,ignore
231,APT-2026-000231,اسم_المريض,PERSON_NAME,ليان الخثعمي,replace
231,APT-2026-000231,رقم_الهوية,SAUDI_ID,1238274086,replace
231,APT-2026-000231,رقم_الجوال,MOBILE,0594481211,replace
232,APT-2026-000232,ملاحظة_الاستقبال,SAUDI_ID,1972173429,review
232,APT-2026-000232,اسم_المريض,PERSON_NAME,خلود الزامل,replace
232,APT-2026-000232,رقم_الهوية,SAUDI_ID,1736172089,replace
232,APT-2026-000232,رقم_الجوال,MOBILE,0506953977,replace
233,APT-2026-000233,ملاحظة_الاستقبال,PERSON_NAME,نواف الجبرين,replace
233,APT-2026-000233,اسم_المريض,PERSON_NAME,مشاعل الشهراني,replace
233,APT-2026-000233,رقم_الهوية,SAUDI_ID,1111758197,replace
233,APT-2026-000233,رقم_الجوال,MOBILE,0554481262,replace
234,APT-2026-000234,اسم_المريض,PERSON_NAME,دلال السديري,replace
234,APT-2026-000234,رقم_الهوية,SAUDI_ID,2615753197,replace
234,APT-2026-000234,رقم_الجوال,MOBILE,0598705765,replace
235,APT-2026-000235,اسم_المريض,PERSON_NAME,هاني الزامل,replace
235,APT-2026-000235,رقم_الهوية,SAUDI_ID,2905047466,replace
235,APT-2026-000235,رقم_الجوال,MOBILE,0548060108,replace
236,APT-2026-000236,ملاحظة_الاستقبال,SAUDI_ID,1038370928,review
236,APT-2026-000236,اسم_المريض,PERSON_NAME,ناصر الخثعمي,replace
236,APT-2026-000236,رقم_الهوية,SAUDI_ID,1253549792,replace
236,APT-2026-000236,رقم_الجوال,MOBILE,0554324835,replace
237,APT-2026-000237,ملاحظة_الاستقبال,SAUDI_ID,1459745673,review
237,APT-2026-000237,اسم_المريض,PERSON_NAME,معاذ العجمي,replace
237,APT-2026-000237,رقم_الهوية,SAUDI_ID,1014825200,replace
237,APT-2026-000237,رقم_الجوال,MOBILE,0535518286,replace
238,APT-2026-000238,ملاحظة_الاستقبال,SAUDI_ID,1366117848,ignore
238,APT-2026-000238,اسم_المريض,PERSON_NAME,تركي السديري,replace
238,APT-2026-000238,رقم_الهوية,SAUDI_ID,2640073355,replace
238,APT-2026-000238,رقم_الجوال,MOBILE,0542866815,replace
239,APT-2026-000239,اسم_المريض,PERSON_NAME,سلمى البيشي,replace
239,APT-2026-000239,رقم_الهوية,SAUDI_ID,1707920441,replace
239,APT-2026-000239,رقم_الجوال,MOBILE,0530656838,replace
240,APT-2026-000240,اسم_المريض,PERSON_NAME,عبدالعزيز العيسى,replace
240,APT-2026-000240,رقم_الهوية,SAUDI_ID,1729053783,replace
240,APT-2026-000240,رقم_الجوال,MOBILE,0536485083,replace
241,APT-2026-000241,ملاحظة_الاستقبال,SAUDI_ID,2016307643,replace
241,APT-2026-000241,اسم_المريض,PERSON_NAME,سلمى النعيمي,replace
241,APT-2026-000241,رقم_الهوية,SAUDI_ID,1746289121,replace
241,APT-2026-000241,رقم_الجوال,MOBILE,0544143437,replace
242,APT-2026-000242,اسم_المريض,PERSON_NAME,جاسم النعيمي,replace
242,APT-2026-000242,رقم_الهوية,SAUDI_ID,1572129706,replace
242,APT-2026-000242,رقم_الجوال,MOBILE,0508280393,replace
243,APT-2026-000243,ملاحظة_الاستقبال,MOBILE,0549753334,replace
243,APT-2026-000243,اسم_المريض,PERSON_NAME,حصة باوزير,replace
243,APT-2026-000243,رقم_الهوية,SAUDI_ID,1113500381,replace
243,APT-2026-000243,رقم_الجوال,MOBILE,0593608414,replace
244,APT-2026-000244,ملاحظة_الاستقبال,SAUDI_ID,1818800086,review
244,APT-2026-000244,اسم_المريض,PERSON_NAME,تركي الهاجري,replace
244,APT-2026-000244,رقم_الهوية,SAUDI_ID,1742237207,replace
244,APT-2026-000244,رقم_الجوال,MOBILE,0501496486,replace
245,APT-2026-000245,ملاحظة_الاستقبال,PERSON_NAME,سلمان الزامل,replace
245,APT-2026-000245,اسم_المريض,PERSON_NAME,عبدالعزيز الصقير,replace
245,APT-2026-000245,رقم_الهوية,SAUDI_ID,1762730883,replace
245,APT-2026-000245,رقم_الجوال,MOBILE,0503647400,replace
246,APT-2026-000246,اسم_المريض,PERSON_NAME,عبدالرحمن الأنصاري,replace
246,APT-2026-000246,رقم_الهوية,SAUDI_ID,1851240034,replace
246,APT-2026-000246,رقم_الجوال,MOBILE,0531122571,replace
247,APT-2026-000247,اسم_المريض,PERSON_NAME,ليان الكثيري,replace
247,APT-2026-000247,رقم_الهوية,SAUDI_ID,1998466096,replace
247,APT-2026-000247,رقم_الجوال,MOBILE,0567824969,replace
248,APT-2026-000248,اسم_المريض,PERSON_NAME,حصة العجمي,replace
248,APT-2026-000248,رقم_الهوية,SAUDI_ID,1931647208,replace
248,APT-2026-000248,رقم_الجوال,MOBILE,0552292801,replace
249,APT-2026-000249,اسم_المريض,PERSON_NAME,هالة الأنصاري,replace
249,APT-2026-000249,رقم_الهوية,SAUDI_ID,2103118721,replace
249,APT-2026-000249,رقم_الجوال,MOBILE,0537027594,replace
250,APT-2026-000250,اسم_المريض,PERSON_NAME,نواف العجمي,replace
250,APT-2026-000250,رقم_الهوية,SAUDI_ID,2016741692,replace
250,APT-2026-000250,رقم_الجوال,MOBILE,0595287662,replace
251,APT-2026-000251,اسم_المريض,PERSON_NAME,خلود النعيمي,replace
251,APT-2026-000251,رقم_الهوية,SAUDI_ID,1748042700,replace
251,APT-2026-000251,رقم_الجوال,MOBILE,0597782690,replace
252,APT-2026-000252,ملاحظة_الاستقبال,SAUDI_ID,1115417964,review
252,APT-2026-000252,اسم_المريض,PERSON_NAME,تركي الأنصاري,replace
252,APT-2026-000252,رقم_الهوية,SAUDI_ID,1354233569,replace
252,APT-2026-000252,رقم_الجوال,MOBILE,0505471416,replace
253,APT-2026-000253,اسم_المريض,PERSON_NAME,جاسم الهاجري,replace
253,APT-2026-000253,رقم_الهوية,SAUDI_ID,1127494282,replace
253,APT-2026-000253,رقم_الجوال,MOBILE,0594703116,replace
254,APT-2026-000254,اسم_المريض,PERSON_NAME,فاطمة باوزير,replace
254,APT-2026-000254,رقم_الهوية,SAUDI_ID,2530589841,replace
254,APT-2026-000254,رقم_الجوال,MOBILE,0549958226,replace
255,APT-2026-000255,اسم_المريض,PERSON_NAME,فاطمة باوزير,replace
255,APT-2026-000255,رقم_الهوية,SAUDI_ID,2837309901,replace
255,APT-2026-000255,رقم_الجوال,MOBILE,0538944349,replace
256,APT-2026-000256,اسم_المريض,PERSON_NAME,إبراهيم المري,replace
256,APT-2026-000256,رقم_الهوية,SAUDI_ID,1414920999,replace
256,APT-2026-000256,رقم_الجوال,MOBILE,0500397710,replace
257,APT-2026-000257,اسم_المريض,PERSON_NAME,عبدالعزيز البيشي,replace
257,APT-2026-000257,رقم_الهوية,SAUDI_ID,2885280541,replace
257,APT-2026-000257,رقم_الجوال,MOBILE,0597791002,replace
258,APT-2026-000258,اسم_المريض,PERSON_NAME,أسامة النعيمي,replace
258,APT-2026-000258,رقم_الهوية,SAUDI_ID,1667197105,replace
258,APT-2026-000258,رقم_الجوال,MOBILE,0553130554,replace
259,APT-2026-000259,ملاحظة_الاستقبال,MOBILE,0500944552,replace
259,APT-2026-000259,اسم_المريض,PERSON_NAME,أسماء الصقير,replace
259,APT-2026-000259,رقم_الهوية,SAUDI_ID,1523621249,replace
259,APT-2026-000259,رقم_الجوال,MOBILE,0536684717,replace
260,APT-2026-000260,ملاحظة_الاستقبال,SAUDI_ID,1415969356,ignore
260,APT-2026-000260,اسم_المريض,PERSON_NAME,حمد الجبرين,replace
260,APT-2026-000260,رقم_الهوية,SAUDI_ID,1705846705,replace
260,APT-2026-000260,رقم_الجوال,MOBILE,0500808733,replace
261,APT-2026-000261,ملاحظة_الاستقبال,PERSON_NAME,جاسم الخثعمي,replace
261,APT-2026-000261,اسم_المريض,PERSON_NAME,أسامة السديري,replace
261,APT-2026-000261,رقم_الهوية,SAUDI_ID,1672609417,replace
261,APT-2026-000261,رقم_الجوال,MOBILE,0502985467,replace
262,APT-2026-000262,اسم_المريض,PERSON_NAME,معاذ السديري,replace
262,APT-2026-000262,رقم_الهوية,SAUDI_ID,1245572480,replace
262,APT-2026-000262,رقم_الجوال,MOBILE,0534775516,replace
263,APT-2026-000263,اسم_المريض,PERSON_NAME,سلمان العيسى,replace
263,APT-2026-000263,رقم_الهوية,SAUDI_ID,2863410417,replace
263,APT-2026-000263,رقم_الجوال,MOBILE,0593780812,replace
264,APT-2026-000264,ملاحظة_الاستقبال,SAUDI_ID,1785653351,review
264,APT-2026-000264,اسم_المريض,PERSON_NAME,سلمى الخثعمي,replace
264,APT-2026-000264,رقم_الهوية,SAUDI_ID,1632049894,replace
264,APT-2026-000264,رقم_الجوال,MOBILE,0567964324,replace
265,APT-2026-000265,اسم_المريض,PERSON_NAME,أسامة المري,replace
265,APT-2026-000265,رقم_الهوية,SAUDI_ID,1247664145,replace
265,APT-2026-000265,رقم_الجوال,MOBILE,0539134545,replace
266,APT-2026-000266,ملاحظة_الاستقبال,SAUDI_ID,1935202332,ignore
266,APT-2026-000266,اسم_المريض,PERSON_NAME,ليان الأنصاري,replace
266,APT-2026-000266,رقم_الهوية,SAUDI_ID,1086525423,replace
266,APT-2026-000266,رقم_الجوال,MOBILE,0563202018,replace
267,APT-2026-000267,اسم_المريض,PERSON_NAME,حمد العيسى,replace
267,APT-2026-000267,رقم_الهوية,SAUDI_ID,1426389209,replace
267,APT-2026-000267,رقم_الجوال,MOBILE,0533442055,replace
268,APT-2026-000268,ملاحظة_الاستقبال,SAUDI_ID,2632385338,replace
268,APT-2026-000268,اسم_المريض,PERSON_NAME,سامي العجمي,replace
268,APT-2026-000268,رقم_الهوية,SAUDI_ID,1433699939,replace
268,APT-2026-000268,رقم_الجوال,MOBILE,0544525358,replace
269,APT-2026-000269,اسم_المريض,PERSON_NAME,يوسف الزامل,replace
269,APT-2026-000269,رقم_الهوية,SAUDI_ID,1305425421,replace
269,APT-2026-000269,رقم_الجوال,MOBILE,0555742158,replace
270,APT-2026-000270,ملاحظة_الاستقبال,SAUDI_ID,2515161046,replace
270,APT-2026-000270,اسم_المريض,PERSON_NAME,عبير الأنصاري,replace
270,APT-2026-000270,رقم_الهوية,SAUDI_ID,1510945841,replace
270,APT-2026-000270,رقم_الجوال,MOBILE,0534801907,replace
271,APT-2026-000271,ملاحظة_الاستقبال,SAUDI_ID,1123288209,review
271,APT-2026-000271,اسم_المريض,PERSON_NAME,قصي البيشي,replace
271,APT-2026-000271,رقم_الهوية,SAUDI_ID,1730122643,replace
271,APT-2026-000271,رقم_الجوال,MOBILE,0547285285,replace
272,APT-2026-000272,ملاحظة_الاستقبال,SAUDI_ID,2553272945,replace
272,APT-2026-000272,اسم_المريض,PERSON_NAME,إبراهيم العيسى,replace
272,APT-2026-000272,رقم_الهوية,SAUDI_ID,1982278689,replace
272,APT-2026-000272,رقم_الجوال,MOBILE,0534089733,replace
273,APT-2026-000273,ملاحظة_الاستقبال,SAUDI_ID,2018366571,replace
273,APT-2026-000273,اسم_المريض,PERSON_NAME,نورة العجمي,replace
273,APT-2026-000273,رقم_الهوية,SAUDI_ID,1255272062,replace
273,APT-2026-000273,رقم_الجوال,MOBILE,0531406177,replace
274,APT-2026-000274,ملاحظة_الاستقبال,SAUDI_ID,1542792096,review
274,APT-2026-000274,اسم_المريض,PERSON_NAME,سامي باوزير,replace
274,APT-2026-000274,رقم_الهوية,SAUDI_ID,1386056681,replace
274,APT-2026-000274,رقم_الجوال,MOBILE,0561124513,replace
275,APT-2026-000275,ملاحظة_الاستقبال,MOBILE,0508473038,replace
275,APT-2026-000275,اسم_المريض,PERSON_NAME,جواهر الزامل,replace
275,APT-2026-000275,رقم_الهوية,SAUDI_ID,1516210679,replace
275,APT-2026-000275,رقم_الجوال,MOBILE,0505334837,replace
276,APT-2026-000276,ملاحظة_الاستقبال,SAUDI_ID,2040767853,replace
276,APT-2026-000276,اسم_المريض,PERSON_NAME,ابتسام العجمي,replace
276,APT-2026-000276,رقم_الهوية,SAUDI_ID,1099380410,replace
276,APT-2026-000276,رقم_الجوال,MOBILE,0507227609,replace
277,APT-2026-000277,ملاحظة_الاستقبال,PERSON_NAME,قصي التميمي,replace
277,APT-2026-000277,اسم_المريض,PERSON_NAME,روان التميمي,replace
277,APT-2026-000277,رقم_الهوية,SAUDI_ID,1067752293,replace
277,APT-2026-000277,رقم_الجوال,MOBILE,0535920999,replace
278,APT-2026-000278,ملاحظة_الاستقبال,PERSON_NAME,سلمى النعيمي,replace
278,APT-2026-000278,اسم_المريض,PERSON_NAME,منى باوزير,replace
278,APT-2026-000278,رقم_الهوية,SAUDI_ID,1218568499,replace
278,APT-2026-000278,رقم_الجوال,MOBILE,0531915202,replace
279,APT-2026-000279,اسم_المريض,PERSON_NAME,جواهر الهاجري,replace
279,APT-2026-000279,رقم_الهوية,SAUDI_ID,1964304388,replace
279,APT-2026-000279,رقم_الجوال,MOBILE,0559898699,replace
280,APT-2026-000280,اسم_المريض,PERSON_NAME,نورة السديري,replace
280,APT-2026-000280,رقم_الهوية,SAUDI_ID,1497452498,replace
280,APT-2026-000280,رقم_الجوال,MOBILE,0500029337,replace
281,APT-2026-000281,ملاحظة_الاستقبال,PERSON_NAME,فاطمة النعيمي,replace
281,APT-2026-000281,اسم_المريض,PERSON_NAME,سامي السديري,replace
281,APT-2026-000281,رقم_الهوية,SAUDI_ID,2785353901,replace
281,APT-2026-000281,رقم_الجوال,MOBILE,0506143364,replace
282,APT-2026-000282,اسم_المريض,PERSON_NAME,جواهر البيشي,replace
282,APT-2026-000282,رقم_الهوية,SAUDI_ID,1085278792,replace
282,APT-2026-000282,رقم_الجوال,MOBILE,0599177107,replace
283,APT-2026-000283,اسم_المريض,PERSON_NAME,ليان العجمي,replace
283,APT-2026-000283,رقم_الهوية,SAUDI_ID,1354417832,replace
283,APT-2026-000283,رقم_الجوال,MOBILE,0509175561,replace
284,APT-2026-000284,اسم_المريض,PERSON_NAME,ناصر الكثيري,replace
284,APT-2026-000284,رقم_الهوية,SAUDI_ID,1572645412,replace
284,APT-2026-000284,رقم_الجوال,MOBILE,0597719565,replace
285,APT-2026-000285,اسم_المريض,PERSON_NAME,أمل التميمي,replace
285,APT-2026-000285,رقم_الهوية,SAUDI_ID,1263569905,replace
285,APT-2026-000285,رقم_الجوال,MOBILE,0536815672,replace
286,APT-2026-000286,ملاحظة_الاستقبال,SAUDI_ID,1412932916,ignore
286,APT-2026-000286,اسم_المريض,PERSON_NAME,سامي الصقير,replace
286,APT-2026-000286,رقم_الهوية,SAUDI_ID,1163366295,replace
286,APT-2026-000286,رقم_الجوال,MOBILE,0547187153,replace
287,APT-2026-000287,ملاحظة_الاستقبال,SAUDI_ID,1592966428,ignore
287,APT-2026-000287,اسم_المريض,PERSON_NAME,منى العجمي,replace
287,APT-2026-000287,رقم_الهوية,SAUDI_ID,1811817905,replace
287,APT-2026-000287,رقم_الجوال,MOBILE,0567051776,replace
288,APT-2026-000288,ملاحظة_الاستقبال,MOBILE,0598467866,replace
288,APT-2026-000288,اسم_المريض,PERSON_NAME,خلود العيسى,replace
288,APT-2026-000288,رقم_الهوية,SAUDI_ID,1920565916,replace
288,APT-2026-000288,رقم_الجوال,MOBILE,0545367318,replace
289,APT-2026-000289,ملاحظة_الاستقبال,SAUDI_ID,1379749316,ignore
289,APT-2026-000289,اسم_المريض,PERSON_NAME,جواهر المري,replace
289,APT-2026-000289,رقم_الهوية,SAUDI_ID,1491513642,replace
289,APT-2026-000289,رقم_الجوال,MOBILE,0537559499,replace
290,APT-2026-000290,ملاحظة_الاستقبال,SAUDI_ID,1734318841,review
290,APT-2026-000290,اسم_المريض,PERSON_NAME,عبدالرحمن المري,replace
290,APT-2026-000290,رقم_الهوية,SAUDI_ID,1604235703,replace
290,APT-2026-000290,رقم_الجوال,MOBILE,0542463987,replace
291,APT-2026-000291,ملاحظة_الاستقبال,SAUDI_ID,1186833223,ignore
291,APT-2026-000291,اسم_المريض,PERSON_NAME,هاني الهاجري,replace
291,APT-2026-000291,رقم_الهوية,SAUDI_ID,1334398680,replace
291,APT-2026-000291,رقم_الجوال,MOBILE,0550598690,replace
292,APT-2026-000292,ملاحظة_الاستقبال,PERSON_NAME,معاذ باوزير,replace
292,APT-2026-000292,اسم_المريض,PERSON_NAME,روان الهاجري,replace
292,APT-2026-000292,رقم_الهوية,SAUDI_ID,1575307085,replace
292,APT-2026-000292,رقم_الجوال,MOBILE,0532806973,replace
293,APT-2026-000293,اسم_المريض,PERSON_NAME,خلود الكثيري,replace
293,APT-2026-000293,رقم_الهوية,SAUDI_ID,1651533638,replace
293,APT-2026-000293,رقم_الجوال,MOBILE,0559016478,replace
294,APT-2026-000294,ملاحظة_الاستقبال,SAUDI_ID,1966089943,ignore
294,APT-2026-000294,اسم_المريض,PERSON_NAME,يوسف التميمي,replace
294,APT-2026-000294,رقم_الهوية,SAUDI_ID,1748333687,replace
294,APT-2026-000294,رقم_الجوال,MOBILE,0554573566,replace
295,APT-2026-000295,اسم_المريض,PERSON_NAME,هالة الكثيري,replace
295,APT-2026-000295,رقم_الهوية,SAUDI_ID,1820040275,replace
295,APT-2026-000295,رقم_الجوال,MOBILE,0594686486,replace
296,APT-2026-000296,اسم_المريض,PERSON_NAME,فاطمة باوزير,replace
296,APT-2026-000296,رقم_الهوية,SAUDI_ID,1435499189,replace
296,APT-2026-000296,رقم_الجوال,MOBILE,0591014330,replace
297,APT-2026-000297,ملاحظة_الاستقبال,SAUDI_ID,2729454880,replace
297,APT-2026-000297,اسم_المريض,PERSON_NAME,هالة العجمي,replace
297,APT-2026-000297,رقم_الهوية,SAUDI_ID,1671694618,replace
297,APT-2026-000297,رقم_الجوال,MOBILE,0535010154,replace
298,APT-2026-000298,اسم_المريض,PERSON_NAME,نواف السديري,replace
298,APT-2026-000298,رقم_الهوية,SAUDI_ID,1467253413,replace
298,APT-2026-000298,رقم_الجوال,MOBILE,0539902131,replace
299,APT-2026-000299,اسم_المريض,PERSON_NAME,فيصل الشهراني,replace
299,APT-2026-000299,رقم_الهوية,SAUDI_ID,1055993495,replace
299,APT-2026-000299,رقم_الجوال,MOBILE,0532478168,replace
300,APT-2026-000300,اسم_المريض,PERSON_NAME,حصة الأنصاري,replace
300,APT-2026-000300,رقم_الهوية,SAUDI_ID,1859320663,replace
300,APT-2026-000300,رقم_الجوال,MOBILE,0590119398,replace
301,APT-2026-000301,ملاحظة_الاستقبال,PERSON_NAME,فاطمة الكثيري,replace
301,APT-2026-000301,اسم_المريض,PERSON_NAME,منى التميمي,replace
301,APT-2026-000301,رقم_الهوية,SAUDI_ID,2944991450,replace
301,APT-2026-000301,رقم_الجوال,MOBILE,0596724326,replace
302,APT-2026-000302,ملاحظة_الاستقبال,SAUDI_ID,1506828936,review
302,APT-2026-000302,اسم_المريض,PERSON_NAME,نورة العجمي,replace
302,APT-2026-000302,رقم_الهوية,SAUDI_ID,1260196231,replace
302,APT-2026-000302,رقم_الجوال,MOBILE,0503427850,replace
303,APT-2026-000303,اسم_المريض,PERSON_NAME,منى الزامل,replace
303,APT-2026-000303,رقم_الهوية,SAUDI_ID,1009220433,replace
303,APT-2026-000303,رقم_الجوال,MOBILE,0540426133,replace
304,APT-2026-000304,اسم_المريض,PERSON_NAME,ابتسام المري,replace
304,APT-2026-000304,رقم_الهوية,SAUDI_ID,1099398297,replace
304,APT-2026-000304,رقم_الجوال,MOBILE,0595895412,replace
305,APT-2026-000305,اسم_المريض,PERSON_NAME,أسامة العيسى,replace
305,APT-2026-000305,رقم_الهوية,SAUDI_ID,1489609014,replace
305,APT-2026-000305,رقم_الجوال,MOBILE,0559364611,replace
306,APT-2026-000306,ملاحظة_الاستقبال,SAUDI_ID,1252707466,review
306,APT-2026-000306,اسم_المريض,PERSON_NAME,هالة الهاجري,replace
306,APT-2026-000306,رقم_الهوية,SAUDI_ID,1089241606,replace
306,APT-2026-000306,رقم_الجوال,MOBILE,0507952796,replace
307,APT-2026-000307,ملاحظة_الاستقبال,SAUDI_ID,1557752118,review
307,APT-2026-000307,اسم_المريض,PERSON_NAME,روان العجمي,replace
307,APT-2026-000307,رقم_الهوية,SAUDI_ID,1420572651,replace
307,APT-2026-000307,رقم_الجوال,MOBILE,0590245938,replace
308,APT-2026-000308,ملاحظة_الاستقبال,SAUDI_ID,1049255327,ignore
308,APT-2026-000308,اسم_المريض,PERSON_NAME,أسامة المري,replace
308,APT-2026-000308,رقم_الهوية,SAUDI_ID,1711930121,replace
308,APT-2026-000308,رقم_الجوال,MOBILE,0501300363,replace
309,APT-2026-000309,اسم_المريض,PERSON_NAME,تركي البيشي,replace
309,APT-2026-000309,رقم_الهوية,SAUDI_ID,1753205838,replace
309,APT-2026-000309,رقم_الجوال,MOBILE,0590312763,replace
310,APT-2026-000310,ملاحظة_الاستقبال,MOBILE,0509138398,replace
310,APT-2026-000310,اسم_المريض,PERSON_NAME,عبدالرحمن الصقير,replace
310,APT-2026-000310,رقم_الهوية,SAUDI_ID,1744718410,replace
310,APT-2026-000310,رقم_الجوال,MOBILE,0596655405,replace
311,APT-2026-000311,ملاحظة_الاستقبال,MOBILE,0556770675,replace
311,APT-2026-000311,اسم_المريض,PERSON_NAME,هاني الهاجري,replace
311,APT-2026-000311,رقم_الهوية,SAUDI_ID,1913004493,replace
311,APT-2026-000311,رقم_الجوال,MOBILE,0542017217,replace
312,APT-2026-000312,ملاحظة_الاستقبال,SAUDI_ID,2940740018,replace
312,APT-2026-000312,اسم_المريض,PERSON_NAME,ابتسام الخثعمي,replace
312,APT-2026-000312,رقم_الهوية,SAUDI_ID,2078805435,replace
312,APT-2026-000312,رقم_الجوال,MOBILE,0565249779,replace
313,APT-2026-000313,ملاحظة_الاستقبال,PERSON_NAME,نورة الشهراني,replace
313,APT-2026-000313,اسم_المريض,PERSON_NAME,أمل الجبرين,replace
313,APT-2026-000313,رقم_الهوية,SAUDI_ID,1404659144,replace
313,APT-2026-000313,رقم_الجوال,MOBILE,0533095457,replace
314,APT-2026-000314,ملاحظة_الاستقبال,SAUDI_ID,1403733260,ignore
314,APT-2026-000314,اسم_المريض,PERSON_NAME,جاسم الجبرين,replace
314,APT-2026-000314,رقم_الهوية,SAUDI_ID,1798016653,replace
314,APT-2026-000314,رقم_الجوال,MOBILE,0549616897,replace
315,APT-2026-000315,اسم_المريض,PERSON_NAME,معاذ النعيمي,replace
315,APT-2026-000315,رقم_الهوية,SAUDI_ID,1510679143,replace
315,APT-2026-000315,رقم_الجوال,MOBILE,0564315612,replace
316,APT-2026-000316,اسم_المريض,PERSON_NAME,عبدالرحمن الخثعمي,replace
316,APT-2026-000316,رقم_الهوية,SAUDI_ID,1309828976,replace
316,APT-2026-000316,رقم_الجوال,MOBILE,0543637488,replace
317,APT-2026-000317,اسم_المريض,PERSON_NAME,إبراهيم باوزير,replace
317,APT-2026-000317,رقم_الهوية,SAUDI_ID,1425285788,replace
317,APT-2026-000317,رقم_الجوال,MOBILE,0551703167,replace
318,APT-2026-000318,ملاحظة_الاستقبال,PERSON_NAME,هالة الأنصاري,replace
318,APT-2026-000318,اسم_المريض,PERSON_NAME,يوسف الشهراني,replace
318,APT-2026-000318,رقم_الهوية,SAUDI_ID,1396424135,replace
318,APT-2026-000318,رقم_الجوال,MOBILE,0541924564,replace
319,APT-2026-000319,اسم_المريض,PERSON_NAME,إبراهيم المري,replace
319,APT-2026-000319,رقم_الهوية,SAUDI_ID,1377048390,replace
319,APT-2026-000319,رقم_الجوال,MOBILE,0507757304,replace
320,APT-2026-000320,ملاحظة_الاستقبال,PERSON_NAME,سلمان الخثعمي,replace
320,APT-2026-000320,اسم_المريض,PERSON_NAME,دلال الجبرين,replace
320,APT-2026-000320,رقم_الهوية,SAUDI_ID,2437563147,replace
320,APT-2026-000320,رقم_الجوال,MOBILE,0567026582,replace
321,APT-2026-000321,اسم_المريض,PERSON_NAME,تركي الهاجري,replace
321,APT-2026-000321,رقم_الهوية,SAUDI_ID,1604175040,replace
321,APT-2026-000321,رقم_الجوال,MOBILE,0555141099,replace
322,APT-2026-000322,اسم_المريض,PERSON_NAME,أسماء الصقير,replace
322,APT-2026-000322,رقم_الهوية,SAUDI_ID,1878755667,replace
322,APT-2026-000322,رقم_الجوال,MOBILE,0509578943,replace
323,APT-2026-000323,اسم_المريض,PERSON_NAME,مشاعل العيسى,replace
323,APT-2026-000323,رقم_الهوية,SAUDI_ID,1181068097,replace
323,APT-2026-000323,رقم_الجوال,MOBILE,0553373061,replace
324,APT-2026-000324,اسم_المريض,PERSON_NAME,منى الخثعمي,replace
324,APT-2026-000324,رقم_الهوية,SAUDI_ID,1772657878,replace
324,APT-2026-000324,رقم_الجوال,MOBILE,0531875950,replace
325,APT-2026-000325,ملاحظة_الاستقبال,PERSON_NAME,حمد السديري,replace
325,APT-2026-000325,اسم_المريض,PERSON_NAME,جاسم الجبرين,replace
325,APT-2026-000325,رقم_الهوية,SAUDI_ID,1766823379,replace
325,APT-2026-000325,رقم_الجوال,MOBILE,0534883808,replace
326,APT-2026-000326,ملاحظة_الاستقبال,SAUDI_ID,1174926897,review
326,APT-2026-000326,اسم_المريض,PERSON_NAME,حمد التميمي,replace
326,APT-2026-000326,رقم_الهوية,SAUDI_ID,1747583738,replace
326,APT-2026-000326,رقم_الجوال,MOBILE,0597341323,replace
327,APT-2026-000327,ملاحظة_الاستقبال,SAUDI_ID,1284537804,ignore
327,APT-2026-000327,اسم_المريض,PERSON_NAME,سلمى العيسى,replace
327,APT-2026-000327,رقم_الهوية,SAUDI_ID,1064838285,replace
327,APT-2026-000327,رقم_الجوال,MOBILE,0540386939,replace
328,APT-2026-000328,اسم_المريض,PERSON_NAME,ليان الشهراني,replace
328,APT-2026-000328,رقم_الهوية,SAUDI_ID,1660935550,replace
328,APT-2026-000328,رقم_الجوال,MOBILE,0500630201,replace
329,APT-2026-000329,اسم_المريض,PERSON_NAME,خلود التميمي,replace
329,APT-2026-000329,رقم_الهوية,SAUDI_ID,1230325662,replace
329,APT-2026-000329,رقم_الجوال,MOBILE,0503324380,replace
330,APT-2026-000330,ملاحظة_الاستقبال,SAUDI_ID,2437484781,replace
330,APT-2026-000330,اسم_المريض,PERSON_NAME,سلمان الشهراني,replace
330,APT-2026-000330,رقم_الهوية,SAUDI_ID,1741061954,replace
330,APT-2026-000330,رقم_الجوال,MOBILE,0544557989,replace
331,APT-2026-000331,اسم_المريض,PERSON_NAME,أمل التميمي,replace
331,APT-2026-000331,رقم_الهوية,SAUDI_ID,1070304355,replace
331,APT-2026-000331,رقم_الجوال,MOBILE,0550914772,replace
332,APT-2026-000332,ملاحظة_الاستقبال,PERSON_NAME,أسامة النعيمي,replace
332,APT-2026-000332,اسم_المريض,PERSON_NAME,نواف الخثعمي,replace
332,APT-2026-000332,رقم_الهوية,SAUDI_ID,1230104919,replace
332,APT-2026-000332,رقم_الجوال,MOBILE,0555810685,replace
333,APT-2026-000333,اسم_المريض,PERSON_NAME,عبدالرحمن العيسى,replace
333,APT-2026-000333,رقم_الهوية,SAUDI_ID,1571509015,replace
333,APT-2026-000333,رقم_الجوال,MOBILE,0541633524,replace
334,APT-2026-000334,اسم_المريض,PERSON_NAME,جواهر الزامل,replace
334,APT-2026-000334,رقم_الهوية,SAUDI_ID,1748169586,replace
334,APT-2026-000334,رقم_الجوال,MOBILE,0596196412,replace
335,APT-2026-000335,ملاحظة_الاستقبال,PERSON_NAME,حصة العجمي,replace
335,APT-2026-000335,اسم_المريض,PERSON_NAME,أسماء الأنصاري,replace
335,APT-2026-000335,رقم_الهوية,SAUDI_ID,1910789617,replace
335,APT-2026-000335,رقم_الجوال,MOBILE,0537952163,replace
336,APT-2026-000336,اسم_المريض,PERSON_NAME,روان التميمي,replace
336,APT-2026-000336,رقم_الهوية,SAUDI_ID,1962382444,replace
336,APT-2026-000336,رقم_الجوال,MOBILE,0554114609,replace
337,APT-2026-000337,ملاحظة_الاستقبال,SAUDI_ID,1590578913,ignore
337,APT-2026-000337,اسم_المريض,PERSON_NAME,جاسم الخثعمي,replace
337,APT-2026-000337,رقم_الهوية,SAUDI_ID,2465798714,replace
337,APT-2026-000337,رقم_الجوال,MOBILE,0509181205,replace
338,APT-2026-000338,اسم_المريض,PERSON_NAME,هالة الجبرين,replace
338,APT-2026-000338,رقم_الهوية,SAUDI_ID,1514783057,replace
338,APT-2026-000338,رقم_الجوال,MOBILE,0501574923,replace
339,APT-2026-000339,اسم_المريض,PERSON_NAME,جاسم التميمي,replace
339,APT-2026-000339,رقم_الهوية,SAUDI_ID,1174880243,replace
339,APT-2026-000339,رقم_الجوال,MOBILE,0563845834,replace
340,APT-2026-000340,اسم_المريض,PERSON_NAME,حصة الهاجري,replace
340,APT-2026-000340,رقم_الهوية,SAUDI_ID,1362525485,replace
340,APT-2026-000340,رقم_الجوال,MOBILE,0507968229,replace
341,APT-2026-000341,اسم_المريض,PERSON_NAME,ابتسام الجبرين,replace
341,APT-2026-000341,رقم_الهوية,SAUDI_ID,1705208302,replace
341,APT-2026-000341,رقم_الجوال,MOBILE,0540108549,replace
342,APT-2026-000342,ملاحظة_الاستقبال,SAUDI_ID,2492372723,replace
342,APT-2026-000342,اسم_المريض,PERSON_NAME,خلود النعيمي,replace
342,APT-2026-000342,رقم_الهوية,SAUDI_ID,1287905341,replace
342,APT-2026-000342,رقم_الجوال,MOBILE,0543534072,replace
343,APT-2026-000343,اسم_المريض,PERSON_NAME,سلمان الزامل,replace
343,APT-2026-000343,رقم_الهوية,SAUDI_ID,1622864278,replace
343,APT-2026-000343,رقم_الجوال,MOBILE,0530604663,replace
344,APT-2026-000344,اسم_المريض,PERSON_NAME,أسماء الهاجري,replace
344,APT-2026-000344,رقم_الهوية,SAUDI_ID,2620720983,replace
344,APT-2026-000344,رقم_الجوال,MOBILE,0535296358,replace
345,APT-2026-000345,اسم_المريض,PERSON_NAME,جواهر باوزير,replace
345,APT-2026-000345,رقم_الهوية,SAUDI_ID,1426248595,replace
345,APT-2026-000345,رقم_الجوال,MOBILE,0503753827,replace
346,APT-2026-000346,اسم_المريض,PERSON_NAME,مشاعل باوزير,replace
346,APT-2026-000346,رقم_الهوية,SAUDI_ID,1942592245,replace
346,APT-2026-000346,رقم_الجوال,MOBILE,0531246718,replace
347,APT-2026-000347,ملاحظة_الاستقبال,PERSON_NAME,عبدالعزيز المري,replace
347,APT-2026-000347,اسم_المريض,PERSON_NAME,فاطمة الجبرين,replace
347,APT-2026-000347,رقم_الهوية,SAUDI_ID,1667264483,replace
347,APT-2026-000347,رقم_الجوال,MOBILE,0535095096,replace
348,APT-2026-000348,اسم_المريض,PERSON_NAME,روان الجبرين,replace
348,APT-2026-000348,رقم_الهوية,SAUDI_ID,1464865920,replace
348,APT-2026-000348,رقم_الجوال,MOBILE,0539801106,replace
349,APT-2026-000349,اسم_المريض,PERSON_NAME,سلمان العيسى,replace
349,APT-2026-000349,رقم_الهوية,SAUDI_ID,1024709733,replace
349,APT-2026-000349,رقم_الجوال,MOBILE,0555783337,replace
350,APT-2026-000350,ملاحظة_الاستقبال,MOBILE,0545058197,replace
350,APT-2026-000350,اسم_المريض,PERSON_NAME,حصة السديري,replace
350,APT-2026-000350,رقم_الهوية,SAUDI_ID,1755427109,replace
350,APT-2026-000350,رقم_الجوال,MOBILE,0509706983,replace
351,APT-2026-000351,اسم_المريض,PERSON_NAME,تركي العجمي,replace
351,APT-2026-000351,رقم_الهوية,SAUDI_ID,1149175984,replace
351,APT-2026-000351,رقم_الجوال,MOBILE,0559271697,replace
352,APT-2026-000352,ملاحظة_الاستقبال,SAUDI_ID,1115419338,ignore
352,APT-2026-000352,اسم_المريض,PERSON_NAME,فيصل السديري,replace
352,APT-2026-000352,رقم_الهوية,SAUDI_ID,1161369010,replace
352,APT-2026-000352,رقم_الجوال,MOBILE,0531172202,replace
353,APT-2026-000353,اسم_المريض,PERSON_NAME,دلال العجمي,replace
353,APT-2026-000353,رقم_الهوية,SAUDI_ID,2355620184,replace
353,APT-2026-000353,رقم_الجوال,MOBILE,0533562292,replace
354,APT-2026-000354,اسم_المريض,PERSON_NAME,فاطمة الأنصاري,replace
354,APT-2026-000354,رقم_الهوية,SAUDI_ID,1567001712,replace
354,APT-2026-000354,رقم_الجوال,MOBILE,0507151436,replace
355,APT-2026-000355,ملاحظة_الاستقبال,MOBILE,0531907033,replace
355,APT-2026-000355,اسم_المريض,PERSON_NAME,سامي العيسى,replace
355,APT-2026-000355,رقم_الهوية,SAUDI_ID,2533852121,replace
355,APT-2026-000355,رقم_الجوال,MOBILE,0505252072,replace
356,APT-2026-000356,ملاحظة_الاستقبال,SAUDI_ID,2099477396,replace
356,APT-2026-000356,اسم_المريض,PERSON_NAME,عبدالعزيز الشهراني,replace
356,APT-2026-000356,رقم_الهوية,SAUDI_ID,1277303770,replace
356,APT-2026-000356,رقم_الجوال,MOBILE,0566062010,replace
357,APT-2026-000357,اسم_المريض,PERSON_NAME,أسامة الخثعمي,replace
357,APT-2026-000357,رقم_الهوية,SAUDI_ID,2348943644,replace
357,APT-2026-000357,رقم_الجوال,MOBILE,0500768751,replace
358,APT-2026-000358,اسم_المريض,PERSON_NAME,فيصل المري,replace
358,APT-2026-000358,رقم_الهوية,SAUDI_ID,1727142026,replace
358,APT-2026-000358,رقم_الجوال,MOBILE,0501703585,replace
359,APT-2026-000359,اسم_المريض,PERSON_NAME,نواف العجمي,replace
359,APT-2026-000359,رقم_الهوية,SAUDI_ID,1441161211,replace
359,APT-2026-000359,رقم_الجوال,MOBILE,0505243462,replace
360,APT-2026-000360,اسم_المريض,PERSON_NAME,أسماء الصقير,replace
360,APT-2026-000360,رقم_الهوية,SAUDI_ID,1305022954,replace
360,APT-2026-000360,رقم_الجوال,MOBILE,0535469949,replace
361,APT-2026-000361,اسم_المريض,PERSON_NAME,إبراهيم باوزير,replace
361,APT-2026-000361,رقم_الهوية,SAUDI_ID,1098276569,replace
361,APT-2026-000361,رقم_الجوال,MOBILE,0567142206,replace
362,APT-2026-000362,اسم_المريض,PERSON_NAME,روان الزامل,replace
362,APT-2026-000362,رقم_الهوية,SAUDI_ID,2177480148,replace
362,APT-2026-000362,رقم_الجوال,MOBILE,0560913853,replace
363,APT-2026-000363,ملاحظة_الاستقبال,SAUDI_ID,2102122633,replace
363,APT-2026-000363,اسم_المريض,PERSON_NAME,فيصل المري,replace
363,APT-2026-000363,رقم_الهوية,SAUDI_ID,1235483508,replace
363,APT-2026-000363,رقم_الجوال,MOBILE,0559060189,replace
364,APT-2026-000364,ملاحظة_الاستقبال,MOBILE,0530605365,replace
364,APT-2026-000364,اسم_المريض,PERSON_NAME,يوسف البيشي,replace
364,APT-2026-000364,رقم_الهوية,SAUDI_ID,1724294358,replace
364,APT-2026-000364,رقم_الجوال,MOBILE,0537210617,replace
365,APT-2026-000365,ملاحظة_الاستقبال,SAUDI_ID,1967692318,review
365,APT-2026-000365,اسم_المريض,PERSON_NAME,حمد المري,replace
365,APT-2026-000365,رقم_الهوية,SAUDI_ID,1230218628,replace
365,APT-2026-000365,رقم_الجوال,MOBILE,0568790201,replace
366,APT-2026-000366,ملاحظة_الاستقبال,PERSON_NAME,قصي المري,replace
366,APT-2026-000366,اسم_المريض,PERSON_NAME,ابتسام الزامل,replace
366,APT-2026-000366,رقم_الهوية,SAUDI_ID,1553983378,replace
366,APT-2026-000366,رقم_الجوال,MOBILE,0503996017,replace
367,APT-2026-000367,ملاحظة_الاستقبال,SAUDI_ID,1444177780,ignore
367,APT-2026-000367,اسم_المريض,PERSON_NAME,سلمان الزامل,replace
367,APT-2026-000367,رقم_الهوية,SAUDI_ID,1743199224,replace
367,APT-2026-000367,رقم_الجوال,MOBILE,0507657250,replace
368,APT-2026-000368,اسم_المريض,PERSON_NAME,فيصل النعيمي,replace
368,APT-2026-000368,رقم_الهوية,SAUDI_ID,1682217847,replace
368,APT-2026-000368,رقم_الجوال,MOBILE,0591675043,replace
369,APT-2026-000369,ملاحظة_الاستقبال,SAUDI_ID,1161996564,review
369,APT-2026-000369,اسم_المريض,PERSON_NAME,جواهر البيشي,replace
369,APT-2026-000369,رقم_الهوية,SAUDI_ID,2997968009,replace
369,APT-2026-000369,رقم_الجوال,MOBILE,0591896722,replace
370,APT-2026-000370,اسم_المريض,PERSON_NAME,يوسف التميمي,replace
370,APT-2026-000370,رقم_الهوية,SAUDI_ID,1202250989,replace
370,APT-2026-000370,رقم_الجوال,MOBILE,0568581800,replace
371,APT-2026-000371,اسم_المريض,PERSON_NAME,حمد الصقير,replace
371,APT-2026-000371,رقم_الهوية,SAUDI_ID,1345600629,replace
371,APT-2026-000371,رقم_الجوال,MOBILE,0538359626,replace
372,APT-2026-000372,ملاحظة_الاستقبال,SAUDI_ID,1737562122,review
372,APT-2026-000372,اسم_المريض,PERSON_NAME,فيصل الشهراني,replace
372,APT-2026-000372,رقم_الهوية,SAUDI_ID,1899751943,replace
372,APT-2026-000372,رقم_الجوال,MOBILE,0554563075,replace
373,APT-2026-000373,ملاحظة_الاستقبال,PERSON_NAME,إبراهيم التميمي,replace
373,APT-2026-000373,اسم_المريض,PERSON_NAME,أسامة الكثيري,replace
373,APT-2026-000373,رقم_الهوية,SAUDI_ID,1935992451,replace
373,APT-2026-000373,رقم_الجوال,MOBILE,0563494422,replace
374,APT-2026-000374,ملاحظة_الاستقبال,SAUDI_ID,2970269797,replace
374,APT-2026-000374,اسم_المريض,PERSON_NAME,هالة الشهراني,replace
374,APT-2026-000374,رقم_الهوية,SAUDI_ID,1652169374,replace
374,APT-2026-000374,رقم_الجوال,MOBILE,0590899680,replace
375,APT-2026-000375,ملاحظة_الاستقبال,SAUDI_ID,1485056608,review
375,APT-2026-000375,اسم_المريض,PERSON_NAME,جواهر الأنصاري,replace
375,APT-2026-000375,رقم_الهوية,SAUDI_ID,1741721227,replace
375,APT-2026-000375,رقم_الجوال,MOBILE,0562489426,replace
376,APT-2026-000376,ملاحظة_الاستقبال,PERSON_NAME,ابتسام باوزير,replace
376,APT-2026-000376,اسم_المريض,PERSON_NAME,روان الشهراني,replace
376,APT-2026-000376,رقم_الهوية,SAUDI_ID,2019908454,replace
376,APT-2026-000376,رقم_الجوال,MOBILE,0548195075,replace
377,APT-2026-000377,اسم_المريض,PERSON_NAME,تركي الصقير,replace
377,APT-2026-000377,رقم_الهوية,SAUDI_ID,2558609950,replace
377,APT-2026-000377,رقم_الجوال,MOBILE,0539691738,replace
378,APT-2026-000378,اسم_المريض,PERSON_NAME,حصة الجبرين,replace
378,APT-2026-000378,رقم_الهوية,SAUDI_ID,1905419964,replace
378,APT-2026-000378,رقم_الجوال,MOBILE,0542280877,replace
379,APT-2026-000379,اسم_المريض,PERSON_NAME,مشاعل الشهراني,replace
379,APT-2026-000379,رقم_الهوية,SAUDI_ID,1901268332,replace
379,APT-2026-000379,رقم_الجوال,MOBILE,0591872220,replace
380,APT-2026-000380,اسم_المريض,PERSON_NAME,جاسم الهاجري,replace
380,APT-2026-000380,رقم_الهوية,SAUDI_ID,1906432859,replace
380,APT-2026-000380,رقم_الجوال,MOBILE,0591641317,replace
381,APT-2026-000381,ملاحظة_الاستقبال,SAUDI_ID,1131693749,ignore
381,APT-2026-000381,اسم_المريض,PERSON_NAME,معاذ العجمي,replace
381,APT-2026-000381,رقم_الهوية,SAUDI_ID,2096833039,replace
381,APT-2026-000381,رقم_الجوال,MOBILE,0547589087,replace
382,APT-2026-000382,اسم_المريض,PERSON_NAME,ليان النعيمي,replace
382,APT-2026-000382,رقم_الهوية,SAUDI_ID,1657063879,replace
382,APT-2026-000382,رقم_الجوال,MOBILE,0557191986,replace
383,APT-2026-000383,اسم_المريض,PERSON_NAME,سلمى الخثعمي,replace
383,APT-2026-000383,رقم_الهوية,SAUDI_ID,1299283083,replace
383,APT-2026-000383,رقم_الجوال,MOBILE,0563262104,replace
384,APT-2026-000384,ملاحظة_الاستقبال,PERSON_NAME,ليان الكثيري,replace
384,APT-2026-000384,اسم_المريض,PERSON_NAME,عبدالرحمن الخثعمي,replace
384,APT-2026-000384,رقم_الهوية,SAUDI_ID,2759344662,replace
384,APT-2026-000384,رقم_الجوال,MOBILE,0562382946,replace
385,APT-2026-000385,ملاحظة_الاستقبال,SAUDI_ID,1123328263,ignore
385,APT-2026-000385,اسم_المريض,PERSON_NAME,عبدالرحمن باوزير,replace
385,APT-2026-000385,رقم_الهوية,SAUDI_ID,1665789952,replace
385,APT-2026-000385,رقم_الجوال,MOBILE,0505838475,replace
386,APT-2026-000386,اسم_المريض,PERSON_NAME,أسماء الكثيري,replace
386,APT-2026-000386,رقم_الهوية,SAUDI_ID,1977674058,replace
386,APT-2026-000386,رقم_الجوال,MOBILE,0530215287,replace
387,APT-2026-000387,اسم_المريض,PERSON_NAME,يوسف الشهراني,replace
387,APT-2026-000387,رقم_الهوية,SAUDI_ID,2066798808,replace
387,APT-2026-000387,رقم_الجوال,MOBILE,0550805372,replace
388,APT-2026-000388,ملاحظة_الاستقبال,PERSON_NAME,ابتسام الجبرين,replace
388,APT-2026-000388,اسم_المريض,PERSON_NAME,معاذ الكثيري,replace
388,APT-2026-000388,رقم_الهوية,SAUDI_ID,1098818915,replace
388,APT-2026-000388,رقم_الجوال,MOBILE,0551032262,replace
389,APT-2026-000389,اسم_المريض,PERSON_NAME,عبدالرحمن النعيمي,replace
389,APT-2026-000389,رقم_الهوية,SAUDI_ID,1262089087,replace
389,APT-2026-000389,رقم_الجوال,MOBILE,0539580319,replace
390,APT-2026-000390,اسم_المريض,PERSON_NAME,عبدالعزيز التميمي,replace
390,APT-2026-000390,رقم_الهوية,SAUDI_ID,1660554666,replace
390,APT-2026-000390,رقم_الجوال,MOBILE,0545805874,replace
391,APT-2026-000391,ملاحظة_الاستقبال,SAUDI_ID,1467126627,review
391,APT-2026-000391,اسم_المريض,PERSON_NAME,نواف الشهراني,replace
391,APT-2026-000391,رقم_الهوية,SAUDI_ID,1388815381,replace
391,APT-2026-000391,رقم_الجوال,MOBILE,0540655542,replace
392,APT-2026-000392,ملاحظة_الاستقبال,SAUDI_ID,1768289708,ignore
392,APT-2026-000392,اسم_المريض,PERSON_NAME,عبدالرحمن الخثعمي,replace
392,APT-2026-000392,رقم_الهوية,SAUDI_ID,1484269640,replace
392,APT-2026-000392,رقم_الجوال,MOBILE,0554696036,replace
393,APT-2026-000393,اسم_المريض,PERSON_NAME,فاطمة التميمي,replace
393,APT-2026-000393,رقم_الهوية,SAUDI_ID,1924660192,replace
393,APT-2026-000393,رقم_الجوال,MOBILE,0540568826,replace
394,APT-2026-000394,اسم_المريض,PERSON_NAME,فاطمة الصقير,replace
394,APT-2026-000394,رقم_الهوية,SAUDI_ID,1909064642,replace
394,APT-2026-000394,رقم_الجوال,MOBILE,0596051910,replace
395,APT-2026-000395,ملاحظة_الاستقبال,SAUDI_ID,1160620149,ignore
395,APT-2026-000395,اسم_المريض,PERSON_NAME,دلال السديري,replace
395,APT-2026-000395,رقم_الهوية,SAUDI_ID,1664115696,replace
395,APT-2026-000395,رقم_الجوال,MOBILE,0545223734,replace
396,APT-2026-000396,ملاحظة_الاستقبال,SAUDI_ID,1594614807,ignore
396,APT-2026-000396,اسم_المريض,PERSON_NAME,ابتسام النعيمي,replace
396,APT-2026-000396,رقم_الهوية,SAUDI_ID,1908107996,replace
396,APT-2026-000396,رقم_الجوال,MOBILE,0555337045,replace
397,APT-2026-000397,اسم_المريض,PERSON_NAME,يوسف العجمي,replace
397,APT-2026-000397,رقم_الهوية,SAUDI_ID,1620074995,replace
397,APT-2026-000397,رقم_الجوال,MOBILE,0507345371,replace
398,APT-2026-000398,اسم_المريض,PERSON_NAME,نورة المري,replace
398,APT-2026-000398,رقم_الهوية,SAUDI_ID,2187077884,replace
398,APT-2026-000398,رقم_الجوال,MOBILE,0594043530,replace
399,APT-2026-000399,ملاحظة_الاستقبال,SAUDI_ID,1266048121,review
399,APT-2026-000399,اسم_المريض,PERSON_NAME,نورة التميمي,replace
399,APT-2026-000399,رقم_الهوية,SAUDI_ID,1744196898,replace
399,APT-2026-000399,رقم_الجوال,MOBILE,0597722324,replace
400,APT-2026-000400,ملاحظة_الاستقبال,SAUDI_ID,1438005116,review
400,APT-2026-000400,اسم_المريض,PERSON_NAME,سامي الزامل,replace
400,APT-2026-000400,رقم_الهوية,SAUDI_ID,1365333887,replace
400,APT-2026-000400,رقم_الجوال,MOBILE,0553665463,replace
401,APT-2026-000401,اسم_المريض,PERSON_NAME,ليان باوزير,replace
401,APT-2026-000401,رقم_الهوية,SAUDI_ID,1179513518,replace
401,APT-2026-000401,رقم_الجوال,MOBILE,0540923704,replace
402,APT-2026-000402,اسم_المريض,PERSON_NAME,روان الشهراني,replace
402,APT-2026-000402,رقم_الهوية,SAUDI_ID,1313456780,replace
402,APT-2026-000402,رقم_الجوال,MOBILE,0598831704,replace
403,APT-2026-000403,اسم_المريض,PERSON_NAME,ليان الكثيري,replace
403,APT-2026-000403,رقم_الهوية,SAUDI_ID,1510635426,replace
403,APT-2026-000403,رقم_الجوال,MOBILE,0559820995,replace
404,APT-2026-000404,ملاحظة_الاستقبال,PERSON_NAME,تركي العجمي,replace
404,APT-2026-000404,اسم_المريض,PERSON_NAME,ناصر العيسى,replace
404,APT-2026-000404,رقم_الهوية,SAUDI_ID,1305963157,replace
404,APT-2026-000404,رقم_الجوال,MOBILE,0535719844,replace
405,APT-2026-000405,ملاحظة_الاستقبال,PERSON_NAME,تركي الجبرين,replace
405,APT-2026-000405,اسم_المريض,PERSON_NAME,هاني المري,replace
405,APT-2026-000405,رقم_الهوية,SAUDI_ID,1696481736,replace
405,APT-2026-000405,رقم_الجوال,MOBILE,0567049618,replace
406,APT-2026-000406,اسم_المريض,PERSON_NAME,سلمى النعيمي,replace
406,APT-2026-000406,رقم_الهوية,SAUDI_ID,1593554171,replace
406,APT-2026-000406,رقم_الجوال,MOBILE,0508659580,replace
407,APT-2026-000407,اسم_المريض,PERSON_NAME,إبراهيم العيسى,replace
407,APT-2026-000407,رقم_الهوية,SAUDI_ID,1105446916,replace
407,APT-2026-000407,رقم_الجوال,MOBILE,0555552518,replace
408,APT-2026-000408,اسم_المريض,PERSON_NAME,منى الأنصاري,replace
408,APT-2026-000408,رقم_الهوية,SAUDI_ID,2372229670,replace
408,APT-2026-000408,رقم_الجوال,MOBILE,0544905083,replace
409,APT-2026-000409,اسم_المريض,PERSON_NAME,معاذ التميمي,replace
409,APT-2026-000409,رقم_الهوية,SAUDI_ID,1435532427,replace
409,APT-2026-000409,رقم_الجوال,MOBILE,0558755653,replace
410,APT-2026-000410,اسم_المريض,PERSON_NAME,سلمان الخثعمي,replace
410,APT-2026-000410,رقم_الهوية,SAUDI_ID,1241984069,replace
410,APT-2026-000410,رقم_الجوال,MOBILE,0546762713,replace
411,APT-2026-000411,ملاحظة_الاستقبال,SAUDI_ID,1052097833,ignore
411,APT-2026-000411,اسم_المريض,PERSON_NAME,يوسف البيشي,replace
411,APT-2026-000411,رقم_الهوية,SAUDI_ID,1566504245,replace
411,APT-2026-000411,رقم_الجوال,MOBILE,0506988692,replace
412,APT-2026-000412,ملاحظة_الاستقبال,SAUDI_ID,1503419432,review
412,APT-2026-000412,اسم_المريض,PERSON_NAME,هالة البيشي,replace
412,APT-2026-000412,رقم_الهوية,SAUDI_ID,2623453749,replace
412,APT-2026-000412,رقم_الجوال,MOBILE,0500298374,replace
413,APT-2026-000413,ملاحظة_الاستقبال,PERSON_NAME,نواف الصقير,replace
413,APT-2026-000413,اسم_المريض,PERSON_NAME,أسامة البيشي,replace
413,APT-2026-000413,رقم_الهوية,SAUDI_ID,1585884909,replace
413,APT-2026-000413,رقم_الجوال,MOBILE,0594128795,replace
414,APT-2026-000414,اسم_المريض,PERSON_NAME,أسماء العيسى,replace
414,APT-2026-000414,رقم_الهوية,SAUDI_ID,1268014683,replace
414,APT-2026-000414,رقم_الجوال,MOBILE,0599602698,replace
415,APT-2026-000415,ملاحظة_الاستقبال,SAUDI_ID,2952505564,replace
415,APT-2026-000415,اسم_المريض,PERSON_NAME,فيصل النعيمي,replace
415,APT-2026-000415,رقم_الهوية,SAUDI_ID,1660511567,replace
415,APT-2026-000415,رقم_الجوال,MOBILE,0543811914,replace
416,APT-2026-000416,اسم_المريض,PERSON_NAME,حمد الجبرين,replace
416,APT-2026-000416,رقم_الهوية,SAUDI_ID,1830775456,replace
416,APT-2026-000416,رقم_الجوال,MOBILE,0536831112,replace
417,APT-2026-000417,ملاحظة_الاستقبال,SAUDI_ID,1004820963,review
417,APT-2026-000417,اسم_المريض,PERSON_NAME,يوسف العيسى,replace
417,APT-2026-000417,رقم_الهوية,SAUDI_ID,1898256852,replace
417,APT-2026-000417,رقم_الجوال,MOBILE,0559658372,replace
418,APT-2026-000418,ملاحظة_الاستقبال,SAUDI_ID,2502938364,replace
418,APT-2026-000418,اسم_المريض,PERSON_NAME,عبدالعزيز السديري,replace
418,APT-2026-000418,رقم_الهوية,SAUDI_ID,2664760028,replace
418,APT-2026-000418,رقم_الجوال,MOBILE,0591930291,replace
419,APT-2026-000419,ملاحظة_الاستقبال,SAUDI_ID,2980708446,replace
419,APT-2026-000419,اسم_المريض,PERSON_NAME,حصة التميمي,replace
419,APT-2026-000419,رقم_الهوية,SAUDI_ID,1150879532,replace
419,APT-2026-000419,رقم_الجوال,MOBILE,0503145363,replace
420,APT-2026-000420,ملاحظة_الاستقبال,MOBILE,0592796260,replace
420,APT-2026-000420,اسم_المريض,PERSON_NAME,قصي المري,replace
420,APT-2026-000420,رقم_الهوية,SAUDI_ID,1999221227,replace
420,APT-2026-000420,رقم_الجوال,MOBILE,0596990541,replace
421,APT-2026-000421,ملاحظة_الاستقبال,SAUDI_ID,1747402023,ignore
421,APT-2026-000421,اسم_المريض,PERSON_NAME,فيصل النعيمي,replace
421,APT-2026-000421,رقم_الهوية,SAUDI_ID,1518081631,replace
421,APT-2026-000421,رقم_الجوال,MOBILE,0544295466,replace
422,APT-2026-000422,ملاحظة_الاستقبال,SAUDI_ID,2422149696,replace
422,APT-2026-000422,اسم_المريض,PERSON_NAME,روان الخثعمي,replace
422,APT-2026-000422,رقم_الهوية,SAUDI_ID,1169928460,replace
422,APT-2026-000422,رقم_الجوال,MOBILE,0541023257,replace
423,APT-2026-000423,اسم_المريض,PERSON_NAME,هاني الهاجري,replace
423,APT-2026-000423,رقم_الهوية,SAUDI_ID,1451619405,replace
423,APT-2026-000423,رقم_الجوال,MOBILE,0509334368,replace
424,APT-2026-000424,اسم_المريض,PERSON_NAME,فاطمة السديري,replace
424,APT-2026-000424,رقم_الهوية,SAUDI_ID,1703908150,replace
424,APT-2026-000424,رقم_الجوال,MOBILE,0551540107,replace
425,APT-2026-000425,ملاحظة_الاستقبال,SAUDI_ID,1439326050,ignore
425,APT-2026-000425,اسم_المريض,PERSON_NAME,سامي المري,replace
425,APT-2026-000425,رقم_الهوية,SAUDI_ID,2265501425,replace
425,APT-2026-000425,رقم_الجوال,MOBILE,0595315670,replace
426,APT-2026-000426,ملاحظة_الاستقبال,MOBILE,0503071654,replace
426,APT-2026-000426,اسم_المريض,PERSON_NAME,سامي المري,replace
426,APT-2026-000426,رقم_الهوية,SAUDI_ID,1257262327,replace
426,APT-2026-000426,رقم_الجوال,MOBILE,0531216881,replace
427,APT-2026-000427,اسم_المريض,PERSON_NAME,جاسم السديري,replace
427,APT-2026-000427,رقم_الهوية,SAUDI_ID,1524947635,replace
427,APT-2026-000427,رقم_الجوال,MOBILE,0553966490,replace
428,APT-2026-000428,اسم_المريض,PERSON_NAME,يوسف الزامل,replace
428,APT-2026-000428,رقم_الهوية,SAUDI_ID,1646139061,replace
428,APT-2026-000428,رقم_الجوال,MOBILE,0598942518,replace
429,APT-2026-000429,ملاحظة_الاستقبال,SAUDI_ID,2559652660,replace
429,APT-2026-000429,اسم_المريض,PERSON_NAME,حصة المري,replace
429,APT-2026-000429,رقم_الهوية,SAUDI_ID,1065389544,replace
429,APT-2026-000429,رقم_الجوال,MOBILE,0550972387,replace
430,APT-2026-000430,ملاحظة_الاستقبال,SAUDI_ID,2363333200,replace
430,APT-2026-000430,اسم_المريض,PERSON_NAME,سامي الصقير,replace
430,APT-2026-000430,رقم_الهوية,SAUDI_ID,2508997133,replace
430,APT-2026-000430,رقم_الجوال,MOBILE,0563300448,replace
431,APT-2026-000431,ملاحظة_الاستقبال,PERSON_NAME,تركي النعيمي,replace
431,APT-2026-000431,اسم_المريض,PERSON_NAME,خلود الجبرين,replace
431,APT-2026-000431,رقم_الهوية,SAUDI_ID,2769489234,replace
431,APT-2026-000431,رقم_الجوال,MOBILE,0542545465,replace
432,APT-2026-000432,اسم_المريض,PERSON_NAME,هالة الشهراني,replace
432,APT-2026-000432,رقم_الهوية,SAUDI_ID,1043222759,replace
432,APT-2026-000432,رقم_الجوال,MOBILE,0547162076,replace
433,APT-2026-000433,ملاحظة_الاستقبال,SAUDI_ID,1325916686,ignore
433,APT-2026-000433,اسم_المريض,PERSON_NAME,نورة النعيمي,replace
433,APT-2026-000433,رقم_الهوية,SAUDI_ID,1090635473,replace
433,APT-2026-000433,رقم_الجوال,MOBILE,0559277927,replace
434,APT-2026-000434,ملاحظة_الاستقبال,PERSON_NAME,خلود الصقير,replace
434,APT-2026-000434,اسم_المريض,PERSON_NAME,حصة العيسى,replace
434,APT-2026-000434,رقم_الهوية,SAUDI_ID,1321338780,replace
434,APT-2026-000434,رقم_الجوال,MOBILE,0566316906,replace
435,APT-2026-000435,اسم_المريض,PERSON_NAME,أسماء الشهراني,replace
435,APT-2026-000435,رقم_الهوية,SAUDI_ID,1397884964,replace
435,APT-2026-000435,رقم_الجوال,MOBILE,0549257612,replace
436,APT-2026-000436,اسم_المريض,PERSON_NAME,نورة الزامل,replace
436,APT-2026-000436,رقم_الهوية,SAUDI_ID,1555682275,replace
436,APT-2026-000436,رقم_الجوال,MOBILE,0566312520,replace
437,APT-2026-000437,اسم_المريض,PERSON_NAME,قصي العيسى,replace
437,APT-2026-000437,رقم_الهوية,SAUDI_ID,1393221633,replace
437,APT-2026-000437,رقم_الجوال,MOBILE,0538532446,replace
438,APT-2026-000438,اسم_المريض,PERSON_NAME,عبدالرحمن المري,replace
438,APT-2026-000438,رقم_الهوية,SAUDI_ID,1298902972,replace
438,APT-2026-000438,رقم_الجوال,MOBILE,0556865333,replace
439,APT-2026-000439,اسم_المريض,PERSON_NAME,أمل العيسى,replace
439,APT-2026-000439,رقم_الهوية,SAUDI_ID,2927210019,replace
439,APT-2026-000439,رقم_الجوال,MOBILE,0597739334,replace
440,APT-2026-000440,اسم_المريض,PERSON_NAME,عبدالرحمن الزامل,replace
440,APT-2026-000440,رقم_الهوية,SAUDI_ID,2092956727,replace
440,APT-2026-000440,رقم_الجوال,MOBILE,0566155856,replace
441,APT-2026-000441,اسم_المريض,PERSON_NAME,عبدالرحمن الصقير,replace
441,APT-2026-000441,رقم_الهوية,SAUDI_ID,1987393517,replace
441,APT-2026-000441,رقم_الجوال,MOBILE,0538640101,replace
442,APT-2026-000442,ملاحظة_الاستقبال,MOBILE,0541905299,replace
442,APT-2026-000442,اسم_المريض,PERSON_NAME,دلال العجمي,replace
442,APT-2026-000442,رقم_الهوية,SAUDI_ID,1175805553,replace
442,APT-2026-000442,رقم_الجوال,MOBILE,0556726189,replace
443,APT-2026-000443,ملاحظة_الاستقبال,SAUDI_ID,2621397377,replace
443,APT-2026-000443,اسم_المريض,PERSON_NAME,خلود السديري,replace
443,APT-2026-000443,رقم_الهوية,SAUDI_ID,2973579168,replace
443,APT-2026-000443,رقم_الجوال,MOBILE,0549554553,replace
444,APT-2026-000444,ملاحظة_الاستقبال,SAUDI_ID,1445748733,ignore
444,APT-2026-000444,اسم_المريض,PERSON_NAME,سلمان الخثعمي,replace
444,APT-2026-000444,رقم_الهوية,SAUDI_ID,1018553808,replace
444,APT-2026-000444,رقم_الجوال,MOBILE,0539461147,replace
445,APT-2026-000445,اسم_المريض,PERSON_NAME,هاني الشهراني,replace
445,APT-2026-000445,رقم_الهوية,SAUDI_ID,1002354858,replace
445,APT-2026-000445,رقم_الجوال,MOBILE,0598350381,replace
446,APT-2026-000446,اسم_المريض,PERSON_NAME,فاطمة الجبرين,replace
446,APT-2026-000446,رقم_الهوية,SAUDI_ID,2962538738,replace
446,APT-2026-000446,رقم_الجوال,MOBILE,0549604290,replace
447,APT-2026-000447,ملاحظة_الاستقبال,PERSON_NAME,روان التميمي,replace
447,APT-2026-000447,اسم_المريض,PERSON_NAME,أمل العجمي,replace
447,APT-2026-000447,رقم_الهوية,SAUDI_ID,1168192167,replace
447,APT-2026-000447,رقم_الجوال,MOBILE,0554123137,replace
448,APT-2026-000448,ملاحظة_الاستقبال,SAUDI_ID,2466356348,replace
448,APT-2026-000448,اسم_المريض,PERSON_NAME,دلال الأنصاري,replace
448,APT-2026-000448,رقم_الهوية,SAUDI_ID,1277695266,replace
448,APT-2026-000448,رقم_الجوال,MOBILE,0504168323,replace
449,APT-2026-000449,اسم_المريض,PERSON_NAME,فاطمة النعيمي,replace
449,APT-2026-000449,رقم_الهوية,SAUDI_ID,1071163503,replace
449,APT-2026-000449,رقم_الجوال,MOBILE,0532757165,replace
450,APT-2026-000450,اسم_المريض,PERSON_NAME,يوسف الشهراني,replace
450,APT-2026-000450,رقم_الهوية,SAUDI_ID,1434923726,replace
450,APT-2026-000450,رقم_الجوال,MOBILE,0535486754,replace
451,APT-2026-000451,اسم_المريض,PERSON_NAME,ناصر باوزير,replace
451,APT-2026-000451,رقم_الهوية,SAUDI_ID,1542806789,replace
451,APT-2026-000451,رقم_الجوال,MOBILE,0550222058,replace
452,APT-2026-000452,اسم_المريض,PERSON_NAME,منى العيسى,replace
452,APT-2026-000452,رقم_الهوية,SAUDI_ID,1437953860,replace
452,APT-2026-000452,رقم_الجوال,MOBILE,0549061181,replace
453,APT-2026-000453,اسم_المريض,PERSON_NAME,منى السديري,replace
453,APT-2026-000453,رقم_الهوية,SAUDI_ID,1144200431,replace
453,APT-2026-000453,رقم_الجوال,MOBILE,0538247509,replace
454,APT-2026-000454,اسم_المريض,PERSON_NAME,نواف العجمي,replace
454,APT-2026-000454,رقم_الهوية,SAUDI_ID,1200531901,replace
454,APT-2026-000454,رقم_الجوال,MOBILE,0532064629,replace
455,APT-2026-000455,ملاحظة_الاستقبال,MOBILE,0597492504,replace
455,APT-2026-000455,اسم_المريض,PERSON_NAME,إبراهيم العجمي,replace
455,APT-2026-000455,رقم_الهوية,SAUDI_ID,1503984807,replace
455,APT-2026-000455,رقم_الجوال,MOBILE,0532637931,replace
456,APT-2026-000456,اسم_المريض,PERSON_NAME,نواف الأنصاري,replace
456,APT-2026-000456,رقم_الهوية,SAUDI_ID,1350369979,replace
456,APT-2026-000456,رقم_الجوال,MOBILE,0594495220,replace
457,APT-2026-000457,ملاحظة_الاستقبال,PERSON_NAME,حمد البيشي,replace
457,APT-2026-000457,اسم_المريض,PERSON_NAME,أمل التميمي,replace
457,APT-2026-000457,رقم_الهوية,SAUDI_ID,1512791144,replace
457,APT-2026-000457,رقم_الجوال,MOBILE,0591276798,replace
458,APT-2026-000458,اسم_المريض,PERSON_NAME,أسامة السديري,replace
458,APT-2026-000458,رقم_الهوية,SAUDI_ID,1956868895,replace
458,APT-2026-000458,رقم_الجوال,MOBILE,0551460004,replace
459,APT-2026-000459,ملاحظة_الاستقبال,SAUDI_ID,1309218376,review
459,APT-2026-000459,اسم_المريض,PERSON_NAME,ابتسام العجمي,replace
459,APT-2026-000459,رقم_الهوية,SAUDI_ID,1526103112,replace
459,APT-2026-000459,رقم_الجوال,MOBILE,0539933310,replace
460,APT-2026-000460,اسم_المريض,PERSON_NAME,هاني الكثيري,replace
460,APT-2026-000460,رقم_الهوية,SAUDI_ID,1369859218,replace
460,APT-2026-000460,رقم_الجوال,MOBILE,0596949014,replace
461,APT-2026-000461,اسم_المريض,PERSON_NAME,ليان الكثيري,replace
461,APT-2026-000461,رقم_الهوية,SAUDI_ID,2902814801,replace
461,APT-2026-000461,رقم_الجوال,MOBILE,0533679331,replace
462,APT-2026-000462,ملاحظة_الاستقبال,SAUDI_ID,1386488539,ignore
462,APT-2026-000462,اسم_المريض,PERSON_NAME,دلال الأنصاري,replace
462,APT-2026-000462,رقم_الهوية,SAUDI_ID,1250107842,replace
462,APT-2026-000462,رقم_الجوال,MOBILE,0554376061,replace
463,APT-2026-000463,اسم_المريض,PERSON_NAME,فاطمة التميمي,replace
463,APT-2026-000463,رقم_الهوية,SAUDI_ID,1950206852,replace
463,APT-2026-000463,رقم_الجوال,MOBILE,0569272444,replace
464,APT-2026-000464,ملاحظة_الاستقبال,MOBILE,0591200873,replace
464,APT-2026-000464,اسم_المريض,PERSON_NAME,أسماء الشهراني,replace
464,APT-2026-000464,رقم_الهوية,SAUDI_ID,1183054087,replace
464,APT-2026-000464,رقم_الجوال,MOBILE,0594394209,replace
465,APT-2026-000465,اسم_المريض,PERSON_NAME,ابتسام الخثعمي,replace
465,APT-2026-000465,رقم_الهوية,SAUDI_ID,1187661598,replace
465,APT-2026-000465,رقم_الجوال,MOBILE,0559067372,replace
466,APT-2026-000466,ملاحظة_الاستقبال,SAUDI_ID,1184845582,review
466,APT-2026-000466,اسم_المريض,PERSON_NAME,إبراهيم الأنصاري,replace
466,APT-2026-000466,رقم_الهوية,SAUDI_ID,1045755640,replace
466,APT-2026-000466,رقم_الجوال,MOBILE,0502051124,replace
467,APT-2026-000467,ملاحظة_الاستقبال,PERSON_NAME,مشاعل البيشي,replace
467,APT-2026-000467,اسم_المريض,PERSON_NAME,فاطمة الأنصاري,replace
467,APT-2026-000467,رقم_الهوية,SAUDI_ID,1277894620,replace
467,APT-2026-000467,رقم_الجوال,MOBILE,0500280948,replace
468,APT-2026-000468,ملاحظة_الاستقبال,SAUDI_ID,1049889007,review
468,APT-2026-000468,اسم_المريض,PERSON_NAME,سلمى الأنصاري,replace
468,APT-2026-000468,رقم_الهوية,SAUDI_ID,1146163207,replace
468,APT-2026-000468,رقم_الجوال,MOBILE,0534844986,replace
469,APT-2026-000469,اسم_المريض,PERSON_NAME,عبير باوزير,replace
469,APT-2026-000469,رقم_الهوية,SAUDI_ID,1629216399,replace
469,APT-2026-000469,رقم_الجوال,MOBILE,0561342802,replace
470,APT-2026-000470,ملاحظة_الاستقبال,MOBILE,0556874837,replace
470,APT-2026-000470,اسم_المريض,PERSON_NAME,عبدالعزيز النعيمي,replace
470,APT-2026-000470,رقم_الهوية,SAUDI_ID,1441591516,replace
470,APT-2026-000470,رقم_الجوال,MOBILE,0533416083,replace
471,APT-2026-000471,اسم_المريض,PERSON_NAME,جاسم المري,replace
471,APT-2026-000471,رقم_الهوية,SAUDI_ID,2098447580,replace
471,APT-2026-000471,رقم_الجوال,MOBILE,0535561511,replace
472,APT-2026-000472,ملاحظة_الاستقبال,SAUDI_ID,1760432925,ignore
472,APT-2026-000472,اسم_المريض,PERSON_NAME,أسماء المري,replace
472,APT-2026-000472,رقم_الهوية,SAUDI_ID,1868340538,replace
472,APT-2026-000472,رقم_الجوال,MOBILE,0504509800,replace
473,APT-2026-000473,اسم_المريض,PERSON_NAME,ليان المري,replace
473,APT-2026-000473,رقم_الهوية,SAUDI_ID,2110215700,replace
473,APT-2026-000473,رقم_الجوال,MOBILE,0568334481,replace
474,APT-2026-000474,ملاحظة_الاستقبال,SAUDI_ID,1215334663,review
474,APT-2026-000474,اسم_المريض,PERSON_NAME,ابتسام العجمي,replace
474,APT-2026-000474,رقم_الهوية,SAUDI_ID,1280960608,replace
474,APT-2026-000474,رقم_الجوال,MOBILE,0559252398,replace
475,APT-2026-000475,ملاحظة_الاستقبال,SAUDI_ID,1872023402,ignore
475,APT-2026-000475,اسم_المريض,PERSON_NAME,إبراهيم السديري,replace
475,APT-2026-000475,رقم_الهوية,SAUDI_ID,1810100741,replace
475,APT-2026-000475,رقم_الجوال,MOBILE,0568133758,replace
476,APT-2026-000476,ملاحظة_الاستقبال,SAUDI_ID,1352216830,review
476,APT-2026-000476,اسم_المريض,PERSON_NAME,عبدالرحمن الصقير,replace
476,APT-2026-000476,رقم_الهوية,SAUDI_ID,1184941399,replace
476,APT-2026-000476,رقم_الجوال,MOBILE,0590502877,replace
477,APT-2026-000477,ملاحظة_الاستقبال,SAUDI_ID,1097624934,review
477,APT-2026-000477,اسم_المريض,PERSON_NAME,مشاعل الصقير,replace
477,APT-2026-000477,رقم_الهوية,SAUDI_ID,1430530012,replace
477,APT-2026-000477,رقم_الجوال,MOBILE,0539975531,replace
478,APT-2026-000478,ملاحظة_الاستقبال,SAUDI_ID,1923449077,ignore
478,APT-2026-000478,اسم_المريض,PERSON_NAME,عبير الأنصاري,replace
478,APT-2026-000478,رقم_الهوية,SAUDI_ID,2241771076,replace
478,APT-2026-000478,رقم_الجوال,MOBILE,0539539431,replace
479,APT-2026-000479,اسم_المريض,PERSON_NAME,يوسف الزامل,replace
479,APT-2026-000479,رقم_الهوية,SAUDI_ID,1440164299,replace
479,APT-2026-000479,رقم_الجوال,MOBILE,0566380323,replace
480,APT-2026-000480,ملاحظة_الاستقبال,PERSON_NAME,مشاعل النعيمي,replace
480,APT-2026-000480,اسم_المريض,PERSON_NAME,روان الهاجري,replace
480,APT-2026-000480,رقم_الهوية,SAUDI_ID,1845705506,replace
480,APT-2026-000480,رقم_الجوال,MOBILE,0504033866,replace
481,APT-2026-000481,اسم_المريض,PERSON_NAME,سامي الخثعمي,replace
481,APT-2026-000481,رقم_الهوية,SAUDI_ID,2393294224,replace
481,APT-2026-000481,رقم_الجوال,MOBILE,0554996725,replace
482,APT-2026-000482,ملاحظة_الاستقبال,SAUDI_ID,2118073036,replace
482,APT-2026-000482,اسم_المريض,PERSON_NAME,منى الجبرين,replace
482,APT-2026-000482,رقم_الهوية,SAUDI_ID,1809129735,replace
482,APT-2026-000482,رقم_الجوال,MOBILE,0598008441,replace
483,APT-2026-000483,اسم_المريض,PERSON_NAME,هاني الشهراني,replace
483,APT-2026-000483,رقم_الهوية,SAUDI_ID,1000079168,replace
483,APT-2026-000483,رقم_الجوال,MOBILE,0569946718,replace
484,APT-2026-000484,اسم_المريض,PERSON_NAME,أمل الكثيري,replace
484,APT-2026-000484,رقم_الهوية,SAUDI_ID,1207458835,replace
484,APT-2026-000484,رقم_الجوال,MOBILE,0540586456,replace
485,APT-2026-000485,ملاحظة_الاستقبال,SAUDI_ID,1693966655,review
485,APT-2026-000485,اسم_المريض,PERSON_NAME,نواف المري,replace
485,APT-2026-000485,رقم_الهوية,SAUDI_ID,1941095141,replace
485,APT-2026-000485,رقم_الجوال,MOBILE,0508010264,replace
486,APT-2026-000486,اسم_المريض,PERSON_NAME,أمل الزامل,replace
486,APT-2026-000486,رقم_الهوية,SAUDI_ID,1922708654,replace
486,APT-2026-000486,رقم_الجوال,MOBILE,0566632123,replace
487,APT-2026-000487,ملاحظة_الاستقبال,PERSON_NAME,أسماء البيشي,replace
487,APT-2026-000487,اسم_المريض,PERSON_NAME,سلمان باوزير,replace
487,APT-2026-000487,رقم_الهوية,SAUDI_ID,1729182277,replace
487,APT-2026-000487,رقم_الجوال,MOBILE,0566445862,replace
488,APT-2026-000488,اسم_المريض,PERSON_NAME,حصة التميمي,replace
488,APT-2026-000488,رقم_الهوية,SAUDI_ID,1355031137,replace
488,APT-2026-000488,رقم_الجوال,MOBILE,0505877875,replace
489,APT-2026-000489,ملاحظة_الاستقبال,MOBILE,0592917565,replace
489,APT-2026-000489,اسم_المريض,PERSON_NAME,تركي البيشي,replace
489,APT-2026-000489,رقم_الهوية,SAUDI_ID,1040179770,replace
489,APT-2026-000489,رقم_الجوال,MOBILE,0508699999,replace
490,APT-2026-000490,ملاحظة_الاستقبال,SAUDI_ID,1937939842,ignore
490,APT-2026-000490,اسم_المريض,PERSON_NAME,ابتسام العيسى,replace
490,APT-2026-000490,رقم_الهوية,SAUDI_ID,1162032617,replace
490,APT-2026-000490,رقم_الجوال,MOBILE,0567484531,replace
491,APT-2026-000491,اسم_المريض,PERSON_NAME,مشاعل الأنصاري,replace
491,APT-2026-000491,رقم_الهوية,SAUDI_ID,2440159503,replace
491,APT-2026-000491,رقم_الجوال,MOBILE,0539263531,replace
492,APT-2026-000492,اسم_المريض,PERSON_NAME,ليان الجبرين,replace
492,APT-2026-000492,رقم_الهوية,SAUDI_ID,1328053986,replace
492,APT-2026-000492,رقم_الجوال,MOBILE,0532841681,replace
493,APT-2026-000493,ملاحظة_الاستقبال,SAUDI_ID,2299739082,replace
493,APT-2026-000493,اسم_المريض,PERSON_NAME,فاطمة الشهراني,replace
493,APT-2026-000493,رقم_الهوية,SAUDI_ID,1238551988,replace
493,APT-2026-000493,رقم_الجوال,MOBILE,0590094661,replace
494,APT-2026-000494,ملاحظة_الاستقبال,SAUDI_ID,1275494354,ignore
494,APT-2026-000494,اسم_المريض,PERSON_NAME,عبدالرحمن الهاجري,replace
494,APT-2026-000494,رقم_الهوية,SAUDI_ID,1646572782,replace
494,APT-2026-000494,رقم_الجوال,MOBILE,0505801819,replace
495,APT-2026-000495,اسم_المريض,PERSON_NAME,هاني النعيمي,replace
495,APT-2026-000495,رقم_الهوية,SAUDI_ID,2789907686,replace
495,APT-2026-000495,رقم_الجوال,MOBILE,0541693234,replace
496,APT-2026-000496,اسم_المريض,PERSON_NAME,سلمى الأنصاري,replace
496,APT-2026-000496,رقم_الهوية,SAUDI_ID,1555764404,replace
496,APT-2026-000496,رقم_الجوال,MOBILE,0505933176,replace
497,APT-2026-000497,ملاحظة_الاستقبال,SAUDI_ID,1931717616,ignore
497,APT-2026-000497,اسم_المريض,PERSON_NAME,نواف العجمي,replace
497,APT-2026-000497,رقم_الهوية,SAUDI_ID,1175013760,replace
497,APT-2026-000497,رقم_الجوال,MOBILE,0505265666,replace
498,APT-2026-000498,ملاحظة_الاستقبال,SAUDI_ID,2157009180,replace
498,APT-2026-000498,اسم_المريض,PERSON_NAME,يوسف الشهراني,replace
498,APT-2026-000498,رقم_الهوية,SAUDI_ID,1718580119,replace
498,APT-2026-000498,رقم_الجوال,MOBILE,0553621844,replace
499,APT-2026-000499,ملاحظة_الاستقبال,PERSON_NAME,سلمى الصقير,replace
499,APT-2026-000499,اسم_المريض,PERSON_NAME,فاطمة الجبرين,replace
499,APT-2026-000499,رقم_الهوية,SAUDI_ID,1738151768,replace
499,APT-2026-000499,رقم_الجوال,MOBILE,0559798007,replace
500,APT-2026-000500,اسم_المريض,PERSON_NAME,أسامة الكثيري,replace
500,APT-2026-000500,رقم_الهوية,SAUDI_ID,2653337705,replace
500,APT-2026-000500,رقم_الجوال,MOBILE,0542947980,replace
501,APT-2026-000501,ملاحظة_الاستقبال,PERSON_NAME,نواف باوزير,replace
501,APT-2026-000501,اسم_المريض,PERSON_NAME,منى المري,replace
501,APT-2026-000501,رقم_الهوية,SAUDI_ID,1562566990,replace
501,APT-2026-000501,رقم_الجوال,MOBILE,0592710698,replace
502,APT-2026-000502,ملاحظة_الاستقبال,SAUDI_ID,1422457901,review
502,APT-2026-000502,اسم_المريض,PERSON_NAME,يوسف الصقير,replace
502,APT-2026-000502,رقم_الهوية,SAUDI_ID,1529590315,replace
502,APT-2026-000502,رقم_الجوال,MOBILE,0544489661,replace
503,APT-2026-000503,ملاحظة_الاستقبال,SAUDI_ID,1174942285,ignore
503,APT-2026-000503,اسم_المريض,PERSON_NAME,ابتسام الأنصاري,replace
503,APT-2026-000503,رقم_الهوية,SAUDI_ID,1788493516,replace
503,APT-2026-000503,رقم_الجوال,MOBILE,0567653590,replace
504,APT-2026-000504,ملاحظة_الاستقبال,MOBILE,0545122385,replace
504,APT-2026-000504,اسم_المريض,PERSON_NAME,قصي الكثيري,replace
504,APT-2026-000504,رقم_الهوية,SAUDI_ID,2175490750,replace
504,APT-2026-000504,رقم_الجوال,MOBILE,0506240012,replace
505,APT-2026-000505,ملاحظة_الاستقبال,SAUDI_ID,2223077138,replace
505,APT-2026-000505,اسم_المريض,PERSON_NAME,ناصر البيشي,replace
505,APT-2026-000505,رقم_الهوية,SAUDI_ID,1624895791,replace
505,APT-2026-000505,رقم_الجوال,MOBILE,0535052851,replace
506,APT-2026-000506,اسم_المريض,PERSON_NAME,حمد السديري,replace
506,APT-2026-000506,رقم_الهوية,SAUDI_ID,1559286164,replace
506,APT-2026-000506,رقم_الجوال,MOBILE,0505554457,replace
507,APT-2026-000507,اسم_المريض,PERSON_NAME,ناصر العجمي,replace
507,APT-2026-000507,رقم_الهوية,SAUDI_ID,1260505761,replace
507,APT-2026-000507,رقم_الجوال,MOBILE,0554828632,replace
508,APT-2026-000508,ملاحظة_الاستقبال,MOBILE,0561293265,replace
508,APT-2026-000508,اسم_المريض,PERSON_NAME,حصة الكثيري,replace
508,APT-2026-000508,رقم_الهوية,SAUDI_ID,1891168237,replace
508,APT-2026-000508,رقم_الجوال,MOBILE,0561232782,replace
509,APT-2026-000509,ملاحظة_الاستقبال,SAUDI_ID,1647556354,review
509,APT-2026-000509,اسم_المريض,PERSON_NAME,هاني الأنصاري,replace
509,APT-2026-000509,رقم_الهوية,SAUDI_ID,1637623198,replace
509,APT-2026-000509,رقم_الجوال,MOBILE,0590100893,replace
510,APT-2026-000510,ملاحظة_الاستقبال,SAUDI_ID,2383422348,replace
510,APT-2026-000510,اسم_المريض,PERSON_NAME,منى الزامل,replace
510,APT-2026-000510,رقم_الهوية,SAUDI_ID,1125566180,replace
510,APT-2026-000510,رقم_الجوال,MOBILE,0561260581,replace
511,APT-2026-000511,ملاحظة_الاستقبال,PERSON_NAME,سلمى التميمي,replace
511,APT-2026-000511,اسم_المريض,PERSON_NAME,سلمى الشهراني,replace
511,APT-2026-000511,رقم_الهوية,SAUDI_ID,2787647540,replace
511,APT-2026-000511,رقم_الجوال,MOBILE,0549023004,replace
512,APT-2026-000512,اسم_المريض,PERSON_NAME,ناصر الخثعمي,replace
512,APT-2026-000512,رقم_الهوية,SAUDI_ID,2398405940,replace
512,APT-2026-000512,رقم_الجوال,MOBILE,0546847686,replace
513,APT-2026-000513,ملاحظة_الاستقبال,SAUDI_ID,1245923048,review
513,APT-2026-000513,اسم_المريض,PERSON_NAME,ليان الخثعمي,replace
513,APT-2026-000513,رقم_الهوية,SAUDI_ID,1166320174,replace
513,APT-2026-000513,رقم_الجوال,MOBILE,0503190524,replace
514,APT-2026-000514,ملاحظة_الاستقبال,SAUDI_ID,2243338726,replace
514,APT-2026-000514,اسم_المريض,PERSON_NAME,تركي الهاجري,replace
514,APT-2026-000514,رقم_الهوية,SAUDI_ID,2971631045,replace
514,APT-2026-000514,رقم_الجوال,MOBILE,0592277295,replace
515,APT-2026-000515,ملاحظة_الاستقبال,PERSON_NAME,ابتسام النعيمي,replace
515,APT-2026-000515,اسم_المريض,PERSON_NAME,أسماء باوزير,replace
515,APT-2026-000515,رقم_الهوية,SAUDI_ID,2176629604,replace
515,APT-2026-000515,رقم_الجوال,MOBILE,0597211704,replace
516,APT-2026-000516,اسم_المريض,PERSON_NAME,مشاعل البيشي,replace
516,APT-2026-000516,رقم_الهوية,SAUDI_ID,2010985691,replace
516,APT-2026-000516,رقم_الجوال,MOBILE,0544390042,replace
517,APT-2026-000517,اسم_المريض,PERSON_NAME,عبير النعيمي,replace
517,APT-2026-000517,رقم_الهوية,SAUDI_ID,1634358574,replace
517,APT-2026-000517,رقم_الجوال,MOBILE,0555139592,replace
518,APT-2026-000518,ملاحظة_الاستقبال,SAUDI_ID,2242517999,replace
518,APT-2026-000518,اسم_المريض,PERSON_NAME,جواهر الزامل,replace
518,APT-2026-000518,رقم_الهوية,SAUDI_ID,1128744362,replace
518,APT-2026-000518,رقم_الجوال,MOBILE,0502150554,replace
519,APT-2026-000519,ملاحظة_الاستقبال,SAUDI_ID,2318236490,replace
519,APT-2026-000519,اسم_المريض,PERSON_NAME,فيصل الصقير,replace
519,APT-2026-000519,رقم_الهوية,SAUDI_ID,1747095998,replace
519,APT-2026-000519,رقم_الجوال,MOBILE,0532259909,replace
520,APT-2026-000520,ملاحظة_الاستقبال,SAUDI_ID,1408512067,review
520,APT-2026-000520,اسم_المريض,PERSON_NAME,سامي التميمي,replace
520,APT-2026-000520,رقم_الهوية,SAUDI_ID,1972742926,replace
520,APT-2026-000520,رقم_الجوال,MOBILE,0562624611,replace
521,APT-2026-000521,ملاحظة_الاستقبال,MOBILE,0558597345,replace
521,APT-2026-000521,اسم_المريض,PERSON_NAME,ليان البيشي,replace
521,APT-2026-000521,رقم_الهوية,SAUDI_ID,2183020896,replace
521,APT-2026-000521,رقم_الجوال,MOBILE,0595622517,replace
522,APT-2026-000522,اسم_المريض,PERSON_NAME,هاني التميمي,replace
522,APT-2026-000522,رقم_الهوية,SAUDI_ID,1457877783,replace
522,APT-2026-000522,رقم_الجوال,MOBILE,0507368271,replace
523,APT-2026-000523,ملاحظة_الاستقبال,PERSON_NAME,هالة الأنصاري,replace
523,APT-2026-000523,اسم_المريض,PERSON_NAME,أسامة الخثعمي,replace
523,APT-2026-000523,رقم_الهوية,SAUDI_ID,1607953518,replace
523,APT-2026-000523,رقم_الجوال,MOBILE,0505095028,replace
524,APT-2026-000524,اسم_المريض,PERSON_NAME,هاني التميمي,replace
524,APT-2026-000524,رقم_الهوية,SAUDI_ID,1970916464,replace
524,APT-2026-000524,رقم_الجوال,MOBILE,0594518361,replace
525,APT-2026-000525,اسم_المريض,PERSON_NAME,معاذ البيشي,replace
525,APT-2026-000525,رقم_الهوية,SAUDI_ID,2015650852,replace
525,APT-2026-000525,رقم_الجوال,MOBILE,0552918451,replace
526,APT-2026-000526,ملاحظة_الاستقبال,SAUDI_ID,2173797206,replace
526,APT-2026-000526,اسم_المريض,PERSON_NAME,أسامة الصقير,replace
526,APT-2026-000526,رقم_الهوية,SAUDI_ID,1181722206,replace
526,APT-2026-000526,رقم_الجوال,MOBILE,0556956165,replace
527,APT-2026-000527,ملاحظة_الاستقبال,SAUDI_ID,1246439648,review
527,APT-2026-000527,اسم_المريض,PERSON_NAME,نورة الهاجري,replace
527,APT-2026-000527,رقم_الهوية,SAUDI_ID,1499504932,replace
527,APT-2026-000527,رقم_الجوال,MOBILE,0552622852,replace
528,APT-2026-000528,ملاحظة_الاستقبال,SAUDI_ID,1930223961,ignore
528,APT-2026-000528,اسم_المريض,PERSON_NAME,أمل الكثيري,replace
528,APT-2026-000528,رقم_الهوية,SAUDI_ID,1122133661,replace
528,APT-2026-000528,رقم_الجوال,MOBILE,0502317529,replace
529,APT-2026-000529,اسم_المريض,PERSON_NAME,عبير النعيمي,replace
529,APT-2026-000529,رقم_الهوية,SAUDI_ID,2491947103,replace
529,APT-2026-000529,رقم_الجوال,MOBILE,0546722258,replace
530,APT-2026-000530,ملاحظة_الاستقبال,SAUDI_ID,1466526010,ignore
530,APT-2026-000530,اسم_المريض,PERSON_NAME,عبدالعزيز الكثيري,replace
530,APT-2026-000530,رقم_الهوية,SAUDI_ID,1867644815,replace
530,APT-2026-000530,رقم_الجوال,MOBILE,0547804450,replace
531,APT-2026-000531,ملاحظة_الاستقبال,SAUDI_ID,2243396245,replace
531,APT-2026-000531,اسم_المريض,PERSON_NAME,إبراهيم الجبرين,replace
531,APT-2026-000531,رقم_الهوية,SAUDI_ID,2846212344,replace
531,APT-2026-000531,رقم_الجوال,MOBILE,0598343592,replace
532,APT-2026-000532,ملاحظة_الاستقبال,SAUDI_ID,1347010778,ignore
532,APT-2026-000532,اسم_المريض,PERSON_NAME,فيصل الكثيري,replace
532,APT-2026-000532,رقم_الهوية,SAUDI_ID,1323139715,replace
532,APT-2026-000532,رقم_الجوال,MOBILE,0543378557,replace
533,APT-2026-000533,ملاحظة_الاستقبال,PERSON_NAME,سامي العيسى,replace
533,APT-2026-000533,اسم_المريض,PERSON_NAME,يوسف باوزير,replace
533,APT-2026-000533,رقم_الهوية,SAUDI_ID,2634233080,replace
533,APT-2026-000533,رقم_الجوال,MOBILE,0541944833,replace
534,APT-2026-000534,اسم_المريض,PERSON_NAME,نواف الخثعمي,replace
534,APT-2026-000534,رقم_الهوية,SAUDI_ID,1822154157,replace
534,APT-2026-000534,رقم_الجوال,MOBILE,0500921029,replace
535,APT-2026-000535,اسم_المريض,PERSON_NAME,خلود الشهراني,replace
535,APT-2026-000535,رقم_الهوية,SAUDI_ID,1676578907,replace
535,APT-2026-000535,رقم_الجوال,MOBILE,0555892488,replace
536,APT-2026-000536,ملاحظة_الاستقبال,SAUDI_ID,1366514006,review
536,APT-2026-000536,اسم_المريض,PERSON_NAME,سلمى الخثعمي,replace
536,APT-2026-000536,رقم_الهوية,SAUDI_ID,1446269159,replace
536,APT-2026-000536,رقم_الجوال,MOBILE,0599130539,replace
537,APT-2026-000537,ملاحظة_الاستقبال,SAUDI_ID,2025979879,replace
537,APT-2026-000537,اسم_المريض,PERSON_NAME,ناصر الصقير,replace
537,APT-2026-000537,رقم_الهوية,SAUDI_ID,1874753229,replace
537,APT-2026-000537,رقم_الجوال,MOBILE,0569362958,replace
538,APT-2026-000538,اسم_المريض,PERSON_NAME,جاسم العجمي,replace
538,APT-2026-000538,رقم_الهوية,SAUDI_ID,1503866095,replace
538,APT-2026-000538,رقم_الجوال,MOBILE,0544623475,replace
539,APT-2026-000539,اسم_المريض,PERSON_NAME,سامي الخثعمي,replace
539,APT-2026-000539,رقم_الهوية,SAUDI_ID,1228766570,replace
539,APT-2026-000539,رقم_الجوال,MOBILE,0536780151,replace
540,APT-2026-000540,ملاحظة_الاستقبال,SAUDI_ID,2952187231,replace
540,APT-2026-000540,اسم_المريض,PERSON_NAME,دلال الخثعمي,replace
540,APT-2026-000540,رقم_الهوية,SAUDI_ID,1144877550,replace
540,APT-2026-000540,رقم_الجوال,MOBILE,0502717424,replace
541,APT-2026-000541,ملاحظة_الاستقبال,SAUDI_ID,1047274475,review
541,APT-2026-000541,اسم_المريض,PERSON_NAME,ابتسام الشهراني,replace
541,APT-2026-000541,رقم_الهوية,SAUDI_ID,1700562182,replace
541,APT-2026-000541,رقم_الجوال,MOBILE,0595088850,replace
542,APT-2026-000542,ملاحظة_الاستقبال,SAUDI_ID,1803646866,review
542,APT-2026-000542,اسم_المريض,PERSON_NAME,نواف العيسى,replace
542,APT-2026-000542,رقم_الهوية,SAUDI_ID,1348175579,replace
542,APT-2026-000542,رقم_الجوال,MOBILE,0544400272,replace
543,APT-2026-000543,اسم_المريض,PERSON_NAME,مشاعل الزامل,replace
543,APT-2026-000543,رقم_الهوية,SAUDI_ID,2520725728,replace
543,APT-2026-000543,رقم_الجوال,MOBILE,0501403159,replace
544,APT-2026-000544,اسم_المريض,PERSON_NAME,هاني الشهراني,replace
544,APT-2026-000544,رقم_الهوية,SAUDI_ID,1452409814,replace
544,APT-2026-000544,رقم_الجوال,MOBILE,0505445198,replace
545,APT-2026-000545,اسم_المريض,PERSON_NAME,سلمان الجبرين,replace
545,APT-2026-000545,رقم_الهوية,SAUDI_ID,1648510715,replace
545,APT-2026-000545,رقم_الجوال,MOBILE,0558429854,replace
546,APT-2026-000546,ملاحظة_الاستقبال,PERSON_NAME,سامي الشهراني,replace
546,APT-2026-000546,اسم_المريض,PERSON_NAME,حصة الخثعمي,replace
546,APT-2026-000546,رقم_الهوية,SAUDI_ID,1022421497,replace
546,APT-2026-000546,رقم_الجوال,MOBILE,0543778089,replace
547,APT-2026-000547,اسم_المريض,PERSON_NAME,جواهر الصقير,replace
547,APT-2026-000547,رقم_الهوية,SAUDI_ID,1928090990,replace
547,APT-2026-000547,رقم_الجوال,MOBILE,0554215599,replace
548,APT-2026-000548,ملاحظة_الاستقبال,MOBILE,0509900852,replace
548,APT-2026-000548,اسم_المريض,PERSON_NAME,سامي النعيمي,replace
548,APT-2026-000548,رقم_الهوية,SAUDI_ID,1172942730,replace
548,APT-2026-000548,رقم_الجوال,MOBILE,0509308066,replace
549,APT-2026-000549,ملاحظة_الاستقبال,SAUDI_ID,1242768506,ignore
549,APT-2026-000549,اسم_المريض,PERSON_NAME,قصي باوزير,replace
549,APT-2026-000549,رقم_الهوية,SAUDI_ID,1678128354,replace
549,APT-2026-000549,رقم_الجوال,MOBILE,0531095935,replace
550,APT-2026-000550,ملاحظة_الاستقبال,SAUDI_ID,1458321427,review
550,APT-2026-000550,اسم_المريض,PERSON_NAME,خلود العجمي,replace
550,APT-2026-000550,رقم_الهوية,SAUDI_ID,1442220941,replace
550,APT-2026-000550,رقم_الجوال,MOBILE,0508410595,replace
551,APT-2026-000551,اسم_المريض,PERSON_NAME,ابتسام النعيمي,replace
551,APT-2026-000551,رقم_الهوية,SAUDI_ID,1693641936,replace
551,APT-2026-000551,رقم_الجوال,MOBILE,0508867270,replace
552,APT-2026-000552,اسم_المريض,PERSON_NAME,أسماء الزامل,replace
552,APT-2026-000552,رقم_الهوية,SAUDI_ID,1747574349,replace
552,APT-2026-000552,رقم_الجوال,MOBILE,0557915260,replace
553,APT-2026-000553,اسم_المريض,PERSON_NAME,ليان النعيمي,replace
553,APT-2026-000553,رقم_الهوية,SAUDI_ID,1416651477,replace
553,APT-2026-000553,رقم_الجوال,MOBILE,0508312199,replace
554,APT-2026-000554,ملاحظة_الاستقبال,SAUDI_ID,2337600981,replace
554,APT-2026-000554,اسم_المريض,PERSON_NAME,فيصل العيسى,replace
554,APT-2026-000554,رقم_الهوية,SAUDI_ID,1664665161,replace
554,APT-2026-000554,رقم_الجوال,MOBILE,0530725158,replace
555,APT-2026-000555,اسم_المريض,PERSON_NAME,تركي الكثيري,replace
555,APT-2026-000555,رقم_الهوية,SAUDI_ID,1229132624,replace
555,APT-2026-000555,رقم_الجوال,MOBILE,0539916082,replace
556,APT-2026-000556,ملاحظة_الاستقبال,SAUDI_ID,2352440164,replace
556,APT-2026-000556,اسم_المريض,PERSON_NAME,عبدالعزيز الكثيري,replace
556,APT-2026-000556,رقم_الهوية,SAUDI_ID,2730228620,replace
556,APT-2026-000556,رقم_الجوال,MOBILE,0592129242,replace
557,APT-2026-000557,اسم_المريض,PERSON_NAME,قصي الزامل,replace
557,APT-2026-000557,رقم_الهوية,SAUDI_ID,2142544473,replace
557,APT-2026-000557,رقم_الجوال,MOBILE,0597628956,replace
558,APT-2026-000558,ملاحظة_الاستقبال,PERSON_NAME,تركي النعيمي,replace
558,APT-2026-000558,اسم_المريض,PERSON_NAME,عبدالعزيز الجبرين,replace
558,APT-2026-000558,رقم_الهوية,SAUDI_ID,1260645633,replace
558,APT-2026-000558,رقم_الجوال,MOBILE,0558896432,replace
559,APT-2026-000559,اسم_المريض,PERSON_NAME,عبدالعزيز باوزير,replace
559,APT-2026-000559,رقم_الهوية,SAUDI_ID,1128516091,replace
559,APT-2026-000559,رقم_الجوال,MOBILE,0552160803,replace
560,APT-2026-000560,اسم_المريض,PERSON_NAME,عبدالرحمن الكثيري,replace
560,APT-2026-000560,رقم_الهوية,SAUDI_ID,1742487653,replace
560,APT-2026-000560,رقم_الجوال,MOBILE,0501794476,replace
561,APT-2026-000561,ملاحظة_الاستقبال,SAUDI_ID,2259442347,replace
561,APT-2026-000561,اسم_المريض,PERSON_NAME,فاطمة المري,replace
561,APT-2026-000561,رقم_الهوية,SAUDI_ID,1857995144,replace
561,APT-2026-000561,رقم_الجوال,MOBILE,0592302682,replace
562,APT-2026-000562,ملاحظة_الاستقبال,MOBILE,0554464423,replace
562,APT-2026-000562,اسم_المريض,PERSON_NAME,يوسف المري,replace
562,APT-2026-000562,رقم_الهوية,SAUDI_ID,1728848035,replace
562,APT-2026-000562,رقم_الجوال,MOBILE,0562237222,replace
563,APT-2026-000563,ملاحظة_الاستقبال,SAUDI_ID,2212270991,replace
563,APT-2026-000563,اسم_المريض,PERSON_NAME,أمل العجمي,replace
563,APT-2026-000563,رقم_الهوية,SAUDI_ID,1615562871,replace
563,APT-2026-000563,رقم_الجوال,MOBILE,0547276855,replace
564,APT-2026-000564,ملاحظة_الاستقبال,SAUDI_ID,1663773016,review
564,APT-2026-000564,اسم_المريض,PERSON_NAME,سلمى التميمي,replace
564,APT-2026-000564,رقم_الهوية,SAUDI_ID,2220638940,replace
564,APT-2026-000564,رقم_الجوال,MOBILE,0556711776,replace
565,APT-2026-000565,اسم_المريض,PERSON_NAME,مشاعل التميمي,replace
565,APT-2026-000565,رقم_الهوية,SAUDI_ID,2260412040,replace
565,APT-2026-000565,رقم_الجوال,MOBILE,0505989521,replace
566,APT-2026-000566,ملاحظة_الاستقبال,SAUDI_ID,1532374145,review
566,APT-2026-000566,اسم_المريض,PERSON_NAME,هالة الهاجري,replace
566,APT-2026-000566,رقم_الهوية,SAUDI_ID,1402528036,replace
566,APT-2026-000566,رقم_الجوال,MOBILE,0599766425,replace
567,APT-2026-000567,اسم_المريض,PERSON_NAME,حصة الهاجري,replace
567,APT-2026-000567,رقم_الهوية,SAUDI_ID,1548155389,replace
567,APT-2026-000567,رقم_الجوال,MOBILE,0562947551,replace
568,APT-2026-000568,اسم_المريض,PERSON_NAME,مشاعل الشهراني,replace
568,APT-2026-000568,رقم_الهوية,SAUDI_ID,1536917923,replace
568,APT-2026-000568,رقم_الجوال,MOBILE,0598219512,replace
569,APT-2026-000569,اسم_المريض,PERSON_NAME,فاطمة العيسى,replace
569,APT-2026-000569,رقم_الهوية,SAUDI_ID,1906811664,replace
569,APT-2026-000569,رقم_الجوال,MOBILE,0597412461,replace
570,APT-2026-000570,اسم_المريض,PERSON_NAME,عبدالعزيز الشهراني,replace
570,APT-2026-000570,رقم_الهوية,SAUDI_ID,1647817343,replace
570,APT-2026-000570,رقم_الجوال,MOBILE,0509398651,replace
571,APT-2026-000571,ملاحظة_الاستقبال,SAUDI_ID,2744504990,replace
571,APT-2026-000571,اسم_المريض,PERSON_NAME,يوسف السديري,replace
571,APT-2026-000571,رقم_الهوية,SAUDI_ID,1504160134,replace
571,APT-2026-000571,رقم_الجوال,MOBILE,0531396903,replace
572,APT-2026-000572,ملاحظة_الاستقبال,PERSON_NAME,حمد الهاجري,replace
572,APT-2026-000572,اسم_المريض,PERSON_NAME,أسماء العيسى,replace
572,APT-2026-000572,رقم_الهوية,SAUDI_ID,2553893831,replace
572,APT-2026-000572,رقم_الجوال,MOBILE,0594445830,replace
573,APT-2026-000573,ملاحظة_الاستقبال,SAUDI_ID,2023348317,replace
573,APT-2026-000573,اسم_المريض,PERSON_NAME,إبراهيم الزامل,replace
573,APT-2026-000573,رقم_الهوية,SAUDI_ID,1295459133,replace
573,APT-2026-000573,رقم_الجوال,MOBILE,0535649698,replace
574,APT-2026-000574,ملاحظة_الاستقبال,SAUDI_ID,1062170914,ignore
574,APT-2026-000574,اسم_المريض,PERSON_NAME,أسامة المري,replace
574,APT-2026-000574,رقم_الهوية,SAUDI_ID,2374076186,replace
574,APT-2026-000574,رقم_الجوال,MOBILE,0508701998,replace
575,APT-2026-000575,اسم_المريض,PERSON_NAME,نورة الصقير,replace
575,APT-2026-000575,رقم_الهوية,SAUDI_ID,1211303589,replace
575,APT-2026-000575,رقم_الجوال,MOBILE,0553327807,replace
576,APT-2026-000576,ملاحظة_الاستقبال,SAUDI_ID,1424432621,review
576,APT-2026-000576,اسم_المريض,PERSON_NAME,ابتسام المري,replace
576,APT-2026-000576,رقم_الهوية,SAUDI_ID,1875589002,replace
576,APT-2026-000576,رقم_الجوال,MOBILE,0561785321,replace
577,APT-2026-000577,اسم_المريض,PERSON_NAME,فاطمة الزامل,replace
577,APT-2026-000577,رقم_الهوية,SAUDI_ID,1992772390,replace
577,APT-2026-000577,رقم_الجوال,MOBILE,0556554800,replace
578,APT-2026-000578,اسم_المريض,PERSON_NAME,دلال الكثيري,replace
578,APT-2026-000578,رقم_الهوية,SAUDI_ID,2389122660,replace
578,APT-2026-000578,رقم_الجوال,MOBILE,0593080627,replace
579,APT-2026-000579,اسم_المريض,PERSON_NAME,سامي المري,replace
579,APT-2026-000579,رقم_الهوية,SAUDI_ID,1655971057,replace
579,APT-2026-000579,رقم_الجوال,MOBILE,0542784981,replace
580,APT-2026-000580,ملاحظة_الاستقبال,PERSON_NAME,هالة الهاجري,replace
580,APT-2026-000580,اسم_المريض,PERSON_NAME,عبير النعيمي,replace
580,APT-2026-000580,رقم_الهوية,SAUDI_ID,1444689978,replace
580,APT-2026-000580,رقم_الجوال,MOBILE,0599339047,replace
581,APT-2026-000581,ملاحظة_الاستقبال,SAUDI_ID,1616539985,review
581,APT-2026-000581,اسم_المريض,PERSON_NAME,يوسف الصقير,replace
581,APT-2026-000581,رقم_الهوية,SAUDI_ID,1363615301,replace
581,APT-2026-000581,رقم_الجوال,MOBILE,0543387610,replace
582,APT-2026-000582,اسم_المريض,PERSON_NAME,عبدالعزيز الجبرين,replace
582,APT-2026-000582,رقم_الهوية,SAUDI_ID,1943131464,replace
582,APT-2026-000582,رقم_الجوال,MOBILE,0536535863,replace
583,APT-2026-000583,ملاحظة_الاستقبال,SAUDI_ID,1334522958,review
583,APT-2026-000583,اسم_المريض,PERSON_NAME,منى الكثيري,replace
583,APT-2026-000583,رقم_الهوية,SAUDI_ID,1207228824,replace
583,APT-2026-000583,رقم_الجوال,MOBILE,0546387436,replace
584,APT-2026-000584,ملاحظة_الاستقبال,SAUDI_ID,1094701511,review
584,APT-2026-000584,اسم_المريض,PERSON_NAME,دلال الجبرين,replace
584,APT-2026-000584,رقم_الهوية,SAUDI_ID,1263226928,replace
584,APT-2026-000584,رقم_الجوال,MOBILE,0590426556,replace
585,APT-2026-000585,اسم_المريض,PERSON_NAME,تركي التميمي,replace
585,APT-2026-000585,رقم_الهوية,SAUDI_ID,1846922092,replace
585,APT-2026-000585,رقم_الجوال,MOBILE,0599026439,replace
586,APT-2026-000586,اسم_المريض,PERSON_NAME,سلمان المري,replace
586,APT-2026-000586,رقم_الهوية,SAUDI_ID,1685994129,replace
586,APT-2026-000586,رقم_الجوال,MOBILE,0546079297,replace
587,APT-2026-000587,ملاحظة_الاستقبال,SAUDI_ID,1268830252,review
587,APT-2026-000587,اسم_المريض,PERSON_NAME,جواهر العيسى,replace
587,APT-2026-000587,رقم_الهوية,SAUDI_ID,1656281985,replace
587,APT-2026-000587,رقم_الجوال,MOBILE,0502979972,replace
588,APT-2026-000588,اسم_المريض,PERSON_NAME,قصي الأنصاري,replace
588,APT-2026-000588,رقم_الهوية,SAUDI_ID,1828094357,replace
588,APT-2026-000588,رقم_الجوال,MOBILE,0538629067,replace
589,APT-2026-000589,ملاحظة_الاستقبال,SAUDI_ID,1278191415,ignore
589,APT-2026-000589,اسم_المريض,PERSON_NAME,نواف النعيمي,replace
589,APT-2026-000589,رقم_الهوية,SAUDI_ID,1093735544,replace
589,APT-2026-000589,رقم_الجوال,MOBILE,0591764514,replace
590,APT-2026-000590,ملاحظة_الاستقبال,SAUDI_ID,2888974595,replace
590,APT-2026-000590,اسم_المريض,PERSON_NAME,حصة الخثعمي,replace
590,APT-2026-000590,رقم_الهوية,SAUDI_ID,1234737789,replace
590,APT-2026-000590,رقم_الجوال,MOBILE,0555817785,replace
591,APT-2026-000591,اسم_المريض,PERSON_NAME,حمد الخثعمي,replace
591,APT-2026-000591,رقم_الهوية,SAUDI_ID,2526520297,replace
591,APT-2026-000591,رقم_الجوال,MOBILE,0597869513,replace
592,APT-2026-000592,اسم_المريض,PERSON_NAME,ناصر العجمي,replace
592,APT-2026-000592,رقم_الهوية,SAUDI_ID,2999115237,replace
592,APT-2026-000592,رقم_الجوال,MOBILE,0503782853,replace
593,APT-2026-000593,اسم_المريض,PERSON_NAME,سلمان المري,replace
593,APT-2026-000593,رقم_الهوية,SAUDI_ID,1388227892,replace
593,APT-2026-000593,رقم_الجوال,MOBILE,0539831534,replace
594,APT-2026-000594,ملاحظة_الاستقبال,MOBILE,0591356843,replace
594,APT-2026-000594,اسم_المريض,PERSON_NAME,دلال المري,replace
594,APT-2026-000594,رقم_الهوية,SAUDI_ID,1044664454,replace
594,APT-2026-000594,رقم_الجوال,MOBILE,0507963710,replace
595,APT-2026-000595,اسم_المريض,PERSON_NAME,حصة النعيمي,replace
595,APT-2026-000595,رقم_الهوية,SAUDI_ID,1368164214,replace
595,APT-2026-000595,رقم_الجوال,MOBILE,0540448315,replace
596,APT-2026-000596,اسم_المريض,PERSON_NAME,فيصل الجبرين,replace
596,APT-2026-000596,رقم_الهوية,SAUDI_ID,1654987351,replace
596,APT-2026-000596,رقم_الجوال,MOBILE,0546088396,replace
597,APT-2026-000597,ملاحظة_الاستقبال,MOBILE,0556733918,replace
597,APT-2026-000597,اسم_المريض,PERSON_NAME,مشاعل المري,replace
597,APT-2026-000597,رقم_الهوية,SAUDI_ID,1955549835,replace
597,APT-2026-000597,رقم_الجوال,MOBILE,0532055353,replace
598,APT-2026-000598,ملاحظة_الاستقبال,SAUDI_ID,1765993173,review
598,APT-2026-000598,اسم_المريض,PERSON_NAME,ناصر المري,replace
598,APT-2026-000598,رقم_الهوية,SAUDI_ID,1541256259,replace
598,APT-2026-000598,رقم_الجوال,MOBILE,0545059831,replace
599,APT-2026-000599,اسم_المريض,PERSON_NAME,ليان الهاجري,replace
599,APT-2026-000599,رقم_الهوية,SAUDI_ID,1118507027,replace
599,APT-2026-000599,رقم_الجوال,MOBILE,0503879920,replace
600,APT-2026-000600,ملاحظة_الاستقبال,SAUDI_ID,1400010378,ignore
600,APT-2026-000600,اسم_المريض,PERSON_NAME,ناصر العجمي,replace
600,APT-2026-000600,رقم_الهوية,SAUDI_ID,1136749957,replace
600,APT-2026-000600,رقم_الجوال,MOBILE,0598507391,replace
601,APT-2026-000601,اسم_المريض,PERSON_NAME,عبدالرحمن باوزير,replace
601,APT-2026-000601,رقم_الهوية,SAUDI_ID,1444631277,replace
601,APT-2026-000601,رقم_الجوال,MOBILE,0545141019,replace
602,APT-2026-000602,ملاحظة_الاستقبال,SAUDI_ID,2659921320,replace
602,APT-2026-000602,اسم_المريض,PERSON_NAME,سلمان الأنصاري,replace
602,APT-2026-000602,رقم_الهوية,SAUDI_ID,1743779728,replace
602,APT-2026-000602,رقم_الجوال,MOBILE,0564464454,replace
603,APT-2026-000603,اسم_المريض,PERSON_NAME,قصي السديري,replace
603,APT-2026-000603,رقم_الهوية,SAUDI_ID,1274812351,replace
603,APT-2026-000603,رقم_الجوال,MOBILE,0508876229,replace
604,APT-2026-000604,ملاحظة_الاستقبال,SAUDI_ID,1362417731,ignore
604,APT-2026-000604,اسم_المريض,PERSON_NAME,أمل السديري,replace
604,APT-2026-000604,رقم_الهوية,SAUDI_ID,1437031964,replace
604,APT-2026-000604,رقم_الجوال,MOBILE,0534170796,replace
605,APT-2026-000605,ملاحظة_الاستقبال,MOBILE,0548273695,replace
605,APT-2026-000605,اسم_المريض,PERSON_NAME,سلمى الخثعمي,replace
605,APT-2026-000605,رقم_الهوية,SAUDI_ID,1298549088,replace
605,APT-2026-000605,رقم_الجوال,MOBILE,0542549992,replace
606,APT-2026-000606,ملاحظة_الاستقبال,MOBILE,0547935923,replace
606,APT-2026-000606,اسم_المريض,PERSON_NAME,عبدالعزيز الكثيري,replace
606,APT-2026-000606,رقم_الهوية,SAUDI_ID,1866007790,replace
606,APT-2026-000606,رقم_الجوال,MOBILE,0533374514,replace
607,APT-2026-000607,ملاحظة_الاستقبال,PERSON_NAME,معاذ التميمي,replace
607,APT-2026-000607,اسم_المريض,PERSON_NAME,حصة السديري,replace
607,APT-2026-000607,رقم_الهوية,SAUDI_ID,2020071789,replace
607,APT-2026-000607,رقم_الجوال,MOBILE,0531058457,replace
608,APT-2026-000608,ملاحظة_الاستقبال,SAUDI_ID,2914037185,replace
608,APT-2026-000608,اسم_المريض,PERSON_NAME,سلمى الصقير,replace
608,APT-2026-000608,رقم_الهوية,SAUDI_ID,1693632729,replace
608,APT-2026-000608,رقم_الجوال,MOBILE,0552528187,replace
609,APT-2026-000609,ملاحظة_الاستقبال,SAUDI_ID,1322669183,review
609,APT-2026-000609,اسم_المريض,PERSON_NAME,فاطمة المري,replace
609,APT-2026-000609,رقم_الهوية,SAUDI_ID,1467244388,replace
609,APT-2026-000609,رقم_الجوال,MOBILE,0554271237,replace
610,APT-2026-000610,اسم_المريض,PERSON_NAME,هاني العجمي,replace
610,APT-2026-000610,رقم_الهوية,SAUDI_ID,1466745906,replace
610,APT-2026-000610,رقم_الجوال,MOBILE,0538187271,replace
611,APT-2026-000611,اسم_المريض,PERSON_NAME,نواف الهاجري,replace
611,APT-2026-000611,رقم_الهوية,SAUDI_ID,2780848186,replace
611,APT-2026-000611,رقم_الجوال,MOBILE,0536457568,replace
612,APT-2026-000612,ملاحظة_الاستقبال,SAUDI_ID,2271325447,replace
612,APT-2026-000612,اسم_المريض,PERSON_NAME,إبراهيم السديري,replace
612,APT-2026-000612,رقم_الهوية,SAUDI_ID,1537779611,replace
612,APT-2026-000612,رقم_الجوال,MOBILE,0547564147,replace
613,APT-2026-000613,ملاحظة_الاستقبال,SAUDI_ID,1602929202,ignore
613,APT-2026-000613,اسم_المريض,PERSON_NAME,جواهر العيسى,replace
613,APT-2026-000613,رقم_الهوية,SAUDI_ID,1759214859,replace
613,APT-2026-000613,رقم_الجوال,MOBILE,0595239797,replace
614,APT-2026-000614,ملاحظة_الاستقبال,MOBILE,0549174280,replace
614,APT-2026-000614,اسم_المريض,PERSON_NAME,فاطمة الهاجري,replace
614,APT-2026-000614,رقم_الهوية,SAUDI_ID,1724158470,replace
614,APT-2026-000614,رقم_الجوال,MOBILE,0593202902,replace
615,APT-2026-000615,ملاحظة_الاستقبال,SAUDI_ID,1623090659,review
615,APT-2026-000615,اسم_المريض,PERSON_NAME,جاسم الهاجري,replace
615,APT-2026-000615,رقم_الهوية,SAUDI_ID,1616991764,replace
615,APT-2026-000615,رقم_الجوال,MOBILE,0596058262,replace
616,APT-2026-000616,اسم_المريض,PERSON_NAME,عبدالعزيز الهاجري,replace
616,APT-2026-000616,رقم_الهوية,SAUDI_ID,1698476593,replace
616,APT-2026-000616,رقم_الجوال,MOBILE,0595780716,replace
617,APT-2026-000617,اسم_المريض,PERSON_NAME,هاني الزامل,replace
617,APT-2026-000617,رقم_الهوية,SAUDI_ID,1487480830,replace
617,APT-2026-000617,رقم_الجوال,MOBILE,0506969177,replace
618,APT-2026-000618,اسم_المريض,PERSON_NAME,عبدالعزيز الخثعمي,replace
618,APT-2026-000618,رقم_الهوية,SAUDI_ID,1189076324,replace
618,APT-2026-000618,رقم_الجوال,MOBILE,0507999907,replace
619,APT-2026-000619,اسم_المريض,PERSON_NAME,أسامة العيسى,replace
619,APT-2026-000619,رقم_الهوية,SAUDI_ID,1379938911,replace
619,APT-2026-000619,رقم_الجوال,MOBILE,0534767559,replace
620,APT-2026-000620,اسم_المريض,PERSON_NAME,خلود السديري,replace
620,APT-2026-000620,رقم_الهوية,SAUDI_ID,1994625042,replace
620,APT-2026-000620,رقم_الجوال,MOBILE,0593046098,replace
621,APT-2026-000621,اسم_المريض,PERSON_NAME,هالة العيسى,replace
621,APT-2026-000621,رقم_الهوية,SAUDI_ID,1520247428,replace
621,APT-2026-000621,رقم_الجوال,MOBILE,0551930725,replace
622,APT-2026-000622,ملاحظة_الاستقبال,SAUDI_ID,2223137791,replace
622,APT-2026-000622,اسم_المريض,PERSON_NAME,سلمى العجمي,replace
622,APT-2026-000622,رقم_الهوية,SAUDI_ID,1030543993,replace
622,APT-2026-000622,رقم_الجوال,MOBILE,0540162160,replace
623,APT-2026-000623,ملاحظة_الاستقبال,MOBILE,0502580897,replace
623,APT-2026-000623,اسم_المريض,PERSON_NAME,أمل النعيمي,replace
623,APT-2026-000623,رقم_الهوية,SAUDI_ID,1774004368,replace
623,APT-2026-000623,رقم_الجوال,MOBILE,0557736994,replace
624,APT-2026-000624,ملاحظة_الاستقبال,MOBILE,0533650804,replace
624,APT-2026-000624,اسم_المريض,PERSON_NAME,أسماء العجمي,replace
624,APT-2026-000624,رقم_الهوية,SAUDI_ID,2394026674,replace
624,APT-2026-000624,رقم_الجوال,MOBILE,0531669614,replace
625,APT-2026-000625,ملاحظة_الاستقبال,SAUDI_ID,1327170666,review
625,APT-2026-000625,اسم_المريض,PERSON_NAME,أمل الجبرين,replace
625,APT-2026-000625,رقم_الهوية,SAUDI_ID,1788411575,replace
625,APT-2026-000625,رقم_الجوال,MOBILE,0539733933,replace
626,APT-2026-000626,ملاحظة_الاستقبال,SAUDI_ID,1829830894,ignore
626,APT-2026-000626,اسم_المريض,PERSON_NAME,هاني الأنصاري,replace
626,APT-2026-000626,رقم_الهوية,SAUDI_ID,1237755697,replace
626,APT-2026-000626,رقم_الجوال,MOBILE,0566371249,replace
627,APT-2026-000627,اسم_المريض,PERSON_NAME,سامي السديري,replace
627,APT-2026-000627,رقم_الهوية,SAUDI_ID,1508141460,replace
627,APT-2026-000627,رقم_الجوال,MOBILE,0555301399,replace
628,APT-2026-000628,اسم_المريض,PERSON_NAME,حصة النعيمي,replace
628,APT-2026-000628,رقم_الهوية,SAUDI_ID,1891146001,replace
628,APT-2026-000628,رقم_الجوال,MOBILE,0556754716,replace
629,APT-2026-000629,اسم_المريض,PERSON_NAME,سلمى الأنصاري,replace
629,APT-2026-000629,رقم_الهوية,SAUDI_ID,1665242960,replace
629,APT-2026-000629,رقم_الجوال,MOBILE,0550285927,replace
630,APT-2026-000630,اسم_المريض,PERSON_NAME,أسامة النعيمي,replace
630,APT-2026-000630,رقم_الهوية,SAUDI_ID,1299859023,replace
630,APT-2026-000630,رقم_الجوال,MOBILE,0531754959,replace
631,APT-2026-000631,ملاحظة_الاستقبال,SAUDI_ID,1567657516,ignore
631,APT-2026-000631,اسم_المريض,PERSON_NAME,نورة الكثيري,replace
631,APT-2026-000631,رقم_الهوية,SAUDI_ID,2390538201,replace
631,APT-2026-000631,رقم_الجوال,MOBILE,0506733253,replace
632,APT-2026-000632,اسم_المريض,PERSON_NAME,منى الخثعمي,replace
632,APT-2026-000632,رقم_الهوية,SAUDI_ID,1102190251,replace
632,APT-2026-000632,رقم_الجوال,MOBILE,0547004516,replace
633,APT-2026-000633,ملاحظة_الاستقبال,SAUDI_ID,1663642949,ignore
633,APT-2026-000633,اسم_المريض,PERSON_NAME,سامي الشهراني,replace
633,APT-2026-000633,رقم_الهوية,SAUDI_ID,1485480600,replace
633,APT-2026-000633,رقم_الجوال,MOBILE,0547173926,replace
634,APT-2026-000634,اسم_المريض,PERSON_NAME,معاذ الهاجري,replace
634,APT-2026-000634,رقم_الهوية,SAUDI_ID,1800262436,replace
634,APT-2026-000634,رقم_الجوال,MOBILE,0544552612,replace
635,APT-2026-000635,ملاحظة_الاستقبال,SAUDI_ID,2943220083,replace
635,APT-2026-000635,اسم_المريض,PERSON_NAME,هالة الجبرين,replace
635,APT-2026-000635,رقم_الهوية,SAUDI_ID,1187569304,replace
635,APT-2026-000635,رقم_الجوال,MOBILE,0504721923,replace
636,APT-2026-000636,ملاحظة_الاستقبال,MOBILE,0566925391,replace
636,APT-2026-000636,اسم_المريض,PERSON_NAME,ليان البيشي,replace
636,APT-2026-000636,رقم_الهوية,SAUDI_ID,1791459744,replace
636,APT-2026-000636,رقم_الجوال,MOBILE,0560860706,replace
637,APT-2026-000637,اسم_المريض,PERSON_NAME,سامي البيشي,replace
637,APT-2026-000637,رقم_الهوية,SAUDI_ID,1148329079,replace
637,APT-2026-000637,رقم_الجوال,MOBILE,0566092466,replace
638,APT-2026-000638,ملاحظة_الاستقبال,SAUDI_ID,1611783667,ignore
638,APT-2026-000638,اسم_المريض,PERSON_NAME,منى العيسى,replace
638,APT-2026-000638,رقم_الهوية,SAUDI_ID,1295235715,replace
638,APT-2026-000638,رقم_الجوال,MOBILE,0545341365,replace
639,APT-2026-000639,اسم_المريض,PERSON_NAME,عبدالعزيز السديري,replace
639,APT-2026-000639,رقم_الهوية,SAUDI_ID,2949664219,replace
639,APT-2026-000639,رقم_الجوال,MOBILE,0540274030,replace
640,APT-2026-000640,اسم_المريض,PERSON_NAME,عبدالعزيز البيشي,replace
640,APT-2026-000640,رقم_الهوية,SAUDI_ID,2379487008,replace
640,APT-2026-000640,رقم_الجوال,MOBILE,0547494488,replace
641,APT-2026-000641,ملاحظة_الاستقبال,SAUDI_ID,2737132874,replace
641,APT-2026-000641,اسم_المريض,PERSON_NAME,هالة الخثعمي,replace
641,APT-2026-000641,رقم_الهوية,SAUDI_ID,1623898010,replace
641,APT-2026-000641,رقم_الجوال,MOBILE,0554328887,replace
642,APT-2026-000642,ملاحظة_الاستقبال,MOBILE,0547720146,replace
642,APT-2026-000642,اسم_المريض,PERSON_NAME,عبير الكثيري,replace
642,APT-2026-000642,رقم_الهوية,SAUDI_ID,2940890268,replace
642,APT-2026-000642,رقم_الجوال,MOBILE,0552095093,replace
643,APT-2026-000643,ملاحظة_الاستقبال,SAUDI_ID,1680032796,ignore
643,APT-2026-000643,اسم_المريض,PERSON_NAME,أسامة الخثعمي,replace
643,APT-2026-000643,رقم_الهوية,SAUDI_ID,1161225998,replace
643,APT-2026-000643,رقم_الجوال,MOBILE,0541417578,replace
644,APT-2026-000644,اسم_المريض,PERSON_NAME,عبير الأنصاري,replace
644,APT-2026-000644,رقم_الهوية,SAUDI_ID,1179114358,replace
644,APT-2026-000644,رقم_الجوال,MOBILE,0596940981,replace
645,APT-2026-000645,ملاحظة_الاستقبال,SAUDI_ID,1555714448,ignore
645,APT-2026-000645,اسم_المريض,PERSON_NAME,سلمان التميمي,replace
645,APT-2026-000645,رقم_الهوية,SAUDI_ID,1779260932,replace
645,APT-2026-000645,رقم_الجوال,MOBILE,0547456294,replace
646,APT-2026-000646,ملاحظة_الاستقبال,SAUDI_ID,1357318107,ignore
646,APT-2026-000646,اسم_المريض,PERSON_NAME,خلود الكثيري,replace
646,APT-2026-000646,رقم_الهوية,SAUDI_ID,1291115119,replace
646,APT-2026-000646,رقم_الجوال,MOBILE,0549244541,replace
647,APT-2026-000647,ملاحظة_الاستقبال,MOBILE,0561765305,replace
647,APT-2026-000647,اسم_المريض,PERSON_NAME,روان التميمي,replace
647,APT-2026-000647,رقم_الهوية,SAUDI_ID,1289481119,replace
647,APT-2026-000647,رقم_الجوال,MOBILE,0550003142,replace
648,APT-2026-000648,اسم_المريض,PERSON_NAME,هالة السديري,replace
648,APT-2026-000648,رقم_الهوية,SAUDI_ID,1694853605,replace
648,APT-2026-000648,رقم_الجوال,MOBILE,0543470580,replace
649,APT-2026-000649,ملاحظة_الاستقبال,MOBILE,0566725671,replace
649,APT-2026-000649,اسم_المريض,PERSON_NAME,حمد البيشي,replace
649,APT-2026-000649,رقم_الهوية,SAUDI_ID,1978110664,replace
649,APT-2026-000649,رقم_الجوال,MOBILE,0568292773,replace
650,APT-2026-000650,ملاحظة_الاستقبال,SAUDI_ID,2123465078,replace
650,APT-2026-000650,اسم_المريض,PERSON_NAME,أسماء المري,replace
650,APT-2026-000650,رقم_الهوية,SAUDI_ID,1673781645,replace
650,APT-2026-000650,رقم_الجوال,MOBILE,0539026800,replace
651,APT-2026-000651,اسم_المريض,PERSON_NAME,عبدالرحمن التميمي,replace
651,APT-2026-000651,رقم_الهوية,SAUDI_ID,1287433260,replace
651,APT-2026-000651,رقم_الجوال,MOBILE,0509212691,replace
652,APT-2026-000652,اسم_المريض,PERSON_NAME,سلمى الكثيري,replace
652,APT-2026-000652,رقم_الهوية,SAUDI_ID,1942545946,replace
652,APT-2026-000652,رقم_الجوال,MOBILE,0504068310,replace
653,APT-2026-000653,اسم_المريض,PERSON_NAME,فاطمة البيشي,replace
653,APT-2026-000653,رقم_الهوية,SAUDI_ID,1275506739,replace
653,APT-2026-000653,رقم_الجوال,MOBILE,0530366553,replace
654,APT-2026-000654,اسم_المريض,PERSON_NAME,عبدالرحمن العيسى,replace
654,APT-2026-000654,رقم_الهوية,SAUDI_ID,1991168053,replace
654,APT-2026-000654,رقم_الجوال,MOBILE,0501139936,replace
655,APT-2026-000655,ملاحظة_الاستقبال,SAUDI_ID,1443894686,review
655,APT-2026-000655,اسم_المريض,PERSON_NAME,حصة الأنصاري,replace
655,APT-2026-000655,رقم_الهوية,SAUDI_ID,1886736147,replace
655,APT-2026-000655,رقم_الجوال,MOBILE,0506726711,replace
656,APT-2026-000656,اسم_المريض,PERSON_NAME,روان الشهراني,replace
656,APT-2026-000656,رقم_الهوية,SAUDI_ID,1389271279,replace
656,APT-2026-000656,رقم_الجوال,MOBILE,0541906930,replace
657,APT-2026-000657,ملاحظة_الاستقبال,SAUDI_ID,2554996302,replace
657,APT-2026-000657,اسم_المريض,PERSON_NAME,سلمى الصقير,replace
657,APT-2026-000657,رقم_الهوية,SAUDI_ID,1411132564,replace
657,APT-2026-000657,رقم_الجوال,MOBILE,0554357032,replace
658,APT-2026-000658,اسم_المريض,PERSON_NAME,معاذ الخثعمي,replace
658,APT-2026-000658,رقم_الهوية,SAUDI_ID,1891078238,replace
658,APT-2026-000658,رقم_الجوال,MOBILE,0546205313,replace
659,APT-2026-000659,ملاحظة_الاستقبال,SAUDI_ID,1267290953,review
659,APT-2026-000659,اسم_المريض,PERSON_NAME,فاطمة النعيمي,replace
659,APT-2026-000659,رقم_الهوية,SAUDI_ID,1459457626,replace
659,APT-2026-000659,رقم_الجوال,MOBILE,0502230521,replace
660,APT-2026-000660,ملاحظة_الاستقبال,SAUDI_ID,1756514199,ignore
660,APT-2026-000660,اسم_المريض,PERSON_NAME,قصي الهاجري,replace
660,APT-2026-000660,رقم_الهوية,SAUDI_ID,1867346320,replace
660,APT-2026-000660,رقم_الجوال,MOBILE,0565841352,replace
661,APT-2026-000661,اسم_المريض,PERSON_NAME,يوسف الكثيري,replace
661,APT-2026-000661,رقم_الهوية,SAUDI_ID,2508187131,replace
661,APT-2026-000661,رقم_الجوال,MOBILE,0555393686,replace
662,APT-2026-000662,اسم_المريض,PERSON_NAME,عبدالعزيز الصقير,replace
662,APT-2026-000662,رقم_الهوية,SAUDI_ID,1156632570,replace
662,APT-2026-000662,رقم_الجوال,MOBILE,0566357386,replace
663,APT-2026-000663,اسم_المريض,PERSON_NAME,روان العجمي,replace
663,APT-2026-000663,رقم_الهوية,SAUDI_ID,1852845583,replace
663,APT-2026-000663,رقم_الجوال,MOBILE,0597078696,replace
664,APT-2026-000664,ملاحظة_الاستقبال,SAUDI_ID,1243963828,ignore
664,APT-2026-000664,اسم_المريض,PERSON_NAME,دلال الهاجري,replace
664,APT-2026-000664,رقم_الهوية,SAUDI_ID,1869993301,replace
664,APT-2026-000664,رقم_الجوال,MOBILE,0549786762,replace
665,APT-2026-000665,اسم_المريض,PERSON_NAME,روان الصقير,replace
665,APT-2026-000665,رقم_الهوية,SAUDI_ID,1989305790,replace
665,APT-2026-000665,رقم_الجوال,MOBILE,0505699312,replace
666,APT-2026-000666,اسم_المريض,PERSON_NAME,فاطمة الصقير,replace
666,APT-2026-000666,رقم_الهوية,SAUDI_ID,2684307487,replace
666,APT-2026-000666,رقم_الجوال,MOBILE,0533841165,replace
667,APT-2026-000667,ملاحظة_الاستقبال,SAUDI_ID,1989025325,ignore
667,APT-2026-000667,اسم_المريض,PERSON_NAME,سلمان العجمي,replace
667,APT-2026-000667,رقم_الهوية,SAUDI_ID,1733955676,replace
667,APT-2026-000667,رقم_الجوال,MOBILE,0543572237,replace
668,APT-2026-000668,اسم_المريض,PERSON_NAME,مشاعل النعيمي,replace
668,APT-2026-000668,رقم_الهوية,SAUDI_ID,1730766308,replace
668,APT-2026-000668,رقم_الجوال,MOBILE,0561789897,replace
669,APT-2026-000669,اسم_المريض,PERSON_NAME,فيصل العيسى,replace
669,APT-2026-000669,رقم_الهوية,SAUDI_ID,2857586156,replace
669,APT-2026-000669,رقم_الجوال,MOBILE,0546864824,replace
670,APT-2026-000670,ملاحظة_الاستقبال,SAUDI_ID,1281595239,review
670,APT-2026-000670,اسم_المريض,PERSON_NAME,نواف الأنصاري,replace
670,APT-2026-000670,رقم_الهوية,SAUDI_ID,1802446862,replace
670,APT-2026-000670,رقم_الجوال,MOBILE,0538000286,replace
671,APT-2026-000671,ملاحظة_الاستقبال,SAUDI_ID,1487065634,ignore
671,APT-2026-000671,اسم_المريض,PERSON_NAME,هاني الشهراني,replace
671,APT-2026-000671,رقم_الهوية,SAUDI_ID,1354086363,replace
671,APT-2026-000671,رقم_الجوال,MOBILE,0506892454,replace
672,APT-2026-000672,اسم_المريض,PERSON_NAME,ناصر الصقير,replace
672,APT-2026-000672,رقم_الهوية,SAUDI_ID,1759175258,replace
672,APT-2026-000672,رقم_الجوال,MOBILE,0502924414,replace
673,APT-2026-000673,ملاحظة_الاستقبال,PERSON_NAME,معاذ الصقير,replace
673,APT-2026-000673,اسم_المريض,PERSON_NAME,إبراهيم الشهراني,replace
673,APT-2026-000673,رقم_الهوية,SAUDI_ID,1999839820,replace
673,APT-2026-000673,رقم_الجوال,MOBILE,0593241827,replace
674,APT-2026-000674,اسم_المريض,PERSON_NAME,دلال المري,replace
674,APT-2026-000674,رقم_الهوية,SAUDI_ID,1775494436,replace
674,APT-2026-000674,رقم_الجوال,MOBILE,0543446188,replace
675,APT-2026-000675,ملاحظة_الاستقبال,SAUDI_ID,2430427191,replace
675,APT-2026-000675,اسم_المريض,PERSON_NAME,أسماء الصقير,replace
675,APT-2026-000675,رقم_الهوية,SAUDI_ID,1498588597,replace
675,APT-2026-000675,رقم_الجوال,MOBILE,0550586070,replace
676,APT-2026-000676,اسم_المريض,PERSON_NAME,عبدالعزيز السديري,replace
676,APT-2026-000676,رقم_الهوية,SAUDI_ID,1648575759,replace
676,APT-2026-000676,رقم_الجوال,MOBILE,0593250198,replace
677,APT-2026-000677,ملاحظة_الاستقبال,MOBILE,0540024250,replace
677,APT-2026-000677,اسم_المريض,PERSON_NAME,فاطمة المري,replace
677,APT-2026-000677,رقم_الهوية,SAUDI_ID,1365574738,replace
677,APT-2026-000677,رقم_الجوال,MOBILE,0555535417,replace
678,APT-2026-000678,ملاحظة_الاستقبال,SAUDI_ID,2621048558,replace
678,APT-2026-000678,اسم_المريض,PERSON_NAME,ناصر التميمي,replace
678,APT-2026-000678,رقم_الهوية,SAUDI_ID,2934757937,replace
678,APT-2026-000678,رقم_الجوال,MOBILE,0568907043,replace
679,APT-2026-000679,ملاحظة_الاستقبال,SAUDI_ID,1616119457,review
679,APT-2026-000679,اسم_المريض,PERSON_NAME,دلال الجبرين,replace
679,APT-2026-000679,رقم_الهوية,SAUDI_ID,1627698861,replace
679,APT-2026-000679,رقم_الجوال,MOBILE,0597529401,replace
680,APT-2026-000680,ملاحظة_الاستقبال,PERSON_NAME,نورة البيشي,replace
680,APT-2026-000680,اسم_المريض,PERSON_NAME,ليان الأنصاري,replace
680,APT-2026-000680,رقم_الهوية,SAUDI_ID,1499067393,replace
680,APT-2026-000680,رقم_الجوال,MOBILE,0544961545,replace
681,APT-2026-000681,اسم_المريض,PERSON_NAME,قصي الأنصاري,replace
681,APT-2026-000681,رقم_الهوية,SAUDI_ID,1959616382,replace
681,APT-2026-000681,رقم_الجوال,MOBILE,0596021962,replace
682,APT-2026-000682,ملاحظة_الاستقبال,SAUDI_ID,1215068527,review
682,APT-2026-000682,اسم_المريض,PERSON_NAME,يوسف الخثعمي,replace
682,APT-2026-000682,رقم_الهوية,SAUDI_ID,2968160230,replace
682,APT-2026-000682,رقم_الجوال,MOBILE,0595210208,replace
683,APT-2026-000683,ملاحظة_الاستقبال,SAUDI_ID,2606753370,replace
683,APT-2026-000683,اسم_المريض,PERSON_NAME,إبراهيم الهاجري,replace
683,APT-2026-000683,رقم_الهوية,SAUDI_ID,1330643493,replace
683,APT-2026-000683,رقم_الجوال,MOBILE,0562876614,replace
684,APT-2026-000684,ملاحظة_الاستقبال,PERSON_NAME,هالة المري,replace
684,APT-2026-000684,اسم_المريض,PERSON_NAME,أسامة العجمي,replace
684,APT-2026-000684,رقم_الهوية,SAUDI_ID,1836586006,replace
684,APT-2026-000684,رقم_الجوال,MOBILE,0545326864,replace
685,APT-2026-000685,اسم_المريض,PERSON_NAME,ناصر المري,replace
685,APT-2026-000685,رقم_الهوية,SAUDI_ID,1362193185,replace
685,APT-2026-000685,رقم_الجوال,MOBILE,0542447962,replace
686,APT-2026-000686,اسم_المريض,PERSON_NAME,منى العيسى,replace
686,APT-2026-000686,رقم_الهوية,SAUDI_ID,1489623742,replace
686,APT-2026-000686,رقم_الجوال,MOBILE,0531997823,replace
687,APT-2026-000687,اسم_المريض,PERSON_NAME,هاني التميمي,replace
687,APT-2026-000687,رقم_الهوية,SAUDI_ID,1249784818,replace
687,APT-2026-000687,رقم_الجوال,MOBILE,0549292402,replace
688,APT-2026-000688,ملاحظة_الاستقبال,SAUDI_ID,1722751375,review
688,APT-2026-000688,اسم_المريض,PERSON_NAME,يوسف الأنصاري,replace
688,APT-2026-000688,رقم_الهوية,SAUDI_ID,1698698568,replace
688,APT-2026-000688,رقم_الجوال,MOBILE,0531185655,replace
689,APT-2026-000689,ملاحظة_الاستقبال,SAUDI_ID,1931938045,review
689,APT-2026-000689,اسم_المريض,PERSON_NAME,هاني الزامل,replace
689,APT-2026-000689,رقم_الهوية,SAUDI_ID,1728380310,replace
689,APT-2026-000689,رقم_الجوال,MOBILE,0590737524,replace
690,APT-2026-000690,اسم_المريض,PERSON_NAME,ليان الزامل,replace
690,APT-2026-000690,رقم_الهوية,SAUDI_ID,1307959609,replace
690,APT-2026-000690,رقم_الجوال,MOBILE,0557938412,replace
691,APT-2026-000691,اسم_المريض,PERSON_NAME,هالة العيسى,replace
691,APT-2026-000691,رقم_الهوية,SAUDI_ID,1233813219,replace
691,APT-2026-000691,رقم_الجوال,MOBILE,0598319822,replace
692,APT-2026-000692,ملاحظة_الاستقبال,SAUDI_ID,2480428628,replace
692,APT-2026-000692,اسم_المريض,PERSON_NAME,جواهر الهاجري,replace
692,APT-2026-000692,رقم_الهوية,SAUDI_ID,1644020198,replace
692,APT-2026-000692,رقم_الجوال,MOBILE,0592037330,replace
693,APT-2026-000693,اسم_المريض,PERSON_NAME,معاذ الخثعمي,replace
693,APT-2026-000693,رقم_الهوية,SAUDI_ID,1660271451,replace
693,APT-2026-000693,رقم_الجوال,MOBILE,0550658109,replace
694,APT-2026-000694,اسم_المريض,PERSON_NAME,تركي الجبرين,replace
694,APT-2026-000694,رقم_الهوية,SAUDI_ID,1393324288,replace
694,APT-2026-000694,رقم_الجوال,MOBILE,0596883439,replace
695,APT-2026-000695,اسم_المريض,PERSON_NAME,هاني المري,replace
695,APT-2026-000695,رقم_الهوية,SAUDI_ID,1352686289,replace
695,APT-2026-000695,رقم_الجوال,MOBILE,0591199714,replace
696,APT-2026-000696,ملاحظة_الاستقبال,SAUDI_ID,2235959422,replace
696,APT-2026-000696,اسم_المريض,PERSON_NAME,سلمان السديري,replace
696,APT-2026-000696,رقم_الهوية,SAUDI_ID,1559962087,replace
696,APT-2026-000696,رقم_الجوال,MOBILE,0550249014,replace
697,APT-2026-000697,ملاحظة_الاستقبال,PERSON_NAME,ليان الأنصاري,replace
697,APT-2026-000697,اسم_المريض,PERSON_NAME,حمد الكثيري,replace
697,APT-2026-000697,رقم_الهوية,SAUDI_ID,1512227537,replace
697,APT-2026-000697,رقم_الجوال,MOBILE,0534530387,replace
698,APT-2026-000698,اسم_المريض,PERSON_NAME,دلال التميمي,replace
698,APT-2026-000698,رقم_الهوية,SAUDI_ID,1041884741,replace
698,APT-2026-000698,رقم_الجوال,MOBILE,0500202852,replace
699,APT-2026-000699,ملاحظة_الاستقبال,SAUDI_ID,2539282729,replace
699,APT-2026-000699,اسم_المريض,PERSON_NAME,قصي البيشي,replace
699,APT-2026-000699,رقم_الهوية,SAUDI_ID,1955800345,replace
699,APT-2026-000699,رقم_الجوال,MOBILE,0503787472,replace
700,APT-2026-000700,اسم_المريض,PERSON_NAME,عبدالعزيز الهاجري,replace
700,APT-2026-000700,رقم_الهوية,SAUDI_ID,1814304539,replace
700,APT-2026-000700,رقم_الجوال,MOBILE,0595887626,replace
701,APT-2026-000701,ملاحظة_الاستقبال,MOBILE,0595940238,replace
701,APT-2026-000701,اسم_المريض,PERSON_NAME,أسماء باوزير,replace
701,APT-2026-000701,رقم_الهوية,SAUDI_ID,2776523249,replace
701,APT-2026-000701,رقم_الجوال,MOBILE,0596186772,replace
702,APT-2026-000702,اسم_المريض,PERSON_NAME,فاطمة البيشي,replace
702,APT-2026-000702,رقم_الهوية,SAUDI_ID,1963572902,replace
702,APT-2026-000702,رقم_الجوال,MOBILE,0537651362,replace
703,APT-2026-000703,ملاحظة_الاستقبال,SAUDI_ID,2091936662,replace
703,APT-2026-000703,اسم_المريض,PERSON_NAME,مشاعل باوزير,replace
703,APT-2026-000703,رقم_الهوية,SAUDI_ID,1472739794,replace
703,APT-2026-000703,رقم_الجوال,MOBILE,0568803369,replace
704,APT-2026-000704,اسم_المريض,PERSON_NAME,تركي الأنصاري,replace
704,APT-2026-000704,رقم_الهوية,SAUDI_ID,1626518987,replace
704,APT-2026-000704,رقم_الجوال,MOBILE,0563068762,replace
705,APT-2026-000705,اسم_المريض,PERSON_NAME,ليان الأنصاري,replace
705,APT-2026-000705,رقم_الهوية,SAUDI_ID,1454942952,replace
705,APT-2026-000705,رقم_الجوال,MOBILE,0533712428,replace
706,APT-2026-000706,ملاحظة_الاستقبال,SAUDI_ID,2550186650,replace
706,APT-2026-000706,اسم_المريض,PERSON_NAME,دلال الخثعمي,replace
706,APT-2026-000706,رقم_الهوية,SAUDI_ID,1142339223,replace
706,APT-2026-000706,رقم_الجوال,MOBILE,0562559029,replace
707,APT-2026-000707,اسم_المريض,PERSON_NAME,نواف باوزير,replace
707,APT-2026-000707,رقم_الهوية,SAUDI_ID,1532784095,replace
707,APT-2026-000707,رقم_الجوال,MOBILE,0554875347,replace
708,APT-2026-000708,ملاحظة_الاستقبال,PERSON_NAME,هاني الكثيري,replace
708,APT-2026-000708,اسم_المريض,PERSON_NAME,ناصر النعيمي,replace
708,APT-2026-000708,رقم_الهوية,SAUDI_ID,1465522314,replace
708,APT-2026-000708,رقم_الجوال,MOBILE,0597074822,replace
709,APT-2026-000709,اسم_المريض,PERSON_NAME,سلمى الشهراني,replace
709,APT-2026-000709,رقم_الهوية,SAUDI_ID,1748214762,replace
709,APT-2026-000709,رقم_الجوال,MOBILE,0552161525,replace
710,APT-2026-000710,اسم_المريض,PERSON_NAME,سامي التميمي,replace
710,APT-2026-000710,رقم_الهوية,SAUDI_ID,1686574714,replace
710,APT-2026-000710,رقم_الجوال,MOBILE,0566818008,replace
711,APT-2026-000711,ملاحظة_الاستقبال,SAUDI_ID,1282717732,ignore
711,APT-2026-000711,اسم_المريض,PERSON_NAME,أسماء الصقير,replace
711,APT-2026-000711,رقم_الهوية,SAUDI_ID,1843412121,replace
711,APT-2026-000711,رقم_الجوال,MOBILE,0537117172,replace
712,APT-2026-000712,اسم_المريض,PERSON_NAME,هالة السديري,replace
712,APT-2026-000712,رقم_الهوية,SAUDI_ID,1508457239,replace
712,APT-2026-000712,رقم_الجوال,MOBILE,0594645114,replace
713,APT-2026-000713,اسم_المريض,PERSON_NAME,ابتسام الشهراني,replace
713,APT-2026-000713,رقم_الهوية,SAUDI_ID,1116727700,replace
713,APT-2026-000713,رقم_الجوال,MOBILE,0530497227,replace
714,APT-2026-000714,اسم_المريض,PERSON_NAME,معاذ باوزير,replace
714,APT-2026-000714,رقم_الهوية,SAUDI_ID,1191181831,replace
714,APT-2026-000714,رقم_الجوال,MOBILE,0544388574,replace
715,APT-2026-000715,ملاحظة_الاستقبال,PERSON_NAME,منى باوزير,replace
715,APT-2026-000715,اسم_المريض,PERSON_NAME,هالة الكثيري,replace
715,APT-2026-000715,رقم_الهوية,SAUDI_ID,1572469532,replace
715,APT-2026-000715,رقم_الجوال,MOBILE,0557289225,replace
716,APT-2026-000716,اسم_المريض,PERSON_NAME,إبراهيم الصقير,replace
716,APT-2026-000716,رقم_الهوية,SAUDI_ID,1408268751,replace
716,APT-2026-000716,رقم_الجوال,MOBILE,0593924033,replace
717,APT-2026-000717,اسم_المريض,PERSON_NAME,دلال الأنصاري,replace
717,APT-2026-000717,رقم_الهوية,SAUDI_ID,2499508691,replace
717,APT-2026-000717,رقم_الجوال,MOBILE,0502891874,replace
718,APT-2026-000718,ملاحظة_الاستقبال,MOBILE,0554703015,replace
718,APT-2026-000718,اسم_المريض,PERSON_NAME,هالة العجمي,replace
718,APT-2026-000718,رقم_الهوية,SAUDI_ID,1411812462,replace
718,APT-2026-000718,رقم_الجوال,MOBILE,0535349628,replace
719,APT-2026-000719,اسم_المريض,PERSON_NAME,نورة التميمي,replace
719,APT-2026-000719,رقم_الهوية,SAUDI_ID,1701969501,replace
719,APT-2026-000719,رقم_الجوال,MOBILE,0541834289,replace
720,APT-2026-000720,ملاحظة_الاستقبال,MOBILE,0538658736,replace
720,APT-2026-000720,اسم_المريض,PERSON_NAME,عبدالعزيز باوزير,replace
720,APT-2026-000720,رقم_الهوية,SAUDI_ID,1825183542,replace
720,APT-2026-000720,رقم_الجوال,MOBILE,0599280522,replace
721,APT-2026-000721,اسم_المريض,PERSON_NAME,يوسف العيسى,replace
721,APT-2026-000721,رقم_الهوية,SAUDI_ID,1495618876,replace
721,APT-2026-000721,رقم_الجوال,MOBILE,0598813782,replace
722,APT-2026-000722,ملاحظة_الاستقبال,PERSON_NAME,سلمى باوزير,replace
722,APT-2026-000722,اسم_المريض,PERSON_NAME,ليان التميمي,replace
722,APT-2026-000722,رقم_الهوية,SAUDI_ID,1625406960,replace
722,APT-2026-000722,رقم_الجوال,MOBILE,0532999370,replace
723,APT-2026-000723,ملاحظة_الاستقبال,SAUDI_ID,2370361251,replace
723,APT-2026-000723,اسم_المريض,PERSON_NAME,نواف الخثعمي,replace
723,APT-2026-000723,رقم_الهوية,SAUDI_ID,1220607988,replace
723,APT-2026-000723,رقم_الجوال,MOBILE,0596815793,replace
724,APT-2026-000724,اسم_المريض,PERSON_NAME,معاذ الشهراني,replace
724,APT-2026-000724,رقم_الهوية,SAUDI_ID,2473312912,replace
724,APT-2026-000724,رقم_الجوال,MOBILE,0505356086,replace
725,APT-2026-000725,اسم_المريض,PERSON_NAME,فيصل التميمي,replace
725,APT-2026-000725,رقم_الهوية,SAUDI_ID,1931101271,replace
725,APT-2026-000725,رقم_الجوال,MOBILE,0530317313,replace
726,APT-2026-000726,ملاحظة_الاستقبال,SAUDI_ID,1584637375,ignore
726,APT-2026-000726,اسم_المريض,PERSON_NAME,عبدالرحمن التميمي,replace
726,APT-2026-000726,رقم_الهوية,SAUDI_ID,1218594230,replace
726,APT-2026-000726,رقم_الجوال,MOBILE,0595400028,replace
727,APT-2026-000727,ملاحظة_الاستقبال,SAUDI_ID,1699716531,ignore
727,APT-2026-000727,اسم_المريض,PERSON_NAME,ليان التميمي,replace
727,APT-2026-000727,رقم_الهوية,SAUDI_ID,1417260013,replace
727,APT-2026-000727,رقم_الجوال,MOBILE,0591178073,replace
728,APT-2026-000728,اسم_المريض,PERSON_NAME,عبدالعزيز البيشي,replace
728,APT-2026-000728,رقم_الهوية,SAUDI_ID,1140592898,replace
728,APT-2026-000728,رقم_الجوال,MOBILE,0541863006,replace
729,APT-2026-000729,ملاحظة_الاستقبال,PERSON_NAME,نواف البيشي,replace
729,APT-2026-000729,اسم_المريض,PERSON_NAME,تركي الشهراني,replace
729,APT-2026-000729,رقم_الهوية,SAUDI_ID,1938138631,replace
729,APT-2026-000729,رقم_الجوال,MOBILE,0590927105,replace
730,APT-2026-000730,ملاحظة_الاستقبال,MOBILE,0565578035,replace
730,APT-2026-000730,اسم_المريض,PERSON_NAME,روان باوزير,replace
730,APT-2026-000730,رقم_الهوية,SAUDI_ID,1432390381,replace
730,APT-2026-000730,رقم_الجوال,MOBILE,0595102265,replace
731,APT-2026-000731,ملاحظة_الاستقبال,PERSON_NAME,جاسم باوزير,replace
731,APT-2026-000731,اسم_المريض,PERSON_NAME,عبير باوزير,replace
731,APT-2026-000731,رقم_الهوية,SAUDI_ID,1123795047,replace
731,APT-2026-000731,رقم_الجوال,MOBILE,0549426725,replace
732,APT-2026-000732,اسم_المريض,PERSON_NAME,عبدالرحمن البيشي,replace
732,APT-2026-000732,رقم_الهوية,SAUDI_ID,1577297722,replace
732,APT-2026-000732,رقم_الجوال,MOBILE,0502139767,replace
733,APT-2026-000733,اسم_المريض,PERSON_NAME,منى العجمي,replace
733,APT-2026-000733,رقم_الهوية,SAUDI_ID,1390846697,replace
733,APT-2026-000733,رقم_الجوال,MOBILE,0552421955,replace
734,APT-2026-000734,ملاحظة_الاستقبال,SAUDI_ID,2993096516,replace
734,APT-2026-000734,اسم_المريض,PERSON_NAME,قصي السديري,replace
734,APT-2026-000734,رقم_الهوية,SAUDI_ID,1005197619,replace
734,APT-2026-000734,رقم_الجوال,MOBILE,0506185875,replace
735,APT-2026-000735,اسم_المريض,PERSON_NAME,عبدالرحمن المري,replace
735,APT-2026-000735,رقم_الهوية,SAUDI_ID,1188567224,replace
735,APT-2026-000735,رقم_الجوال,MOBILE,0545581445,replace
736,APT-2026-000736,ملاحظة_الاستقبال,MOBILE,0592673555,replace
736,APT-2026-000736,اسم_المريض,PERSON_NAME,منى الكثيري,replace
736,APT-2026-000736,رقم_الهوية,SAUDI_ID,2608263170,replace
736,APT-2026-000736,رقم_الجوال,MOBILE,0506491441,replace
737,APT-2026-000737,ملاحظة_الاستقبال,PERSON_NAME,تركي الخثعمي,replace
737,APT-2026-000737,اسم_المريض,PERSON_NAME,ليان الشهراني,replace
737,APT-2026-000737,رقم_الهوية,SAUDI_ID,1574479661,replace
737,APT-2026-000737,رقم_الجوال,MOBILE,0542843471,replace
738,APT-2026-000738,اسم_المريض,PERSON_NAME,أسامة السديري,replace
738,APT-2026-000738,رقم_الهوية,SAUDI_ID,1488315753,replace
738,APT-2026-000738,رقم_الجوال,MOBILE,0535453703,replace
739,APT-2026-000739,اسم_المريض,PERSON_NAME,فيصل الجبرين,replace
739,APT-2026-000739,رقم_الهوية,SAUDI_ID,1935861318,replace
739,APT-2026-000739,رقم_الجوال,MOBILE,0545175790,replace
740,APT-2026-000740,اسم_المريض,PERSON_NAME,أمل المري,replace
740,APT-2026-000740,رقم_الهوية,SAUDI_ID,1349161719,replace
740,APT-2026-000740,رقم_الجوال,MOBILE,0541356952,replace
741,APT-2026-000741,اسم_المريض,PERSON_NAME,روان المري,replace
741,APT-2026-000741,رقم_الهوية,SAUDI_ID,1489100030,replace
741,APT-2026-000741,رقم_الجوال,MOBILE,0504727146,replace
742,APT-2026-000742,ملاحظة_الاستقبال,SAUDI_ID,1885811940,ignore
742,APT-2026-000742,اسم_المريض,PERSON_NAME,سلمى العيسى,replace
742,APT-2026-000742,رقم_الهوية,SAUDI_ID,1967262468,replace
742,APT-2026-000742,رقم_الجوال,MOBILE,0560697706,replace
743,APT-2026-000743,ملاحظة_الاستقبال,SAUDI_ID,2719142859,replace
743,APT-2026-000743,اسم_المريض,PERSON_NAME,فاطمة باوزير,replace
743,APT-2026-000743,رقم_الهوية,SAUDI_ID,1303460990,replace
743,APT-2026-000743,رقم_الجوال,MOBILE,0549163408,replace
744,APT-2026-000744,ملاحظة_الاستقبال,SAUDI_ID,2594165397,replace
744,APT-2026-000744,اسم_المريض,PERSON_NAME,جواهر الهاجري,replace
744,APT-2026-000744,رقم_الهوية,SAUDI_ID,1522452802,replace
744,APT-2026-000744,رقم_الجوال,MOBILE,0591557264,replace
745,APT-2026-000745,ملاحظة_الاستقبال,SAUDI_ID,1075613958,review
745,APT-2026-000745,اسم_المريض,PERSON_NAME,فاطمة الجبرين,replace
745,APT-2026-000745,رقم_الهوية,SAUDI_ID,1451500548,replace
745,APT-2026-000745,رقم_الجوال,MOBILE,0503275230,replace
746,APT-2026-000746,اسم_المريض,PERSON_NAME,فيصل الصقير,replace
746,APT-2026-000746,رقم_الهوية,SAUDI_ID,1238186884,replace
746,APT-2026-000746,رقم_الجوال,MOBILE,0599072920,replace
747,APT-2026-000747,اسم_المريض,PERSON_NAME,معاذ السديري,replace
747,APT-2026-000747,رقم_الهوية,SAUDI_ID,1361780057,replace
747,APT-2026-000747,رقم_الجوال,MOBILE,0534155236,replace
748,APT-2026-000748,ملاحظة_الاستقبال,SAUDI_ID,2398571345,replace
748,APT-2026-000748,اسم_المريض,PERSON_NAME,حمد البيشي,replace
748,APT-2026-000748,رقم_الهوية,SAUDI_ID,1472822129,replace
748,APT-2026-000748,رقم_الجوال,MOBILE,0547156029,replace
749,APT-2026-000749,اسم_المريض,PERSON_NAME,قصي السديري,replace
749,APT-2026-000749,رقم_الهوية,SAUDI_ID,1624067615,replace
749,APT-2026-000749,رقم_الجوال,MOBILE,0507119102,replace
750,APT-2026-000750,اسم_المريض,PERSON_NAME,نورة العجمي,replace
750,APT-2026-000750,رقم_الهوية,SAUDI_ID,1064512393,replace
750,APT-2026-000750,رقم_الجوال,MOBILE,0548770172,replace
751,APT-2026-000751,اسم_المريض,PERSON_NAME,هاني العيسى,replace
751,APT-2026-000751,رقم_الهوية,SAUDI_ID,2294123266,replace
751,APT-2026-000751,رقم_الجوال,MOBILE,0596682118,replace
752,APT-2026-000752,اسم_المريض,PERSON_NAME,خلود الخثعمي,replace
752,APT-2026-000752,رقم_الهوية,SAUDI_ID,1556126702,replace
752,APT-2026-000752,رقم_الجوال,MOBILE,0535697316,replace
753,APT-2026-000753,ملاحظة_الاستقبال,SAUDI_ID,1579644455,ignore
753,APT-2026-000753,اسم_المريض,PERSON_NAME,تركي العجمي,replace
753,APT-2026-000753,رقم_الهوية,SAUDI_ID,1366732210,replace
753,APT-2026-000753,رقم_الجوال,MOBILE,0561665429,replace
754,APT-2026-000754,اسم_المريض,PERSON_NAME,عبير الأنصاري,replace
754,APT-2026-000754,رقم_الهوية,SAUDI_ID,1213046665,replace
754,APT-2026-000754,رقم_الجوال,MOBILE,0599670866,replace
755,APT-2026-000755,ملاحظة_الاستقبال,SAUDI_ID,1610235227,ignore
755,APT-2026-000755,اسم_المريض,PERSON_NAME,إبراهيم التميمي,replace
755,APT-2026-000755,رقم_الهوية,SAUDI_ID,1221463050,replace
755,APT-2026-000755,رقم_الجوال,MOBILE,0597622293,replace
756,APT-2026-000756,اسم_المريض,PERSON_NAME,عبير السديري,replace
756,APT-2026-000756,رقم_الهوية,SAUDI_ID,1047326895,replace
756,APT-2026-000756,رقم_الجوال,MOBILE,0552952633,replace
757,APT-2026-000757,اسم_المريض,PERSON_NAME,حمد باوزير,replace
757,APT-2026-000757,رقم_الهوية,SAUDI_ID,1974158402,replace
757,APT-2026-000757,رقم_الجوال,MOBILE,0564249453,replace
758,APT-2026-000758,اسم_المريض,PERSON_NAME,نواف الهاجري,replace
758,APT-2026-000758,رقم_الهوية,SAUDI_ID,1139128654,replace
758,APT-2026-000758,رقم_الجوال,MOBILE,0507020520,replace
759,APT-2026-000759,ملاحظة_الاستقبال,PERSON_NAME,فيصل الأنصاري,replace
759,APT-2026-000759,اسم_المريض,PERSON_NAME,يوسف السديري,replace
759,APT-2026-000759,رقم_الهوية,SAUDI_ID,1988178107,replace
759,APT-2026-000759,رقم_الجوال,MOBILE,0565340096,replace
760,APT-2026-000760,ملاحظة_الاستقبال,SAUDI_ID,2668636364,replace
760,APT-2026-000760,اسم_المريض,PERSON_NAME,روان الهاجري,replace
760,APT-2026-000760,رقم_الهوية,SAUDI_ID,1934621747,replace
760,APT-2026-000760,رقم_الجوال,MOBILE,0508450285,replace
761,APT-2026-000761,اسم_المريض,PERSON_NAME,سلمى الشهراني,replace
761,APT-2026-000761,رقم_الهوية,SAUDI_ID,2622547327,replace
761,APT-2026-000761,رقم_الجوال,MOBILE,0551696802,replace
762,APT-2026-000762,ملاحظة_الاستقبال,PERSON_NAME,نواف الكثيري,replace
762,APT-2026-000762,اسم_المريض,PERSON_NAME,نواف باوزير,replace
762,APT-2026-000762,رقم_الهوية,SAUDI_ID,1047070121,replace
762,APT-2026-000762,رقم_الجوال,MOBILE,0568262484,replace
763,APT-2026-000763,اسم_المريض,PERSON_NAME,هاني البيشي,replace
763,APT-2026-000763,رقم_الهوية,SAUDI_ID,1855254296,replace
763,APT-2026-000763,رقم_الجوال,MOBILE,0530872297,replace
764,APT-2026-000764,اسم_المريض,PERSON_NAME,أمل الهاجري,replace
764,APT-2026-000764,رقم_الهوية,SAUDI_ID,1073355370,replace
764,APT-2026-000764,رقم_الجوال,MOBILE,0591301838,replace
765,APT-2026-000765,ملاحظة_الاستقبال,SAUDI_ID,1900099131,ignore
765,APT-2026-000765,اسم_المريض,PERSON_NAME,أمل الجبرين,replace
765,APT-2026-000765,رقم_الهوية,SAUDI_ID,1114172461,replace
765,APT-2026-000765,رقم_الجوال,MOBILE,0551369474,replace
766,APT-2026-000766,اسم_المريض,PERSON_NAME,يوسف الشهراني,replace
766,APT-2026-000766,رقم_الهوية,SAUDI_ID,1271912568,replace
766,APT-2026-000766,رقم_الجوال,MOBILE,0596149414,replace
767,APT-2026-000767,اسم_المريض,PERSON_NAME,عبير النعيمي,replace
767,APT-2026-000767,رقم_الهوية,SAUDI_ID,1752330819,replace
767,APT-2026-000767,رقم_الجوال,MOBILE,0567903264,replace
768,APT-2026-000768,ملاحظة_الاستقبال,SAUDI_ID,1134263294,ignore
768,APT-2026-000768,اسم_المريض,PERSON_NAME,فيصل العيسى,replace
768,APT-2026-000768,رقم_الهوية,SAUDI_ID,1097148942,replace
768,APT-2026-000768,رقم_الجوال,MOBILE,0590106328,replace
769,APT-2026-000769,اسم_المريض,PERSON_NAME,حمد الكثيري,replace
769,APT-2026-000769,رقم_الهوية,SAUDI_ID,2660504032,replace
769,APT-2026-000769,رقم_الجوال,MOBILE,0506941333,replace
770,APT-2026-000770,اسم_المريض,PERSON_NAME,سلمان الشهراني,replace
770,APT-2026-000770,رقم_الهوية,SAUDI_ID,1592021909,replace
770,APT-2026-000770,رقم_الجوال,MOBILE,0544211180,replace
771,APT-2026-000771,ملاحظة_الاستقبال,PERSON_NAME,دلال العجمي,replace
771,APT-2026-000771,اسم_المريض,PERSON_NAME,ليان الزامل,replace
771,APT-2026-000771,رقم_الهوية,SAUDI_ID,1491753511,replace
771,APT-2026-000771,رقم_الجوال,MOBILE,0569954569,replace
772,APT-2026-000772,اسم_المريض,PERSON_NAME,إبراهيم السديري,replace
772,APT-2026-000772,رقم_الهوية,SAUDI_ID,1328919178,replace
772,APT-2026-000772,رقم_الجوال,MOBILE,0545996639,replace
773,APT-2026-000773,اسم_المريض,PERSON_NAME,هاني الخثعمي,replace
773,APT-2026-000773,رقم_الهوية,SAUDI_ID,1449352770,replace
773,APT-2026-000773,رقم_الجوال,MOBILE,0599486475,replace
774,APT-2026-000774,ملاحظة_الاستقبال,SAUDI_ID,2362781912,replace
774,APT-2026-000774,اسم_المريض,PERSON_NAME,نورة الخثعمي,replace
774,APT-2026-000774,رقم_الهوية,SAUDI_ID,1460678871,replace
774,APT-2026-000774,رقم_الجوال,MOBILE,0562851986,replace
775,APT-2026-000775,اسم_المريض,PERSON_NAME,حصة الكثيري,replace
775,APT-2026-000775,رقم_الهوية,SAUDI_ID,1518354897,replace
775,APT-2026-000775,رقم_الجوال,MOBILE,0505031347,replace
776,APT-2026-000776,اسم_المريض,PERSON_NAME,نورة باوزير,replace
776,APT-2026-000776,رقم_الهوية,SAUDI_ID,1716006059,replace
776,APT-2026-000776,رقم_الجوال,MOBILE,0506403896,replace
777,APT-2026-000777,ملاحظة_الاستقبال,PERSON_NAME,أسماء النعيمي,replace
777,APT-2026-000777,اسم_المريض,PERSON_NAME,جاسم المري,replace
777,APT-2026-000777,رقم_الهوية,SAUDI_ID,1687565299,replace
777,APT-2026-000777,رقم_الجوال,MOBILE,0565689162,replace
778,APT-2026-000778,ملاحظة_الاستقبال,MOBILE,0507462597,replace
778,APT-2026-000778,اسم_المريض,PERSON_NAME,أسامة باوزير,replace
778,APT-2026-000778,رقم_الهوية,SAUDI_ID,1205155813,replace
778,APT-2026-000778,رقم_الجوال,MOBILE,0531988920,replace
779,APT-2026-000779,اسم_المريض,PERSON_NAME,ناصر السديري,replace
779,APT-2026-000779,رقم_الهوية,SAUDI_ID,1487988550,replace
779,APT-2026-000779,رقم_الجوال,MOBILE,0543494032,replace
780,APT-2026-000780,ملاحظة_الاستقبال,SAUDI_ID,1221588575,review
780,APT-2026-000780,اسم_المريض,PERSON_NAME,أمل التميمي,replace
780,APT-2026-000780,رقم_الهوية,SAUDI_ID,1168020111,replace
780,APT-2026-000780,رقم_الجوال,MOBILE,0532340455,replace
781,APT-2026-000781,اسم_المريض,PERSON_NAME,دلال السديري,replace
781,APT-2026-000781,رقم_الهوية,SAUDI_ID,1464109436,replace
781,APT-2026-000781,رقم_الجوال,MOBILE,0501725980,replace
782,APT-2026-000782,ملاحظة_الاستقبال,SAUDI_ID,1737284305,review
782,APT-2026-000782,اسم_المريض,PERSON_NAME,إبراهيم النعيمي,replace
782,APT-2026-000782,رقم_الهوية,SAUDI_ID,1651634642,replace
782,APT-2026-000782,رقم_الجوال,MOBILE,0509573008,replace
783,APT-2026-000783,ملاحظة_الاستقبال,SAUDI_ID,1845651250,ignore
783,APT-2026-000783,اسم_المريض,PERSON_NAME,أمل العجمي,replace
783,APT-2026-000783,رقم_الهوية,SAUDI_ID,2244941288,replace
783,APT-2026-000783,رقم_الجوال,MOBILE,0503860207,replace
784,APT-2026-000784,ملاحظة_الاستقبال,MOBILE,0566383258,replace
784,APT-2026-000784,اسم_المريض,PERSON_NAME,فاطمة الخثعمي,replace
784,APT-2026-000784,رقم_الهوية,SAUDI_ID,1054336159,replace
784,APT-2026-000784,رقم_الجوال,MOBILE,0546584628,replace
785,APT-2026-000785,اسم_المريض,PERSON_NAME,حمد التميمي,replace
785,APT-2026-000785,رقم_الهوية,SAUDI_ID,1932407156,replace
785,APT-2026-000785,رقم_الجوال,MOBILE,0534069077,replace
786,APT-2026-000786,اسم_المريض,PERSON_NAME,حمد الصقير,replace
786,APT-2026-000786,رقم_الهوية,SAUDI_ID,1004840441,replace
786,APT-2026-000786,رقم_الجوال,MOBILE,0549133639,replace
787,APT-2026-000787,اسم_المريض,PERSON_NAME,أسماء باوزير,replace
787,APT-2026-000787,رقم_الهوية,SAUDI_ID,2235019466,replace
787,APT-2026-000787,رقم_الجوال,MOBILE,0540198579,replace
788,APT-2026-000788,ملاحظة_الاستقبال,MOBILE,0509273487,replace
788,APT-2026-000788,اسم_المريض,PERSON_NAME,جاسم الخثعمي,replace
788,APT-2026-000788,رقم_الهوية,SAUDI_ID,1092499050,replace
788,APT-2026-000788,رقم_الجوال,MOBILE,0543033976,replace
789,APT-2026-000789,ملاحظة_الاستقبال,MOBILE,0504743959,replace
789,APT-2026-000789,اسم_المريض,PERSON_NAME,حمد الأنصاري,replace
789,APT-2026-000789,رقم_الهوية,SAUDI_ID,1929434445,replace
789,APT-2026-000789,رقم_الجوال,MOBILE,0543358809,replace
790,APT-2026-000790,اسم_المريض,PERSON_NAME,دلال الزامل,replace
790,APT-2026-000790,رقم_الهوية,SAUDI_ID,1729526101,replace
790,APT-2026-000790,رقم_الجوال,MOBILE,0558522011,replace
791,APT-2026-000791,اسم_المريض,PERSON_NAME,دلال الخثعمي,replace
791,APT-2026-000791,رقم_الهوية,SAUDI_ID,1175084373,replace
791,APT-2026-000791,رقم_الجوال,MOBILE,0503944472,replace
792,APT-2026-000792,اسم_المريض,PERSON_NAME,نواف الجبرين,replace
792,APT-2026-000792,رقم_الهوية,SAUDI_ID,1627524273,replace
792,APT-2026-000792,رقم_الجوال,MOBILE,0564683802,replace
793,APT-2026-000793,ملاحظة_الاستقبال,PERSON_NAME,منى الصقير,replace
793,APT-2026-000793,اسم_المريض,PERSON_NAME,روان الزامل,replace
793,APT-2026-000793,رقم_الهوية,SAUDI_ID,1104978034,replace
793,APT-2026-000793,رقم_الجوال,MOBILE,0599675461,replace
794,APT-2026-000794,ملاحظة_الاستقبال,SAUDI_ID,1924575226,review
794,APT-2026-000794,اسم_المريض,PERSON_NAME,فاطمة الزامل,replace
794,APT-2026-000794,رقم_الهوية,SAUDI_ID,1798945992,replace
794,APT-2026-000794,رقم_الجوال,MOBILE,0548081541,replace
795,APT-2026-000795,ملاحظة_الاستقبال,SAUDI_ID,1460628363,review
795,APT-2026-000795,اسم_المريض,PERSON_NAME,فيصل العجمي,replace
795,APT-2026-000795,رقم_الهوية,SAUDI_ID,2121537506,replace
795,APT-2026-000795,رقم_الجوال,MOBILE,0551177979,replace
796,APT-2026-000796,اسم_المريض,PERSON_NAME,أمل الزامل,replace
796,APT-2026-000796,رقم_الهوية,SAUDI_ID,1547068088,replace
796,APT-2026-000796,رقم_الجوال,MOBILE,0504095837,replace
797,APT-2026-000797,اسم_المريض,PERSON_NAME,هالة الزامل,replace
797,APT-2026-000797,رقم_الهوية,SAUDI_ID,1893154359,replace
797,APT-2026-000797,رقم_الجوال,MOBILE,0550437621,replace
798,APT-2026-000798,ملاحظة_الاستقبال,SAUDI_ID,1963798892,ignore
798,APT-2026-000798,اسم_المريض,PERSON_NAME,سلمى النعيمي,replace
798,APT-2026-000798,رقم_الهوية,SAUDI_ID,1663023545,replace
798,APT-2026-000798,رقم_الجوال,MOBILE,0563844739,replace
799,APT-2026-000799,اسم_المريض,PERSON_NAME,عبدالرحمن باوزير,replace
799,APT-2026-000799,رقم_الهوية,SAUDI_ID,1644463174,replace
799,APT-2026-000799,رقم_الجوال,MOBILE,0502054044,replace
800,APT-2026-000800,اسم_المريض,PERSON_NAME,سامي الخثعمي,replace
800,APT-2026-000800,رقم_الهوية,SAUDI_ID,1175482080,replace
800,APT-2026-000800,رقم_الجوال,MOBILE,0590166630,replace
801,APT-2026-000801,ملاحظة_الاستقبال,SAUDI_ID,2898336389,replace
801,APT-2026-000801,اسم_المريض,PERSON_NAME,سلمان البيشي,replace
801,APT-2026-000801,رقم_الهوية,SAUDI_ID,1239169228,replace
801,APT-2026-000801,رقم_الجوال,MOBILE,0563455410,replace
802,APT-2026-000802,ملاحظة_الاستقبال,PERSON_NAME,أمل العجمي,replace
802,APT-2026-000802,اسم_المريض,PERSON_NAME,يوسف الأنصاري,replace
802,APT-2026-000802,رقم_الهوية,SAUDI_ID,2962146110,replace
802,APT-2026-000802,رقم_الجوال,MOBILE,0598054548,replace
803,APT-2026-000803,اسم_المريض,PERSON_NAME,مشاعل الأنصاري,replace
803,APT-2026-000803,رقم_الهوية,SAUDI_ID,1546606052,replace
803,APT-2026-000803,رقم_الجوال,MOBILE,0591255964,replace
804,APT-2026-000804,ملاحظة_الاستقبال,SAUDI_ID,1492136340,ignore
804,APT-2026-000804,اسم_المريض,PERSON_NAME,مشاعل العيسى,replace
804,APT-2026-000804,رقم_الهوية,SAUDI_ID,1645613017,replace
804,APT-2026-000804,رقم_الجوال,MOBILE,0598912169,replace
805,APT-2026-000805,اسم_المريض,PERSON_NAME,هالة الشهراني,replace
805,APT-2026-000805,رقم_الهوية,SAUDI_ID,1859441725,replace
805,APT-2026-000805,رقم_الجوال,MOBILE,0560037595,replace
806,APT-2026-000806,ملاحظة_الاستقبال,SAUDI_ID,2013132614,replace
806,APT-2026-000806,اسم_المريض,PERSON_NAME,أسماء الصقير,replace
806,APT-2026-000806,رقم_الهوية,SAUDI_ID,1359139605,replace
806,APT-2026-000806,رقم_الجوال,MOBILE,0553879919,replace
807,APT-2026-000807,اسم_المريض,PERSON_NAME,جاسم التميمي,replace
807,APT-2026-000807,رقم_الهوية,SAUDI_ID,1035110806,replace
807,APT-2026-000807,رقم_الجوال,MOBILE,0534862356,replace
808,APT-2026-000808,اسم_المريض,PERSON_NAME,قصي السديري,replace
808,APT-2026-000808,رقم_الهوية,SAUDI_ID,1846522181,replace
808,APT-2026-000808,رقم_الجوال,MOBILE,0590505124,replace
809,APT-2026-000809,ملاحظة_الاستقبال,MOBILE,0530246237,replace
809,APT-2026-000809,اسم_المريض,PERSON_NAME,فيصل العيسى,replace
809,APT-2026-000809,رقم_الهوية,SAUDI_ID,1216416550,replace
809,APT-2026-000809,رقم_الجوال,MOBILE,0503721734,replace
810,APT-2026-000810,اسم_المريض,PERSON_NAME,أمل العيسى,replace
810,APT-2026-000810,رقم_الهوية,SAUDI_ID,1705413449,replace
810,APT-2026-000810,رقم_الجوال,MOBILE,0595769381,replace
811,APT-2026-000811,ملاحظة_الاستقبال,SAUDI_ID,2619238179,replace
811,APT-2026-000811,اسم_المريض,PERSON_NAME,سامي الخثعمي,replace
811,APT-2026-000811,رقم_الهوية,SAUDI_ID,1691930422,replace
811,APT-2026-000811,رقم_الجوال,MOBILE,0508971670,replace
812,APT-2026-000812,ملاحظة_الاستقبال,SAUDI_ID,1137846861,ignore
812,APT-2026-000812,اسم_المريض,PERSON_NAME,منى الجبرين,replace
812,APT-2026-000812,رقم_الهوية,SAUDI_ID,1157294115,replace
812,APT-2026-000812,رقم_الجوال,MOBILE,0565033230,replace
813,APT-2026-000813,ملاحظة_الاستقبال,SAUDI_ID,2372943841,replace
813,APT-2026-000813,اسم_المريض,PERSON_NAME,أسماء الكثيري,replace
813,APT-2026-000813,رقم_الهوية,SAUDI_ID,1032778134,replace
813,APT-2026-000813,رقم_الجوال,MOBILE,0560164328,replace
814,APT-2026-000814,ملاحظة_الاستقبال,MOBILE,0568415922,replace
814,APT-2026-000814,اسم_المريض,PERSON_NAME,سلمان الهاجري,replace
814,APT-2026-000814,رقم_الهوية,SAUDI_ID,1472898988,replace
814,APT-2026-000814,رقم_الجوال,MOBILE,0552458619,replace
815,APT-2026-000815,اسم_المريض,PERSON_NAME,سامي الكثيري,replace
815,APT-2026-000815,رقم_الهوية,SAUDI_ID,1209975950,replace
815,APT-2026-000815,رقم_الجوال,MOBILE,0590984080,replace
816,APT-2026-000816,ملاحظة_الاستقبال,SAUDI_ID,2778550240,replace
816,APT-2026-000816,اسم_المريض,PERSON_NAME,سلمى الكثيري,replace
816,APT-2026-000816,رقم_الهوية,SAUDI_ID,2179301375,replace
816,APT-2026-000816,رقم_الجوال,MOBILE,0509157970,replace
817,APT-2026-000817,اسم_المريض,PERSON_NAME,أسماء العجمي,replace
817,APT-2026-000817,رقم_الهوية,SAUDI_ID,1416163515,replace
817,APT-2026-000817,رقم_الجوال,MOBILE,0566634721,replace
818,APT-2026-000818,اسم_المريض,PERSON_NAME,ناصر الجبرين,replace
818,APT-2026-000818,رقم_الهوية,SAUDI_ID,1886021078,replace
818,APT-2026-000818,رقم_الجوال,MOBILE,0500544516,replace
819,APT-2026-000819,ملاحظة_الاستقبال,SAUDI_ID,1607213189,ignore
819,APT-2026-000819,اسم_المريض,PERSON_NAME,أسامة العجمي,replace
819,APT-2026-000819,رقم_الهوية,SAUDI_ID,1916774506,replace
819,APT-2026-000819,رقم_الجوال,MOBILE,0592130831,replace
820,APT-2026-000820,ملاحظة_الاستقبال,PERSON_NAME,ليان الزامل,replace
820,APT-2026-000820,اسم_المريض,PERSON_NAME,سامي الجبرين,replace
820,APT-2026-000820,رقم_الهوية,SAUDI_ID,1535768806,replace
820,APT-2026-000820,رقم_الجوال,MOBILE,0502250252,replace
821,APT-2026-000821,ملاحظة_الاستقبال,SAUDI_ID,1326078191,review
821,APT-2026-000821,اسم_المريض,PERSON_NAME,جاسم التميمي,replace
821,APT-2026-000821,رقم_الهوية,SAUDI_ID,1045276829,replace
821,APT-2026-000821,رقم_الجوال,MOBILE,0598635324,replace
822,APT-2026-000822,اسم_المريض,PERSON_NAME,منى البيشي,replace
822,APT-2026-000822,رقم_الهوية,SAUDI_ID,1905516199,replace
822,APT-2026-000822,رقم_الجوال,MOBILE,0537165140,replace
823,APT-2026-000823,اسم_المريض,PERSON_NAME,عبير الجبرين,replace
823,APT-2026-000823,رقم_الهوية,SAUDI_ID,1920054853,replace
823,APT-2026-000823,رقم_الجوال,MOBILE,0531528177,replace
824,APT-2026-000824,اسم_المريض,PERSON_NAME,أسماء التميمي,replace
824,APT-2026-000824,رقم_الهوية,SAUDI_ID,1614494217,replace
824,APT-2026-000824,رقم_الجوال,MOBILE,0557730850,replace
825,APT-2026-000825,ملاحظة_الاستقبال,PERSON_NAME,سامي الزامل,replace
825,APT-2026-000825,اسم_المريض,PERSON_NAME,عبير النعيمي,replace
825,APT-2026-000825,رقم_الهوية,SAUDI_ID,1821222955,replace
825,APT-2026-000825,رقم_الجوال,MOBILE,0538666730,replace
826,APT-2026-000826,اسم_المريض,PERSON_NAME,فيصل الأنصاري,replace
826,APT-2026-000826,رقم_الهوية,SAUDI_ID,1978302972,replace
826,APT-2026-000826,رقم_الجوال,MOBILE,0536417275,replace
827,APT-2026-000827,ملاحظة_الاستقبال,SAUDI_ID,1796321352,review
827,APT-2026-000827,اسم_المريض,PERSON_NAME,حمد التميمي,replace
827,APT-2026-000827,رقم_الهوية,SAUDI_ID,1302479785,replace
827,APT-2026-000827,رقم_الجوال,MOBILE,0554103107,replace
828,APT-2026-000828,ملاحظة_الاستقبال,MOBILE,0568457992,replace
828,APT-2026-000828,اسم_المريض,PERSON_NAME,حصة الأنصاري,replace
828,APT-2026-000828,رقم_الهوية,SAUDI_ID,1775680372,replace
828,APT-2026-000828,رقم_الجوال,MOBILE,0562141308,replace
829,APT-2026-000829,اسم_المريض,PERSON_NAME,سلمان الكثيري,replace
829,APT-2026-000829,رقم_الهوية,SAUDI_ID,1934583889,replace
829,APT-2026-000829,رقم_الجوال,MOBILE,0500943283,replace
830,APT-2026-000830,اسم_المريض,PERSON_NAME,حصة المري,replace
830,APT-2026-000830,رقم_الهوية,SAUDI_ID,1348333244,replace
830,APT-2026-000830,رقم_الجوال,MOBILE,0596520551,replace
831,APT-2026-000831,اسم_المريض,PERSON_NAME,ليان الأنصاري,replace
831,APT-2026-000831,رقم_الهوية,SAUDI_ID,1180460584,replace
831,APT-2026-000831,رقم_الجوال,MOBILE,0505886091,replace
832,APT-2026-000832,اسم_المريض,PERSON_NAME,قصي العيسى,replace
832,APT-2026-000832,رقم_الهوية,SAUDI_ID,1718589763,replace
832,APT-2026-000832,رقم_الجوال,MOBILE,0565093357,replace
833,APT-2026-000833,اسم_المريض,PERSON_NAME,عبدالعزيز الصقير,replace
833,APT-2026-000833,رقم_الهوية,SAUDI_ID,1715347512,replace
833,APT-2026-000833,رقم_الجوال,MOBILE,0544850224,replace
834,APT-2026-000834,ملاحظة_الاستقبال,SAUDI_ID,1100508372,ignore
834,APT-2026-000834,اسم_المريض,PERSON_NAME,عبير الصقير,replace
834,APT-2026-000834,رقم_الهوية,SAUDI_ID,2886625157,replace
834,APT-2026-000834,رقم_الجوال,MOBILE,0597993325,replace
835,APT-2026-000835,ملاحظة_الاستقبال,SAUDI_ID,1272424584,ignore
835,APT-2026-000835,اسم_المريض,PERSON_NAME,أمل البيشي,replace
835,APT-2026-000835,رقم_الهوية,SAUDI_ID,1404916270,replace
835,APT-2026-000835,رقم_الجوال,MOBILE,0503171526,replace
836,APT-2026-000836,اسم_المريض,PERSON_NAME,إبراهيم العجمي,replace
836,APT-2026-000836,رقم_الهوية,SAUDI_ID,1787409828,replace
836,APT-2026-000836,رقم_الجوال,MOBILE,0540262009,replace
837,APT-2026-000837,اسم_المريض,PERSON_NAME,أسماء البيشي,replace
837,APT-2026-000837,رقم_الهوية,SAUDI_ID,1031973777,replace
837,APT-2026-000837,رقم_الجوال,MOBILE,0560351592,replace
838,APT-2026-000838,اسم_المريض,PERSON_NAME,ليان المري,replace
838,APT-2026-000838,رقم_الهوية,SAUDI_ID,1744715341,replace
838,APT-2026-000838,رقم_الجوال,MOBILE,0530916647,replace
839,APT-2026-000839,ملاحظة_الاستقبال,SAUDI_ID,2008379477,replace
839,APT-2026-000839,اسم_المريض,PERSON_NAME,ليان الهاجري,replace
839,APT-2026-000839,رقم_الهوية,SAUDI_ID,1796218756,replace
839,APT-2026-000839,رقم_الجوال,MOBILE,0508278120,replace
840,APT-2026-000840,ملاحظة_الاستقبال,SAUDI_ID,1680671674,ignore
840,APT-2026-000840,اسم_المريض,PERSON_NAME,سلمى العجمي,replace
840,APT-2026-000840,رقم_الهوية,SAUDI_ID,1667926388,replace
840,APT-2026-000840,رقم_الجوال,MOBILE,0535326561,replace
841,APT-2026-000841,اسم_المريض,PERSON_NAME,روان الشهراني,replace
841,APT-2026-000841,رقم_الهوية,SAUDI_ID,1064902586,replace
841,APT-2026-000841,رقم_الجوال,MOBILE,0556598397,replace
842,APT-2026-000842,اسم_المريض,PERSON_NAME,قصي العجمي,replace
842,APT-2026-000842,رقم_الهوية,SAUDI_ID,1035894243,replace
842,APT-2026-000842,رقم_الجوال,MOBILE,0531663457,replace
843,APT-2026-000843,ملاحظة_الاستقبال,PERSON_NAME,معاذ العجمي,replace
843,APT-2026-000843,اسم_المريض,PERSON_NAME,أمل المري,replace
843,APT-2026-000843,رقم_الهوية,SAUDI_ID,1787481769,replace
843,APT-2026-000843,رقم_الجوال,MOBILE,0538076110,replace
844,APT-2026-000844,ملاحظة_الاستقبال,MOBILE,0506216352,replace
844,APT-2026-000844,اسم_المريض,PERSON_NAME,أمل الشهراني,replace
844,APT-2026-000844,رقم_الهوية,SAUDI_ID,1272153089,replace
844,APT-2026-000844,رقم_الجوال,MOBILE,0544803635,replace
845,APT-2026-000845,اسم_المريض,PERSON_NAME,سامي الزامل,replace
845,APT-2026-000845,رقم_الهوية,SAUDI_ID,1595267830,replace
845,APT-2026-000845,رقم_الجوال,MOBILE,0508487394,replace
846,APT-2026-000846,ملاحظة_الاستقبال,SAUDI_ID,2400451502,replace
846,APT-2026-000846,اسم_المريض,PERSON_NAME,خلود الزامل,replace
846,APT-2026-000846,رقم_الهوية,SAUDI_ID,2219269368,replace
846,APT-2026-000846,رقم_الجوال,MOBILE,0500667953,replace
847,APT-2026-000847,ملاحظة_الاستقبال,SAUDI_ID,1592273085,ignore
847,APT-2026-000847,اسم_المريض,PERSON_NAME,هاني الشهراني,replace
847,APT-2026-000847,رقم_الهوية,SAUDI_ID,1542406853,replace
847,APT-2026-000847,رقم_الجوال,MOBILE,0566211190,replace
848,APT-2026-000848,ملاحظة_الاستقبال,SAUDI_ID,2072038181,replace
848,APT-2026-000848,اسم_المريض,PERSON_NAME,أسماء الكثيري,replace
848,APT-2026-000848,رقم_الهوية,SAUDI_ID,1287867335,replace
848,APT-2026-000848,رقم_الجوال,MOBILE,0549829166,replace
849,APT-2026-000849,اسم_المريض,PERSON_NAME,منى العجمي,replace
849,APT-2026-000849,رقم_الهوية,SAUDI_ID,1924502287,replace
849,APT-2026-000849,رقم_الجوال,MOBILE,0536051731,replace
850,APT-2026-000850,ملاحظة_الاستقبال,PERSON_NAME,حمد العجمي,replace
850,APT-2026-000850,اسم_المريض,PERSON_NAME,ليان البيشي,replace
850,APT-2026-000850,رقم_الهوية,SAUDI_ID,1780152540,replace
850,APT-2026-000850,رقم_الجوال,MOBILE,0597577115,replace
851,APT-2026-000851,ملاحظة_الاستقبال,MOBILE,0557421553,replace
851,APT-2026-000851,اسم_المريض,PERSON_NAME,جواهر الشهراني,replace
851,APT-2026-000851,رقم_الهوية,SAUDI_ID,1839820964,replace
851,APT-2026-000851,رقم_الجوال,MOBILE,0541151738,replace
852,APT-2026-000852,ملاحظة_الاستقبال,SAUDI_ID,1286175805,review
852,APT-2026-000852,اسم_المريض,PERSON_NAME,جاسم الشهراني,replace
852,APT-2026-000852,رقم_الهوية,SAUDI_ID,1705148623,replace
852,APT-2026-000852,رقم_الجوال,MOBILE,0591956197,replace
853,APT-2026-000853,اسم_المريض,PERSON_NAME,عبدالرحمن النعيمي,replace
853,APT-2026-000853,رقم_الهوية,SAUDI_ID,2827047271,replace
853,APT-2026-000853,رقم_الجوال,MOBILE,0503543645,replace
854,APT-2026-000854,ملاحظة_الاستقبال,SAUDI_ID,1530712221,review
854,APT-2026-000854,اسم_المريض,PERSON_NAME,تركي التميمي,replace
854,APT-2026-000854,رقم_الهوية,SAUDI_ID,1293415889,replace
854,APT-2026-000854,رقم_الجوال,MOBILE,0532563005,replace
855,APT-2026-000855,ملاحظة_الاستقبال,SAUDI_ID,1901344254,ignore
855,APT-2026-000855,اسم_المريض,PERSON_NAME,يوسف الجبرين,replace
855,APT-2026-000855,رقم_الهوية,SAUDI_ID,2180782803,replace
855,APT-2026-000855,رقم_الجوال,MOBILE,0504681021,replace
856,APT-2026-000856,ملاحظة_الاستقبال,SAUDI_ID,2452973643,replace
856,APT-2026-000856,اسم_المريض,PERSON_NAME,هالة السديري,replace
856,APT-2026-000856,رقم_الهوية,SAUDI_ID,1845651387,replace
856,APT-2026-000856,رقم_الجوال,MOBILE,0537661340,replace
857,APT-2026-000857,ملاحظة_الاستقبال,SAUDI_ID,2879414171,replace
857,APT-2026-000857,اسم_المريض,PERSON_NAME,فاطمة باوزير,replace
857,APT-2026-000857,رقم_الهوية,SAUDI_ID,1040156091,replace
857,APT-2026-000857,رقم_الجوال,MOBILE,0538522879,replace
858,APT-2026-000858,اسم_المريض,PERSON_NAME,دلال الأنصاري,replace
858,APT-2026-000858,رقم_الهوية,SAUDI_ID,1745901130,replace
858,APT-2026-000858,رقم_الجوال,MOBILE,0536817176,replace
859,APT-2026-000859,ملاحظة_الاستقبال,SAUDI_ID,2246921874,replace
859,APT-2026-000859,اسم_المريض,PERSON_NAME,ابتسام الصقير,replace
859,APT-2026-000859,رقم_الهوية,SAUDI_ID,1629939545,replace
859,APT-2026-000859,رقم_الجوال,MOBILE,0560419362,replace
860,APT-2026-000860,ملاحظة_الاستقبال,SAUDI_ID,1913478509,ignore
860,APT-2026-000860,اسم_المريض,PERSON_NAME,عبدالرحمن البيشي,replace
860,APT-2026-000860,رقم_الهوية,SAUDI_ID,1767318700,replace
860,APT-2026-000860,رقم_الجوال,MOBILE,0559974281,replace
861,APT-2026-000861,اسم_المريض,PERSON_NAME,تركي البيشي,replace
861,APT-2026-000861,رقم_الهوية,SAUDI_ID,1569910613,replace
861,APT-2026-000861,رقم_الجوال,MOBILE,0557986554,replace
862,APT-2026-000862,اسم_المريض,PERSON_NAME,عبدالرحمن التميمي,replace
862,APT-2026-000862,رقم_الهوية,SAUDI_ID,1850132935,replace
862,APT-2026-000862,رقم_الجوال,MOBILE,0591385707,replace
863,APT-2026-000863,ملاحظة_الاستقبال,MOBILE,0569459649,replace
863,APT-2026-000863,اسم_المريض,PERSON_NAME,سامي الهاجري,replace
863,APT-2026-000863,رقم_الهوية,SAUDI_ID,2880758665,replace
863,APT-2026-000863,رقم_الجوال,MOBILE,0562735701,replace
864,APT-2026-000864,ملاحظة_الاستقبال,MOBILE,0505124012,replace
864,APT-2026-000864,اسم_المريض,PERSON_NAME,معاذ الزامل,replace
864,APT-2026-000864,رقم_الهوية,SAUDI_ID,1986876314,replace
864,APT-2026-000864,رقم_الجوال,MOBILE,0544973394,replace
865,APT-2026-000865,ملاحظة_الاستقبال,MOBILE,0563933777,replace
865,APT-2026-000865,اسم_المريض,PERSON_NAME,سامي التميمي,replace
865,APT-2026-000865,رقم_الهوية,SAUDI_ID,1858581646,replace
865,APT-2026-000865,رقم_الجوال,MOBILE,0548794888,replace
866,APT-2026-000866,ملاحظة_الاستقبال,PERSON_NAME,سلمى الشهراني,replace
866,APT-2026-000866,اسم_المريض,PERSON_NAME,فيصل الهاجري,replace
866,APT-2026-000866,رقم_الهوية,SAUDI_ID,1607308127,replace
866,APT-2026-000866,رقم_الجوال,MOBILE,0557924182,replace
867,APT-2026-000867,ملاحظة_الاستقبال,MOBILE,0568125270,replace
867,APT-2026-000867,اسم_المريض,PERSON_NAME,أسماء الخثعمي,replace
867,APT-2026-000867,رقم_الهوية,SAUDI_ID,1574648281,replace
867,APT-2026-000867,رقم_الجوال,MOBILE,0557065939,replace
868,APT-2026-000868,اسم_المريض,PERSON_NAME,جواهر الخثعمي,replace
868,APT-2026-000868,رقم_الهوية,SAUDI_ID,1078003942,replace
868,APT-2026-000868,رقم_الجوال,MOBILE,0505442269,replace
869,APT-2026-000869,ملاحظة_الاستقبال,SAUDI_ID,1984422294,ignore
869,APT-2026-000869,اسم_المريض,PERSON_NAME,سلمان الأنصاري,replace
869,APT-2026-000869,رقم_الهوية,SAUDI_ID,1464712056,replace
869,APT-2026-000869,رقم_الجوال,MOBILE,0503844147,replace
870,APT-2026-000870,اسم_المريض,PERSON_NAME,عبير الزامل,replace
870,APT-2026-000870,رقم_الهوية,SAUDI_ID,1347008540,replace
870,APT-2026-000870,رقم_الجوال,MOBILE,0533735463,replace
871,APT-2026-000871,اسم_المريض,PERSON_NAME,إبراهيم الصقير,replace
871,APT-2026-000871,رقم_الهوية,SAUDI_ID,2099612984,replace
871,APT-2026-000871,رقم_الجوال,MOBILE,0593330118,replace
872,APT-2026-000872,ملاحظة_الاستقبال,SAUDI_ID,1535949917,ignore
872,APT-2026-000872,اسم_المريض,PERSON_NAME,دلال باوزير,replace
872,APT-2026-000872,رقم_الهوية,SAUDI_ID,1048877920,replace
872,APT-2026-000872,رقم_الجوال,MOBILE,0551712723,replace
873,APT-2026-000873,ملاحظة_الاستقبال,SAUDI_ID,1115549469,review
873,APT-2026-000873,اسم_المريض,PERSON_NAME,معاذ التميمي,replace
873,APT-2026-000873,رقم_الهوية,SAUDI_ID,1181914985,replace
873,APT-2026-000873,رقم_الجوال,MOBILE,0596270369,replace
874,APT-2026-000874,اسم_المريض,PERSON_NAME,إبراهيم الشهراني,replace
874,APT-2026-000874,رقم_الهوية,SAUDI_ID,2143666382,replace
874,APT-2026-000874,رقم_الجوال,MOBILE,0594234621,replace
875,APT-2026-000875,اسم_المريض,PERSON_NAME,منى المري,replace
875,APT-2026-000875,رقم_الهوية,SAUDI_ID,1484336134,replace
875,APT-2026-000875,رقم_الجوال,MOBILE,0542305107,replace
876,APT-2026-000876,اسم_المريض,PERSON_NAME,سلمان النعيمي,replace
876,APT-2026-000876,رقم_الهوية,SAUDI_ID,1304596503,replace
876,APT-2026-000876,رقم_الجوال,MOBILE,0535305644,replace
877,APT-2026-000877,اسم_المريض,PERSON_NAME,يوسف التميمي,replace
877,APT-2026-000877,رقم_الهوية,SAUDI_ID,1510103417,replace
877,APT-2026-000877,رقم_الجوال,MOBILE,0502149390,replace
878,APT-2026-000878,اسم_المريض,PERSON_NAME,حصة الشهراني,replace
878,APT-2026-000878,رقم_الهوية,SAUDI_ID,1485959512,replace
878,APT-2026-000878,رقم_الجوال,MOBILE,0554743926,replace
879,APT-2026-000879,ملاحظة_الاستقبال,SAUDI_ID,1800473020,ignore
879,APT-2026-000879,اسم_المريض,PERSON_NAME,تركي الخثعمي,replace
879,APT-2026-000879,رقم_الهوية,SAUDI_ID,2234657837,replace
879,APT-2026-000879,رقم_الجوال,MOBILE,0593216721,replace
880,APT-2026-000880,اسم_المريض,PERSON_NAME,فيصل الصقير,replace
880,APT-2026-000880,رقم_الهوية,SAUDI_ID,1053461156,replace
880,APT-2026-000880,رقم_الجوال,MOBILE,0559237529,replace
881,APT-2026-000881,ملاحظة_الاستقبال,SAUDI_ID,1852754640,ignore
881,APT-2026-000881,اسم_المريض,PERSON_NAME,ابتسام باوزير,replace
881,APT-2026-000881,رقم_الهوية,SAUDI_ID,1260729833,replace
881,APT-2026-000881,رقم_الجوال,MOBILE,0531760527,replace
882,APT-2026-000882,اسم_المريض,PERSON_NAME,عبدالرحمن النعيمي,replace
882,APT-2026-000882,رقم_الهوية,SAUDI_ID,1551206871,replace
882,APT-2026-000882,رقم_الجوال,MOBILE,0533382026,replace
883,APT-2026-000883,ملاحظة_الاستقبال,PERSON_NAME,سلمى النعيمي,replace
883,APT-2026-000883,اسم_المريض,PERSON_NAME,ليان البيشي,replace
883,APT-2026-000883,رقم_الهوية,SAUDI_ID,1774152654,replace
883,APT-2026-000883,رقم_الجوال,MOBILE,0542214381,replace
884,APT-2026-000884,اسم_المريض,PERSON_NAME,تركي باوزير,replace
884,APT-2026-000884,رقم_الهوية,SAUDI_ID,1746908068,replace
884,APT-2026-000884,رقم_الجوال,MOBILE,0505624637,replace
885,APT-2026-000885,اسم_المريض,PERSON_NAME,أسامة باوزير,replace
885,APT-2026-000885,رقم_الهوية,SAUDI_ID,1944161262,replace
885,APT-2026-000885,رقم_الجوال,MOBILE,0556636939,replace
886,APT-2026-000886,ملاحظة_الاستقبال,MOBILE,0501170979,replace
886,APT-2026-000886,اسم_المريض,PERSON_NAME,ناصر المري,replace
886,APT-2026-000886,رقم_الهوية,SAUDI_ID,1014873853,replace
886,APT-2026-000886,رقم_الجوال,MOBILE,0548526665,replace
887,APT-2026-000887,ملاحظة_الاستقبال,SAUDI_ID,1586945314,ignore
887,APT-2026-000887,اسم_المريض,PERSON_NAME,جاسم الخثعمي,replace
887,APT-2026-000887,رقم_الهوية,SAUDI_ID,1949360000,replace
887,APT-2026-000887,رقم_الجوال,MOBILE,0532112926,replace
888,APT-2026-000888,اسم_المريض,PERSON_NAME,جواهر الجبرين,replace
888,APT-2026-000888,رقم_الهوية,SAUDI_ID,1585480146,replace
888,APT-2026-000888,رقم_الجوال,MOBILE,0541414385,replace
889,APT-2026-000889,ملاحظة_الاستقبال,SAUDI_ID,1535886836,ignore
889,APT-2026-000889,اسم_المريض,PERSON_NAME,هاني الخثعمي,replace
889,APT-2026-000889,رقم_الهوية,SAUDI_ID,2066395670,replace
889,APT-2026-000889,رقم_الجوال,MOBILE,0545385857,replace
890,APT-2026-000890,اسم_المريض,PERSON_NAME,عبدالعزيز التميمي,replace
890,APT-2026-000890,رقم_الهوية,SAUDI_ID,1086854898,replace
890,APT-2026-000890,رقم_الجوال,MOBILE,0595456087,replace
891,APT-2026-000891,اسم_المريض,PERSON_NAME,عبدالرحمن التميمي,replace
891,APT-2026-000891,رقم_الهوية,SAUDI_ID,1231622281,replace
891,APT-2026-000891,رقم_الجوال,MOBILE,0507652576,replace
892,APT-2026-000892,ملاحظة_الاستقبال,SAUDI_ID,1923407918,review
892,APT-2026-000892,اسم_المريض,PERSON_NAME,تركي السديري,replace
892,APT-2026-000892,رقم_الهوية,SAUDI_ID,1104400898,replace
892,APT-2026-000892,رقم_الجوال,MOBILE,0549361815,replace
893,APT-2026-000893,ملاحظة_الاستقبال,PERSON_NAME,أسامة الكثيري,replace
893,APT-2026-000893,اسم_المريض,PERSON_NAME,أمل البيشي,replace
893,APT-2026-000893,رقم_الهوية,SAUDI_ID,1369953110,replace
893,APT-2026-000893,رقم_الجوال,MOBILE,0599152217,replace
894,APT-2026-000894,اسم_المريض,PERSON_NAME,سلمى الشهراني,replace
894,APT-2026-000894,رقم_الهوية,SAUDI_ID,1271323097,replace
894,APT-2026-000894,رقم_الجوال,MOBILE,0532217070,replace
895,APT-2026-000895,اسم_المريض,PERSON_NAME,تركي التميمي,replace
895,APT-2026-000895,رقم_الهوية,SAUDI_ID,1853942678,replace
895,APT-2026-000895,رقم_الجوال,MOBILE,0546057820,replace
896,APT-2026-000896,اسم_المريض,PERSON_NAME,يوسف النعيمي,replace
896,APT-2026-000896,رقم_الهوية,SAUDI_ID,1873620338,replace
896,APT-2026-000896,رقم_الجوال,MOBILE,0500009840,replace
897,APT-2026-000897,اسم_المريض,PERSON_NAME,دلال الخثعمي,replace
897,APT-2026-000897,رقم_الهوية,SAUDI_ID,1207110212,replace
897,APT-2026-000897,رقم_الجوال,MOBILE,0544561893,replace
898,APT-2026-000898,اسم_المريض,PERSON_NAME,فاطمة النعيمي,replace
898,APT-2026-000898,رقم_الهوية,SAUDI_ID,1483522379,replace
898,APT-2026-000898,رقم_الجوال,MOBILE,0544224273,replace
899,APT-2026-000899,ملاحظة_الاستقبال,SAUDI_ID,2202549990,replace
899,APT-2026-000899,اسم_المريض,PERSON_NAME,دلال الأنصاري,replace
899,APT-2026-000899,رقم_الهوية,SAUDI_ID,1351031602,replace
899,APT-2026-000899,رقم_الجوال,MOBILE,0591358939,replace
900,APT-2026-000900,ملاحظة_الاستقبال,SAUDI_ID,2681099459,replace
900,APT-2026-000900,اسم_المريض,PERSON_NAME,نورة الزامل,replace
900,APT-2026-000900,رقم_الهوية,SAUDI_ID,1554886372,replace
900,APT-2026-000900,رقم_الجوال,MOBILE,0554836425,replace
901,APT-2026-000901,اسم_المريض,PERSON_NAME,قصي العيسى,replace
901,APT-2026-000901,رقم_الهوية,SAUDI_ID,2010920193,replace
901,APT-2026-000901,رقم_الجوال,MOBILE,0538781160,replace
902,APT-2026-000902,اسم_المريض,PERSON_NAME,تركي البيشي,replace
902,APT-2026-000902,رقم_الهوية,SAUDI_ID,1312164229,replace
902,APT-2026-000902,رقم_الجوال,MOBILE,0566175398,replace
903,APT-2026-000903,ملاحظة_الاستقبال,MOBILE,0508335973,replace
903,APT-2026-000903,اسم_المريض,PERSON_NAME,هالة الخثعمي,replace
903,APT-2026-000903,رقم_الهوية,SAUDI_ID,1393297203,replace
903,APT-2026-000903,رقم_الجوال,MOBILE,0551264157,replace
904,APT-2026-000904,ملاحظة_الاستقبال,SAUDI_ID,2590241887,replace
904,APT-2026-000904,اسم_المريض,PERSON_NAME,سلمى الكثيري,replace
904,APT-2026-000904,رقم_الهوية,SAUDI_ID,1887383907,replace
904,APT-2026-000904,رقم_الجوال,MOBILE,0599908674,replace
905,APT-2026-000905,اسم_المريض,PERSON_NAME,عبدالرحمن العيسى,replace
905,APT-2026-000905,رقم_الهوية,SAUDI_ID,1896943873,replace
905,APT-2026-000905,رقم_الجوال,MOBILE,0505286532,replace
906,APT-2026-000906,اسم_المريض,PERSON_NAME,روان الأنصاري,replace
906,APT-2026-000906,رقم_الهوية,SAUDI_ID,1983230358,replace
906,APT-2026-000906,رقم_الجوال,MOBILE,0545157067,replace
907,APT-2026-000907,ملاحظة_الاستقبال,MOBILE,0597025400,replace
907,APT-2026-000907,اسم_المريض,PERSON_NAME,معاذ الزامل,replace
907,APT-2026-000907,رقم_الهوية,SAUDI_ID,1235781992,replace
907,APT-2026-000907,رقم_الجوال,MOBILE,0599882713,replace
908,APT-2026-000908,ملاحظة_الاستقبال,MOBILE,0546758158,replace
908,APT-2026-000908,اسم_المريض,PERSON_NAME,ناصر الخثعمي,replace
908,APT-2026-000908,رقم_الهوية,SAUDI_ID,1785330729,replace
908,APT-2026-000908,رقم_الجوال,MOBILE,0557131408,replace
909,APT-2026-000909,اسم_المريض,PERSON_NAME,إبراهيم المري,replace
909,APT-2026-000909,رقم_الهوية,SAUDI_ID,1544794975,replace
909,APT-2026-000909,رقم_الجوال,MOBILE,0565309824,replace
910,APT-2026-000910,اسم_المريض,PERSON_NAME,أمل الكثيري,replace
910,APT-2026-000910,رقم_الهوية,SAUDI_ID,1481323275,replace
910,APT-2026-000910,رقم_الجوال,MOBILE,0507695837,replace
911,APT-2026-000911,اسم_المريض,PERSON_NAME,خلود الأنصاري,replace
911,APT-2026-000911,رقم_الهوية,SAUDI_ID,1281864122,replace
911,APT-2026-000911,رقم_الجوال,MOBILE,0500997751,replace
912,APT-2026-000912,ملاحظة_الاستقبال,MOBILE,0567523729,replace
912,APT-2026-000912,اسم_المريض,PERSON_NAME,جاسم السديري,replace
912,APT-2026-000912,رقم_الهوية,SAUDI_ID,1025758309,replace
912,APT-2026-000912,رقم_الجوال,MOBILE,0590618344,replace
913,APT-2026-000913,ملاحظة_الاستقبال,PERSON_NAME,سلمان التميمي,replace
913,APT-2026-000913,اسم_المريض,PERSON_NAME,جواهر العجمي,replace
913,APT-2026-000913,رقم_الهوية,SAUDI_ID,1564672366,replace
913,APT-2026-000913,رقم_الجوال,MOBILE,0507017393,replace
914,APT-2026-000914,اسم_المريض,PERSON_NAME,عبير الجبرين,replace
914,APT-2026-000914,رقم_الهوية,SAUDI_ID,1030613028,replace
914,APT-2026-000914,رقم_الجوال,MOBILE,0557232824,replace
915,APT-2026-000915,اسم_المريض,PERSON_NAME,إبراهيم التميمي,replace
915,APT-2026-000915,رقم_الهوية,SAUDI_ID,1147673642,replace
915,APT-2026-000915,رقم_الجوال,MOBILE,0552114760,replace
916,APT-2026-000916,اسم_المريض,PERSON_NAME,قصي التميمي,replace
916,APT-2026-000916,رقم_الهوية,SAUDI_ID,1478388380,replace
916,APT-2026-000916,رقم_الجوال,MOBILE,0555878298,replace
917,APT-2026-000917,ملاحظة_الاستقبال,SAUDI_ID,1605281334,review
917,APT-2026-000917,اسم_المريض,PERSON_NAME,سلمان الهاجري,replace
917,APT-2026-000917,رقم_الهوية,SAUDI_ID,1222026542,replace
917,APT-2026-000917,رقم_الجوال,MOBILE,0548070252,replace
918,APT-2026-000918,اسم_المريض,PERSON_NAME,عبدالرحمن الخثعمي,replace
918,APT-2026-000918,رقم_الهوية,SAUDI_ID,1956374753,replace
918,APT-2026-000918,رقم_الجوال,MOBILE,0552625822,replace
919,APT-2026-000919,ملاحظة_الاستقبال,SAUDI_ID,2791585009,replace
919,APT-2026-000919,اسم_المريض,PERSON_NAME,ابتسام الصقير,replace
919,APT-2026-000919,رقم_الهوية,SAUDI_ID,1382323960,replace
919,APT-2026-000919,رقم_الجوال,MOBILE,0530698968,replace
920,APT-2026-000920,اسم_المريض,PERSON_NAME,فاطمة الخثعمي,replace
920,APT-2026-000920,رقم_الهوية,SAUDI_ID,1514399268,replace
920,APT-2026-000920,رقم_الجوال,MOBILE,0545532334,replace
921,APT-2026-000921,ملاحظة_الاستقبال,SAUDI_ID,1845045181,ignore
921,APT-2026-000921,اسم_المريض,PERSON_NAME,هاني الهاجري,replace
921,APT-2026-000921,رقم_الهوية,SAUDI_ID,2047259466,replace
921,APT-2026-000921,رقم_الجوال,MOBILE,0598999094,replace
922,APT-2026-000922,اسم_المريض,PERSON_NAME,عبير التميمي,replace
922,APT-2026-000922,رقم_الهوية,SAUDI_ID,1558954283,replace
922,APT-2026-000922,رقم_الجوال,MOBILE,0548007455,replace
923,APT-2026-000923,اسم_المريض,PERSON_NAME,هالة باوزير,replace
923,APT-2026-000923,رقم_الهوية,SAUDI_ID,1670047461,replace
923,APT-2026-000923,رقم_الجوال,MOBILE,0546732348,replace
924,APT-2026-000924,اسم_المريض,PERSON_NAME,مشاعل الهاجري,replace
924,APT-2026-000924,رقم_الهوية,SAUDI_ID,1627025503,replace
924,APT-2026-000924,رقم_الجوال,MOBILE,0505447153,replace
925,APT-2026-000925,ملاحظة_الاستقبال,PERSON_NAME,خلود باوزير,replace
925,APT-2026-000925,اسم_المريض,PERSON_NAME,دلال السديري,replace
925,APT-2026-000925,رقم_الهوية,SAUDI_ID,2943689477,replace
925,APT-2026-000925,رقم_الجوال,MOBILE,0505454414,replace
926,APT-2026-000926,اسم_المريض,PERSON_NAME,فيصل المري,replace
926,APT-2026-000926,رقم_الهوية,SAUDI_ID,1538136365,replace
926,APT-2026-000926,رقم_الجوال,MOBILE,0508736545,replace
927,APT-2026-000927,اسم_المريض,PERSON_NAME,نواف البيشي,replace
927,APT-2026-000927,رقم_الهوية,SAUDI_ID,1434737704,replace
927,APT-2026-000927,رقم_الجوال,MOBILE,0536618011,replace
928,APT-2026-000928,ملاحظة_الاستقبال,SAUDI_ID,1731247161,ignore
928,APT-2026-000928,اسم_المريض,PERSON_NAME,خلود النعيمي,replace
928,APT-2026-000928,رقم_الهوية,SAUDI_ID,1932185216,replace
928,APT-2026-000928,رقم_الجوال,MOBILE,0506748080,replace
929,APT-2026-000929,ملاحظة_الاستقبال,SAUDI_ID,1173424464,review
929,APT-2026-000929,اسم_المريض,PERSON_NAME,هالة الخثعمي,replace
929,APT-2026-000929,رقم_الهوية,SAUDI_ID,1556079273,replace
929,APT-2026-000929,رقم_الجوال,MOBILE,0501042643,replace
930,APT-2026-000930,ملاحظة_الاستقبال,MOBILE,0594806373,replace
930,APT-2026-000930,اسم_المريض,PERSON_NAME,هاني باوزير,replace
930,APT-2026-000930,رقم_الهوية,SAUDI_ID,1520528249,replace
930,APT-2026-000930,رقم_الجوال,MOBILE,0545753804,replace
931,APT-2026-000931,اسم_المريض,PERSON_NAME,أسامة العيسى,replace
931,APT-2026-000931,رقم_الهوية,SAUDI_ID,1794775120,replace
931,APT-2026-000931,رقم_الجوال,MOBILE,0538467722,replace
932,APT-2026-000932,ملاحظة_الاستقبال,SAUDI_ID,2764891327,replace
932,APT-2026-000932,اسم_المريض,PERSON_NAME,ناصر العيسى,replace
932,APT-2026-000932,رقم_الهوية,SAUDI_ID,1715751614,replace
932,APT-2026-000932,رقم_الجوال,MOBILE,0591885492,replace
933,APT-2026-000933,ملاحظة_الاستقبال,SAUDI_ID,2202014482,replace
933,APT-2026-000933,اسم_المريض,PERSON_NAME,هالة السديري,replace
933,APT-2026-000933,رقم_الهوية,SAUDI_ID,1872497233,replace
933,APT-2026-000933,رقم_الجوال,MOBILE,0507383764,replace
934,APT-2026-000934,اسم_المريض,PERSON_NAME,مشاعل باوزير,replace
934,APT-2026-000934,رقم_الهوية,SAUDI_ID,1070094741,replace
934,APT-2026-000934,رقم_الجوال,MOBILE,0590983806,replace
935,APT-2026-000935,ملاحظة_الاستقبال,SAUDI_ID,1469650863,review
935,APT-2026-000935,اسم_المريض,PERSON_NAME,جواهر السديري,replace
935,APT-2026-000935,رقم_الهوية,SAUDI_ID,1796247870,replace
935,APT-2026-000935,رقم_الجوال,MOBILE,0535554097,replace
936,APT-2026-000936,ملاحظة_الاستقبال,SAUDI_ID,2646461828,replace
936,APT-2026-000936,اسم_المريض,PERSON_NAME,مشاعل الصقير,replace
936,APT-2026-000936,رقم_الهوية,SAUDI_ID,1515176194,replace
936,APT-2026-000936,رقم_الجوال,MOBILE,0561943355,replace
937,APT-2026-000937,اسم_المريض,PERSON_NAME,ناصر الجبرين,replace
937,APT-2026-000937,رقم_الهوية,SAUDI_ID,1807222573,replace
937,APT-2026-000937,رقم_الجوال,MOBILE,0537412506,replace
938,APT-2026-000938,ملاحظة_الاستقبال,MOBILE,0567358047,replace
938,APT-2026-000938,اسم_المريض,PERSON_NAME,هاني باوزير,replace
938,APT-2026-000938,رقم_الهوية,SAUDI_ID,1599561691,replace
938,APT-2026-000938,رقم_الجوال,MOBILE,0502361119,replace
939,APT-2026-000939,ملاحظة_الاستقبال,SAUDI_ID,1279416986,ignore
939,APT-2026-000939,اسم_المريض,PERSON_NAME,نورة الخثعمي,replace
939,APT-2026-000939,رقم_الهوية,SAUDI_ID,1136303417,replace
939,APT-2026-000939,رقم_الجوال,MOBILE,0555298872,replace
940,APT-2026-000940,اسم_المريض,PERSON_NAME,نواف الهاجري,replace
940,APT-2026-000940,رقم_الهوية,SAUDI_ID,1970631576,replace
940,APT-2026-000940,رقم_الجوال,MOBILE,0599177136,replace
941,APT-2026-000941,اسم_المريض,PERSON_NAME,قصي الزامل,replace
941,APT-2026-000941,رقم_الهوية,SAUDI_ID,1206257345,replace
941,APT-2026-000941,رقم_الجوال,MOBILE,0504057957,replace
942,APT-2026-000942,ملاحظة_الاستقبال,SAUDI_ID,1918817381,ignore
942,APT-2026-000942,اسم_المريض,PERSON_NAME,فيصل العيسى,replace
942,APT-2026-000942,رقم_الهوية,SAUDI_ID,1857342644,replace
942,APT-2026-000942,رقم_الجوال,MOBILE,0508998994,replace
943,APT-2026-000943,اسم_المريض,PERSON_NAME,هالة السديري,replace
943,APT-2026-000943,رقم_الهوية,SAUDI_ID,1323474690,replace
943,APT-2026-000943,رقم_الجوال,MOBILE,0598897115,replace
944,APT-2026-000944,اسم_المريض,PERSON_NAME,جواهر الأنصاري,replace
944,APT-2026-000944,رقم_الهوية,SAUDI_ID,1033932268,replace
944,APT-2026-000944,رقم_الجوال,MOBILE,0550854209,replace
945,APT-2026-000945,ملاحظة_الاستقبال,SAUDI_ID,1542485089,review
945,APT-2026-000945,اسم_المريض,PERSON_NAME,جواهر التميمي,replace
945,APT-2026-000945,رقم_الهوية,SAUDI_ID,1285137475,replace
945,APT-2026-000945,رقم_الجوال,MOBILE,0598231269,replace
946,APT-2026-000946,اسم_المريض,PERSON_NAME,مشاعل الجبرين,replace
946,APT-2026-000946,رقم_الهوية,SAUDI_ID,1936153996,replace
946,APT-2026-000946,رقم_الجوال,MOBILE,0509415150,replace
947,APT-2026-000947,اسم_المريض,PERSON_NAME,حصة الهاجري,replace
947,APT-2026-000947,رقم_الهوية,SAUDI_ID,1207906734,replace
947,APT-2026-000947,رقم_الجوال,MOBILE,0598322123,replace
948,APT-2026-000948,اسم_المريض,PERSON_NAME,يوسف التميمي,replace
948,APT-2026-000948,رقم_الهوية,SAUDI_ID,1851870137,replace
948,APT-2026-000948,رقم_الجوال,MOBILE,0557095424,replace
949,APT-2026-000949,اسم_المريض,PERSON_NAME,معاذ الأنصاري,replace
949,APT-2026-000949,رقم_الهوية,SAUDI_ID,1029231394,replace
949,APT-2026-000949,رقم_الجوال,MOBILE,0552594142,replace
950,APT-2026-000950,ملاحظة_الاستقبال,MOBILE,0509631733,replace
950,APT-2026-000950,اسم_المريض,PERSON_NAME,سلمان الكثيري,replace
950,APT-2026-000950,رقم_الهوية,SAUDI_ID,1236508808,replace
950,APT-2026-000950,رقم_الجوال,MOBILE,0556147264,replace
951,APT-2026-000951,ملاحظة_الاستقبال,MOBILE,0535285078,replace
951,APT-2026-000951,اسم_المريض,PERSON_NAME,حمد الزامل,replace
951,APT-2026-000951,رقم_الهوية,SAUDI_ID,1980668881,replace
951,APT-2026-000951,رقم_الجوال,MOBILE,0590104488,replace
952,APT-2026-000952,اسم_المريض,PERSON_NAME,سلمى الكثيري,replace
952,APT-2026-000952,رقم_الهوية,SAUDI_ID,2549079602,replace
952,APT-2026-000952,رقم_الجوال,MOBILE,0597764767,replace
953,APT-2026-000953,ملاحظة_الاستقبال,PERSON_NAME,عبير العيسى,replace
953,APT-2026-000953,اسم_المريض,PERSON_NAME,عبير المري,replace
953,APT-2026-000953,رقم_الهوية,SAUDI_ID,1567594146,replace
953,APT-2026-000953,رقم_الجوال,MOBILE,0552843432,replace
954,APT-2026-000954,اسم_المريض,PERSON_NAME,جواهر السديري,replace
954,APT-2026-000954,رقم_الهوية,SAUDI_ID,1130025347,replace
954,APT-2026-000954,رقم_الجوال,MOBILE,0547302279,replace
955,APT-2026-000955,اسم_المريض,PERSON_NAME,أسامة السديري,replace
955,APT-2026-000955,رقم_الهوية,SAUDI_ID,1513159010,replace
955,APT-2026-000955,رقم_الجوال,MOBILE,0565641001,replace
956,APT-2026-000956,اسم_المريض,PERSON_NAME,ناصر الأنصاري,replace
956,APT-2026-000956,رقم_الهوية,SAUDI_ID,1406714491,replace
956,APT-2026-000956,رقم_الجوال,MOBILE,0507497452,replace
957,APT-2026-000957,اسم_المريض,PERSON_NAME,منى الجبرين,replace
957,APT-2026-000957,رقم_الهوية,SAUDI_ID,1544050584,replace
957,APT-2026-000957,رقم_الجوال,MOBILE,0595865097,replace
958,APT-2026-000958,اسم_المريض,PERSON_NAME,منى الكثيري,replace
958,APT-2026-000958,رقم_الهوية,SAUDI_ID,1727575852,replace
958,APT-2026-000958,رقم_الجوال,MOBILE,0563441690,replace
959,APT-2026-000959,اسم_المريض,PERSON_NAME,قصي النعيمي,replace
959,APT-2026-000959,رقم_الهوية,SAUDI_ID,1814369854,replace
959,APT-2026-000959,رقم_الجوال,MOBILE,0592520664,replace
960,APT-2026-000960,ملاحظة_الاستقبال,SAUDI_ID,1775880378,review
960,APT-2026-000960,اسم_المريض,PERSON_NAME,نواف البيشي,replace
960,APT-2026-000960,رقم_الهوية,SAUDI_ID,1711841740,replace
960,APT-2026-000960,رقم_الجوال,MOBILE,0565341480,replace
961,APT-2026-000961,اسم_المريض,PERSON_NAME,إبراهيم العيسى,replace
961,APT-2026-000961,رقم_الهوية,SAUDI_ID,1290188372,replace
961,APT-2026-000961,رقم_الجوال,MOBILE,0561621851,replace
962,APT-2026-000962,ملاحظة_الاستقبال,SAUDI_ID,1182774412,review
962,APT-2026-000962,اسم_المريض,PERSON_NAME,سلمان الجبرين,replace
962,APT-2026-000962,رقم_الهوية,SAUDI_ID,1233759131,replace
962,APT-2026-000962,رقم_الجوال,MOBILE,0594307406,replace
963,APT-2026-000963,اسم_المريض,PERSON_NAME,نواف العجمي,replace
963,APT-2026-000963,رقم_الهوية,SAUDI_ID,1007878265,replace
963,APT-2026-000963,رقم_الجوال,MOBILE,0531031016,replace
964,APT-2026-000964,ملاحظة_الاستقبال,SAUDI_ID,1526245449,ignore
964,APT-2026-000964,اسم_المريض,PERSON_NAME,هالة المري,replace
964,APT-2026-000964,رقم_الهوية,SAUDI_ID,2177684665,replace
964,APT-2026-000964,رقم_الجوال,MOBILE,0505636193,replace
965,APT-2026-000965,ملاحظة_الاستقبال,MOBILE,0556760745,replace
965,APT-2026-000965,اسم_المريض,PERSON_NAME,عبير البيشي,replace
965,APT-2026-000965,رقم_الهوية,SAUDI_ID,2565070568,replace
965,APT-2026-000965,رقم_الجوال,MOBILE,0563797585,replace
966,APT-2026-000966,اسم_المريض,PERSON_NAME,أسامة السديري,replace
966,APT-2026-000966,رقم_الهوية,SAUDI_ID,1435401995,replace
966,APT-2026-000966,رقم_الجوال,MOBILE,0502066207,replace
967,APT-2026-000967,اسم_المريض,PERSON_NAME,نواف المري,replace
967,APT-2026-000967,رقم_الهوية,SAUDI_ID,2796683486,replace
967,APT-2026-000967,رقم_الجوال,MOBILE,0531444177,replace
968,APT-2026-000968,ملاحظة_الاستقبال,SAUDI_ID,2298294105,replace
968,APT-2026-000968,اسم_المريض,PERSON_NAME,أسماء البيشي,replace
968,APT-2026-000968,رقم_الهوية,SAUDI_ID,1510356429,replace
968,APT-2026-000968,رقم_الجوال,MOBILE,0591975575,replace
969,APT-2026-000969,اسم_المريض,PERSON_NAME,هاني النعيمي,replace
969,APT-2026-000969,رقم_الهوية,SAUDI_ID,1659529836,replace
969,APT-2026-000969,رقم_الجوال,MOBILE,0531136652,replace
970,APT-2026-000970,اسم_المريض,PERSON_NAME,جواهر الخثعمي,replace
970,APT-2026-000970,رقم_الهوية,SAUDI_ID,1847687447,replace
970,APT-2026-000970,رقم_الجوال,MOBILE,0590998822,replace
971,APT-2026-000971,اسم_المريض,PERSON_NAME,هاني الصقير,replace
971,APT-2026-000971,رقم_الهوية,SAUDI_ID,1811814811,replace
971,APT-2026-000971,رقم_الجوال,MOBILE,0562603126,replace
972,APT-2026-000972,ملاحظة_الاستقبال,SAUDI_ID,2655922637,replace
972,APT-2026-000972,اسم_المريض,PERSON_NAME,ناصر الكثيري,replace
972,APT-2026-000972,رقم_الهوية,SAUDI_ID,1284225974,replace
972,APT-2026-000972,رقم_الجوال,MOBILE,0546978325,replace
973,APT-2026-000973,ملاحظة_الاستقبال,SAUDI_ID,1999218587,review
973,APT-2026-000973,اسم_المريض,PERSON_NAME,قصي الزامل,replace
973,APT-2026-000973,رقم_الهوية,SAUDI_ID,2185449473,replace
973,APT-2026-000973,رقم_الجوال,MOBILE,0568252208,replace
974,APT-2026-000974,ملاحظة_الاستقبال,SAUDI_ID,1542832350,ignore
974,APT-2026-000974,اسم_المريض,PERSON_NAME,سلمى الهاجري,replace
974,APT-2026-000974,رقم_الهوية,SAUDI_ID,2266334529,replace
974,APT-2026-000974,رقم_الجوال,MOBILE,0508150980,replace
975,APT-2026-000975,اسم_المريض,PERSON_NAME,هاني الزامل,replace
975,APT-2026-000975,رقم_الهوية,SAUDI_ID,1390959771,replace
975,APT-2026-000975,رقم_الجوال,MOBILE,0507541034,replace
976,APT-2026-000976,اسم_المريض,PERSON_NAME,تركي الهاجري,replace
976,APT-2026-000976,رقم_الهوية,SAUDI_ID,2293379729,replace
976,APT-2026-000976,رقم_الجوال,MOBILE,0509315633,replace
977,APT-2026-000977,ملاحظة_الاستقبال,PERSON_NAME,هاني باوزير,replace
977,APT-2026-000977,اسم_المريض,PERSON_NAME,خلود الكثيري,replace
977,APT-2026-000977,رقم_الهوية,SAUDI_ID,1057179093,replace
977,APT-2026-000977,رقم_الجوال,MOBILE,0508029079,replace
978,APT-2026-000978,اسم_المريض,PERSON_NAME,منى الخثعمي,replace
978,APT-2026-000978,رقم_الهوية,SAUDI_ID,1015523069,replace
978,APT-2026-000978,رقم_الجوال,MOBILE,0506705139,replace
979,APT-2026-000979,اسم_المريض,PERSON_NAME,سلمان الزامل,replace
979,APT-2026-000979,رقم_الهوية,SAUDI_ID,1892440338,replace
979,APT-2026-000979,رقم_الجوال,MOBILE,0556728544,replace
980,APT-2026-000980,ملاحظة_الاستقبال,PERSON_NAME,نورة الصقير,replace
980,APT-2026-000980,اسم_المريض,PERSON_NAME,قصي العيسى,replace
980,APT-2026-000980,رقم_الهوية,SAUDI_ID,1925652008,replace
980,APT-2026-000980,رقم_الجوال,MOBILE,0537584144,replace
981,APT-2026-000981,اسم_المريض,PERSON_NAME,تركي الشهراني,replace
981,APT-2026-000981,رقم_الهوية,SAUDI_ID,1154651598,replace
981,APT-2026-000981,رقم_الجوال,MOBILE,0547670905,replace
982,APT-2026-000982,اسم_المريض,PERSON_NAME,أمل الهاجري,replace
982,APT-2026-000982,رقم_الهوية,SAUDI_ID,1119822862,replace
982,APT-2026-000982,رقم_الجوال,MOBILE,0563206520,replace
983,APT-2026-000983,ملاحظة_الاستقبال,PERSON_NAME,قصي التميمي,replace
983,APT-2026-000983,اسم_المريض,PERSON_NAME,ليان الصقير,replace
983,APT-2026-000983,رقم_الهوية,SAUDI_ID,1525769558,replace
983,APT-2026-000983,رقم_الجوال,MOBILE,0503065705,replace
984,APT-2026-000984,ملاحظة_الاستقبال,SAUDI_ID,1880639008,review
984,APT-2026-000984,اسم_المريض,PERSON_NAME,مشاعل السديري,replace
984,APT-2026-000984,رقم_الهوية,SAUDI_ID,2239488535,replace
984,APT-2026-000984,رقم_الجوال,MOBILE,0503721932,replace
985,APT-2026-000985,ملاحظة_الاستقبال,MOBILE,0567403606,replace
985,APT-2026-000985,اسم_المريض,PERSON_NAME,هاني الزامل,replace
985,APT-2026-000985,رقم_الهوية,SAUDI_ID,1987992169,replace
985,APT-2026-000985,رقم_الجوال,MOBILE,0532572723,replace
986,APT-2026-000986,اسم_المريض,PERSON_NAME,نورة المري,replace
986,APT-2026-000986,رقم_الهوية,SAUDI_ID,1917824979,replace
986,APT-2026-000986,رقم_الجوال,MOBILE,0593182541,replace
987,APT-2026-000987,ملاحظة_الاستقبال,SAUDI_ID,2524481286,replace
987,APT-2026-000987,اسم_المريض,PERSON_NAME,ناصر الزامل,replace
987,APT-2026-000987,رقم_الهوية,SAUDI_ID,2703191094,replace
987,APT-2026-000987,رقم_الجوال,MOBILE,0534583247,replace
988,APT-2026-000988,اسم_المريض,PERSON_NAME,نواف الهاجري,replace
988,APT-2026-000988,رقم_الهوية,SAUDI_ID,2351864091,replace
988,APT-2026-000988,رقم_الجوال,MOBILE,0506489870,replace
989,APT-2026-000989,اسم_المريض,PERSON_NAME,سلمى المري,replace
989,APT-2026-000989,رقم_الهوية,SAUDI_ID,1185423157,replace
989,APT-2026-000989,رقم_الجوال,MOBILE,0558309855,replace
990,APT-2026-000990,اسم_المريض,PERSON_NAME,قصي الشهراني,replace
990,APT-2026-000990,رقم_الهوية,SAUDI_ID,1785759737,replace
990,APT-2026-000990,رقم_الجوال,MOBILE,0564045310,replace
991,APT-2026-000991,ملاحظة_الاستقبال,SAUDI_ID,1630563407,ignore
991,APT-2026-000991,اسم_المريض,PERSON_NAME,نورة باوزير,replace
991,APT-2026-000991,رقم_الهوية,SAUDI_ID,1474986195,replace
991,APT-2026-000991,رقم_الجوال,MOBILE,0564899464,replace
992,APT-2026-000992,اسم_المريض,PERSON_NAME,حصة النعيمي,replace
992,APT-2026-000992,رقم_الهوية,SAUDI_ID,1879881777,replace
992,APT-2026-000992,رقم_الجوال,MOBILE,0536183496,replace
993,APT-2026-000993,ملاحظة_الاستقبال,SAUDI_ID,1031502733,review
993,APT-2026-000993,اسم_المريض,PERSON_NAME,خلود السديري,replace
993,APT-2026-000993,رقم_الهوية,SAUDI_ID,1778519494,replace
993,APT-2026-000993,رقم_الجوال,MOBILE,0544647565,replace
994,APT-2026-000994,اسم_المريض,PERSON_NAME,إبراهيم الصقير,replace
994,APT-2026-000994,رقم_الهوية,SAUDI_ID,2755067564,replace
994,APT-2026-000994,رقم_الجوال,MOBILE,0503562305,replace
995,APT-2026-000995,اسم_المريض,PERSON_NAME,خلود البيشي,replace
995,APT-2026-000995,رقم_الهوية,SAUDI_ID,2279036871,replace
995,APT-2026-000995,رقم_الجوال,MOBILE,0504797718,replace
996,APT-2026-000996,ملاحظة_الاستقبال,SAUDI_ID,1005276759,ignore
996,APT-2026-000996,اسم_المريض,PERSON_NAME,عبدالرحمن العيسى,replace
996,APT-2026-000996,رقم_الهوية,SAUDI_ID,1208393593,replace
996,APT-2026-000996,رقم_الجوال,MOBILE,0594845029,replace
997,APT-2026-000997,اسم_المريض,PERSON_NAME,نواف الشهراني,replace
997,APT-2026-000997,رقم_الهوية,SAUDI_ID,2037821218,replace
997,APT-2026-000997,رقم_الجوال,MOBILE,0536220878,replace
998,APT-2026-000998,اسم_المريض,PERSON_NAME,فيصل التميمي,replace
998,APT-2026-000998,رقم_الهوية,SAUDI_ID,1920999610,replace
998,APT-2026-000998,رقم_الجوال,MOBILE,0532343686,replace
999,APT-2026-000999,اسم_المريض,PERSON_NAME,جواهر الشهراني,replace
999,APT-2026-000999,رقم_الهوية,SAUDI_ID,1752945202,replace
999,APT-2026-000999,رقم_الجوال,MOBILE,0567984930,replace
1000,APT-2026-001000,ملاحظة_الاستقبال,SAUDI_ID,2484057548,replace
1000,APT-2026-001000,اسم_المريض,PERSON_NAME,معاذ الخثعمي,replace
1000,APT-2026-001000,رقم_الهوية,SAUDI_ID,1077658555,replace
1000,APT-2026-001000,رقم_الجوال,MOBILE,0530249388,replace
