رقم_الموعد,اسم_المريض,رقم_الهوية,رقم_الجوال,العمر,الجنس,العيادة,تاريخ_الحجز,تاريخ_الموعد,أيام_الانتظار,مواعيد_فائتة_سابقاً,تذكير_برسالة,لديه_تأمين,ملاحظة_الاستقبال,لم_يحضر
APT-2026-000001,هالة الخثعمي,1932879214,0554218096,9,أنثى,الجلدية,2026-04-29,2026-06-13,45,0,لا,لا,رقم الحجز المرجعي 1390757936 صادر من بوابة المواعيد,1
APT-2026-000002,مشاعل الصقير,1174681450,0538401916,1,أنثى,العيون,2026-01-31,2026-02-05,5,2,نعم,نعم,طلب المريض التواصل معه على الرقم 0556661934 لتأكيد الموعد,0
APT-2026-000003,أسماء الشهراني,2123100774,0538378326,1,أنثى,الباطنية,2026-06-17,2026-06-27,10,0,نعم,لا,تم تأجيل الموعد السابق بطلب من المريض بسبب السفر,0
APT-2026-000004,سلمى العجمي,1237409543,0551113930,76,أنثى,الأسنان,2026-06-06,2026-06-13,7,1,لا,نعم,يحتاج المريض إلى تحاليل دم قبل زيارة الطبيب القادمة,0
APT-2026-000005,ليان الزامل,2933283679,0561601108,77,أنثى,العظام,2026-03-10,2026-03-13,3,2,نعم,لا,يحتاج المريض إلى تحاليل دم قبل زيارة الطبيب القادمة,0
APT-2026-000006,ناصر الكثيري,1991433010,0546730024,58,ذكر,الأطفال,2026-04-08,2026-04-29,21,0,نعم,نعم,أُرسل تذكير بالموعد قبل يومين عبر الرسائل النصية,0
APT-2026-000007,سلمان الصقير,2400917148,0542117850,10,ذكر,الأسنان,2026-08-22,2026-08-24,2,1,نعم,نعم,حضر المريض قبل الموعد بربع ساعة وأنهى إجراءات التسجيل,0
APT-2026-000008,جاسم الأنصاري,1911114658,0559777818,3,ذكر,الباطنية,2026-07-15,2026-08-05,21,0,نعم,نعم,يرافق المريض عبير باوزير وهو المسؤول عن متابعة الحالة,0
APT-2026-000009,ليان التميمي,1577356437,0596336395,6,أنثى,الأسنان,2026-02-26,2026-02-28,2,0,نعم,لا,رقم الإحالة 1217743668 من المركز الصحي التابع للحي,0
APT-2026-000010,سامي العيسى,1049049545,0599026730,81,ذكر,العظام,2026-07-19,2026-07-24,5,0,لا,لا,يرافق المريض هاني الهاجري وهو المسؤول عن متابعة الحالة,1
APT-2026-000011,عبير باوزير,1078023452,0568892631,1,أنثى,العيون,2026-04-19,2026-04-29,10,0,نعم,نعم,أُرسل تذكير بالموعد قبل يومين عبر الرسائل النصية,0
APT-2026-000012,نورة العجمي,1133614857,0540581075,9,أنثى,العظام,2026-05-24,2026-06-03,10,1,نعم,نعم,طلب المريض التواصل معه على الرقم 0538527288 لتأكيد الموعد,0
APT-2026-000013,نواف الهاجري,1788482881,0564469342,69,ذكر,الجلدية,2026-05-23,2026-06-13,21,1,نعم,نعم,طلب المريض التواصل معه على الرقم 0566080868 لتأكيد الموعد,1
APT-2026-000014,خلود السديري,1876643774,0535678513,3,أنثى,الباطنية,2026-04-21,2026-05-21,30,0,لا,نعم,تم التحقق من إقامة المرافق رقم 2304553973 عند الاستقبال,1
APT-2026-000015,روان باوزير,1860668928,0563838389,45,أنثى,العيون,2026-06-03,2026-06-05,2,0,لا,نعم,أُرسل تذكير بالموعد قبل يومين عبر الرسائل النصية,0
APT-2026-000016,يوسف التميمي,1312321464,0506682360,15,ذكر,العظام,2026-01-28,2026-01-31,3,1,لا,لا,أُرسل تذكير بالموعد قبل يومين عبر الرسائل النصية,0
APT-2026-000017,فيصل الصقير,1089897233,0531322419,51,ذكر,الأسنان,2026-01-19,2026-01-21,2,3,نعم,نعم,تم تأجيل الموعد السابق بطلب من المريض بسبب السفر,0
APT-2026-000018,منى الشهراني,1032675561,0539218051,75,أنثى,الأطفال,2026-07-28,2026-09-11,45,2,نعم,نعم,رقم الإحالة 1412625856 من المركز الصحي التابع للحي,0
APT-2026-000019,جواهر الهاجري,1471059038,0544536928,51,أنثى,الباطنية,2026-01-23,2026-02-02,10,3,لا,لا,طلب المريض التواصل معه على الرقم 0509134768 لتأكيد الموعد,0
APT-2026-000020,جاسم الشهراني,1445888686,0561718906,64,ذكر,الأسنان,2026-08-30,2026-09-01,2,2,نعم,نعم,حضر المريض قبل الموعد بربع ساعة وأنهى إجراءات التسجيل,0
APT-2026-000021,عبدالعزيز الزامل,1945847489,0544003902,51,ذكر,الأطفال,2026-04-18,2026-06-02,45,2,نعم,نعم,حضر المريض قبل الموعد بربع ساعة وأنهى إجراءات التسجيل,1
APT-2026-000022,عبير باوزير,2308172390,0591096713,57,أنثى,الجلدية,2026-08-12,2026-08-12,0,1,نعم,نعم,المريض يفضّل المواعيد الصباحية في بداية الأسبوع,0
APT-2026-000023,دلال النعيمي,1824237182,0548954499,25,أنثى,العظام,2026-07-01,2026-07-31,30,0,لا,لا,يحتاج المريض إلى تحاليل دم قبل زيارة الطبيب القادمة,0
APT-2026-000024,فاطمة الشهراني,1609013840,0501283577,10,أنثى,الأطفال,2026-04-04,2026-04-07,3,1,نعم,لا,أُرسل تذكير بالموعد قبل يومين عبر الرسائل النصية,0
APT-2026-000025,حصة الأنصاري,1529548263,0595917518,2,أنثى,العيون,2026-01-25,2026-02-04,10,3,لا,نعم,رقم الحجز المرجعي 1914754237 صادر من بوابة المواعيد,1
APT-2026-000026,قصي النعيمي,2579947843,0555368315,50,ذكر,الأسنان,2026-08-04,2026-08-11,7,0,نعم,نعم,تم تأجيل الموعد السابق بطلب من المريض بسبب السفر,0
APT-2026-000027,عبدالرحمن السديري,1740380827,0564061984,14,ذكر,العظام,2026-07-24,2026-08-14,21,0,نعم,نعم,يرافق المريض ليان العجمي وهو المسؤول عن متابعة الحالة,0
APT-2026-000028,عبدالعزيز الكثيري,1785765551,0592778190,12,ذكر,الجلدية,2026-04-19,2026-06-03,45,1,لا,لا,حضر المريض قبل الموعد بربع ساعة وأنهى إجراءات التسجيل,0
APT-2026-000029,أمل العجمي,1623262530,0556844074,23,أنثى,الجلدية,2026-07-10,2026-07-11,1,1,لا,لا,حضر المريض قبل الموعد بربع ساعة وأنهى إجراءات التسجيل,0
APT-2026-000030,فاطمة العيسى,1253939795,0563724624,52,أنثى,الباطنية,2026-06-13,2026-07-04,21,3,لا,نعم,أُرسل تذكير بالموعد قبل يومين عبر الرسائل النصية,0
APT-2026-000031,ابتسام الأنصاري,1268840301,0555736926,67,أنثى,الجلدية,2026-02-13,2026-02-20,7,0,نعم,لا,تم تأجيل الموعد السابق بطلب من المريض بسبب السفر,0
APT-2026-000032,ناصر السديري,1221549817,0557198840,57,ذكر,الجلدية,2026-07-25,2026-07-28,3,2,نعم,نعم,المريض يفضّل المواعيد الصباحية في بداية الأسبوع,0
APT-2026-000033,مشاعل العيسى,1184715124,0506717067,27,أنثى,العيون,2026-03-05,2026-03-10,5,0,نعم,نعم,تم التحقق من إقامة المرافق رقم 2468456815 عند الاستقبال,0
APT-2026-000034,سلمى العجمي,1497576114,0539122236,16,أنثى,العظام,2026-01-13,2026-01-27,14,0,نعم,نعم,يرافق المريض دلال الجبرين وهو المسؤول عن متابعة الحالة,0
APT-2026-000035,ليان الأنصاري,1690695398,0560453547,38,أنثى,العيون,2026-01-31,2026-02-21,21,2,نعم,نعم,يحتاج المريض إلى تحاليل دم قبل زيارة الطبيب القادمة,0
APT-2026-000036,أسامة الكثيري,1882938390,0503123796,35,ذكر,الجلدية,2026-07-01,2026-07-08,7,1,نعم,لا,يرافق المريض ليان الكثيري وهو المسؤول عن متابعة الحالة,0
APT-2026-000037,فيصل باوزير,1592104531,0565229817,85,ذكر,الجلدية,2026-01-12,2026-01-22,10,0,لا,لا,أُرسل تذكير بالموعد قبل يومين عبر الرسائل النصية,0
APT-2026-000038,سلمان السديري,1702861962,0535824395,52,ذكر,الأسنان,2026-01-17,2026-03-03,45,0,لا,لا,حضر المريض قبل الموعد بربع ساعة وأنهى إجراءات التسجيل,0
APT-2026-000039,دلال الزامل,1766191850,0568660504,40,أنثى,الجلدية,2026-07-08,2026-08-07,30,2,لا,نعم,يرافق المريض هالة الكثيري وهو المسؤول عن متابعة الحالة,0
APT-2026-000040,تركي الصقير,1838463154,0566923691,69,ذكر,العيون,2026-08-23,2026-08-24,1,0,نعم,نعم,حضر المريض قبل الموعد بربع ساعة وأنهى إجراءات التسجيل,0
APT-2026-000041,مشاعل الشهراني,1177862594,0530407545,8,أنثى,الباطنية,2026-05-11,2026-05-13,2,3,لا,نعم,المريض يفضّل المواعيد الصباحية في بداية الأسبوع,1
APT-2026-000042,نورة الكثيري,1014546251,0597612341,38,أنثى,الباطنية,2026-07-04,2026-07-07,3,1,نعم,نعم,أُرسل تذكير بالموعد قبل يومين عبر الرسائل النصية,0
APT-2026-000043,إبراهيم الزامل,2234217178,0561800994,37,ذكر,الجلدية,2026-05-21,2026-05-26,5,2,لا,نعم,رقم الحجز المرجعي 1324802204 صادر من بوابة المواعيد,0
APT-2026-000044,سلمى الشهراني,2702185576,0508488829,57,أنثى,الباطنية,2026-07-22,2026-07-24,2,0,لا,نعم,رقم الإحالة 1347839974 من المركز الصحي التابع للحي,0
APT-2026-000045,فاطمة الخثعمي,2252909763,0567401129,55,أنثى,العظام,2026-06-16,2026-07-07,21,0,لا,نعم,أُرسل تذكير بالموعد قبل يومين عبر الرسائل النصية,1
APT-2026-000046,معاذ الصقير,1826432799,0550567530,6,ذكر,الأطفال,2026-02-05,2026-02-19,14,0,نعم,نعم,أُرسل تذكير بالموعد قبل يومين عبر الرسائل النصية,1
APT-2026-000047,مشاعل الصقير,1109344182,0536713545,84,أنثى,العظام,2026-08-28,2026-09-27,30,0,نعم,نعم,أُرسل تذكير بالموعد قبل يومين عبر الرسائل النصية,0
APT-2026-000048,عبدالرحمن الخثعمي,2366036537,0538273639,24,ذكر,الجلدية,2026-05-03,2026-05-08,5,3,نعم,لا,رقم الحجز المرجعي 1866104548 صادر من بوابة المواعيد,0
APT-2026-000049,جواهر باوزير,1934150259,0533105671,8,أنثى,الأسنان,2026-08-10,2026-08-20,10,1,نعم,لا,يحتاج المريض إلى تحاليل دم قبل زيارة الطبيب القادمة,0
APT-2026-000050,ليان الجبرين,1466782883,0545762348,46,أنثى,الباطنية,2026-07-05,2026-07-19,14,2,نعم,نعم,رقم الإحالة 1559320079 من المركز الصحي التابع للحي,0
APT-2026-000051,أسامة الهاجري,2385153412,0551670765,26,ذكر,الجلدية,2026-03-17,2026-03-31,14,1,نعم,لا,تم التحقق من إقامة المرافق رقم 2538156270 عند الاستقبال,0
APT-2026-000052,مشاعل الشهراني,2151640675,0564754100,24,أنثى,العيون,2026-04-02,2026-04-09,7,1,نعم,نعم,أُرسل تذكير بالموعد قبل يومين عبر الرسائل النصية,0
APT-2026-000053,هاني الشهراني,1310986961,0504177660,3,ذكر,الأسنان,2026-07-28,2026-07-30,2,1,نعم,نعم,رقم الحجز المرجعي 1434338081 صادر من بوابة المواعيد,0
APT-2026-000054,عبير الهاجري,1854510532,0596232259,69,أنثى,العظام,2026-06-29,2026-07-13,14,1,نعم,نعم,رقم الحجز المرجعي 1552821116 صادر من بوابة المواعيد,0
APT-2026-000055,هالة الصقير,1967054683,0596445525,17,أنثى,الأسنان,2026-08-11,2026-08-14,3,0,نعم,نعم,رقم الإحالة 1223694320 من المركز الصحي التابع للحي,0
APT-2026-000056,ناصر باوزير,1646620219,0503458165,57,ذكر,العيون,2026-08-23,2026-08-23,0,3,نعم,نعم,رقم الإحالة 1369629638 من المركز الصحي التابع للحي,0
APT-2026-000057,ناصر الخثعمي,1184761250,0504992464,34,ذكر,الأطفال,2026-03-27,2026-03-30,3,0,نعم,نعم,تم التحقق من إقامة المرافق رقم 2104102575 عند الاستقبال,0
APT-2026-000058,يوسف البيشي,1658680382,0569443437,69,ذكر,الباطنية,2026-05-30,2026-05-30,0,0,لا,لا,يرافق المريض أمل الزامل وهو المسؤول عن متابعة الحالة,0
APT-2026-000059,سلمان التميمي,1508437645,0561766490,48,ذكر,العيون,2026-01-06,2026-02-05,30,0,نعم,نعم,رقم الإحالة 1575441591 من المركز الصحي التابع للحي,0
APT-2026-000060,جواهر التميمي,1284325121,0535526006,27,أنثى,الأطفال,2026-05-12,2026-05-12,0,2,نعم,لا,تم التحقق من إقامة المرافق رقم 2519195677 عند الاستقبال,1
APT-2026-000061,جواهر باوزير,1652580265,0590399576,59,أنثى,الأسنان,2026-05-13,2026-06-12,30,0,نعم,لا,المريض يفضّل المواعيد الصباحية في بداية الأسبوع,0
APT-2026-000062,جاسم المري,1087749097,0505287549,17,ذكر,الأطفال,2026-03-25,2026-03-28,3,3,لا,نعم,حضر المريض قبل الموعد بربع ساعة وأنهى إجراءات التسجيل,0
APT-2026-000063,ليان العجمي,1844120541,0565738063,63,أنثى,الأطفال,2026-05-09,2026-05-14,5,0,نعم,نعم,يرافق المريض تركي الهاجري وهو المسؤول عن متابعة الحالة,0
APT-2026-000064,عبدالرحمن العجمي,1534162969,0509771138,49,ذكر,العظام,2026-06-14,2026-06-21,7,0,نعم,لا,تم تأجيل الموعد السابق بطلب من المريض بسبب السفر,1
APT-2026-000065,يوسف التميمي,1229702418,0545995430,26,ذكر,الباطنية,2026-01-21,2026-01-24,3,1,لا,لا,رقم الإحالة 1158637914 من المركز الصحي التابع للحي,1
APT-2026-000066,أسامة الهاجري,1737636934,0551565497,79,ذكر,الأطفال,2026-06-21,2026-06-26,5,1,لا,نعم,تم تأجيل الموعد السابق بطلب من المريض بسبب السفر,0
APT-2026-000067,معاذ الأنصاري,1519181737,0505050950,60,ذكر,الباطنية,2026-06-24,2026-08-08,45,0,نعم,نعم,أُرسل تذكير بالموعد قبل يومين عبر الرسائل النصية,0
APT-2026-000068,سلمان الأنصاري,1381017639,0569375286,80,ذكر,الجلدية,2026-01-28,2026-01-29,1,0,نعم,نعم,رقم الإحالة 1156888114 من المركز الصحي التابع للحي,0
APT-2026-000069,فيصل الكثيري,1188445330,0566703972,65,ذكر,الأطفال,2026-05-26,2026-05-27,1,3,نعم,لا,أُرسل تذكير بالموعد قبل يومين عبر الرسائل النصية,1
APT-2026-000070,روان البيشي,1321624890,0506174806,85,أنثى,الأطفال,2026-04-20,2026-04-25,5,0,نعم,نعم,المريض يفضّل المواعيد الصباحية في بداية الأسبوع,0
APT-2026-000071,ناصر العجمي,1449435161,0556565710,42,ذكر,العظام,2026-03-24,2026-04-14,21,0,نعم,نعم,رقم الحجز المرجعي 1150557385 صادر من بوابة المواعيد,0
APT-2026-000072,سلمان النعيمي,1109535953,0543990527,33,ذكر,الأسنان,2026-02-03,2026-02-24,21,1,نعم,نعم,تم تأجيل الموعد السابق بطلب من المريض بسبب السفر,0
APT-2026-000073,روان الهاجري,1345052243,0594070691,28,أنثى,العظام,2026-05-25,2026-05-27,2,1,لا,نعم,طلب المريض التواصل معه على الرقم 0597651217 لتأكيد الموعد,0
APT-2026-000074,جاسم الخثعمي,1175115813,0591648131,36,ذكر,الأسنان,2026-04-20,2026-04-27,7,0,لا,نعم,طلب المريض التواصل معه على الرقم 0556377668 لتأكيد الموعد,0
APT-2026-000075,جواهر العيسى,1525698674,0569759276,53,أنثى,الأطفال,2026-03-28,2026-03-29,1,3,نعم,نعم,رقم الإحالة 1146336918 من المركز الصحي التابع للحي,0
APT-2026-000076,سامي الأنصاري,1329148207,0595928757,20,ذكر,العيون,2026-02-11,2026-02-25,14,1,لا,نعم,رقم الحجز المرجعي 1895123923 صادر من بوابة المواعيد,0
APT-2026-000077,هاني العجمي,2494135029,0564444824,66,ذكر,الجلدية,2026-05-08,2026-05-09,1,1,نعم,لا,يحتاج المريض إلى تحاليل دم قبل زيارة الطبيب القادمة,0
APT-2026-000078,فيصل السديري,1944065836,0557553849,74,ذكر,الجلدية,2026-07-09,2026-07-16,7,0,نعم,نعم,يرافق المريض أمل العجمي وهو المسؤول عن متابعة الحالة,0
APT-2026-000079,يوسف النعيمي,1201206925,0598816821,14,ذكر,الباطنية,2026-05-18,2026-05-25,7,3,لا,لا,يحتاج المريض إلى تحاليل دم قبل زيارة الطبيب القادمة,1
APT-2026-000080,سلمان الهاجري,1445342825,0550979999,5,ذكر,العظام,2026-03-25,2026-03-27,2,0,لا,نعم,رقم الإحالة 1406022989 من المركز الصحي التابع للحي,0
APT-2026-000081,سلمان النعيمي,1363655356,0550340958,54,ذكر,العظام,2026-07-08,2026-07-15,7,1,نعم,نعم,تم التحقق من إقامة المرافق رقم 2347735231 عند الاستقبال,0
APT-2026-000082,معاذ باوزير,1024314856,0593038118,18,ذكر,الباطنية,2026-03-07,2026-03-21,14,0,نعم,نعم,حضر المريض قبل الموعد بربع ساعة وأنهى إجراءات التسجيل,0
APT-2026-000083,جاسم الجبرين,1353648916,0550070616,64,ذكر,الأطفال,2026-08-26,2026-08-28,2,0,نعم,نعم,تم تأجيل الموعد السابق بطلب من المريض بسبب السفر,0
APT-2026-000084,ناصر العيسى,2332375514,0542125014,73,ذكر,الباطنية,2026-03-27,2026-03-29,2,0,نعم,نعم,تم تأجيل الموعد السابق بطلب من المريض بسبب السفر,0
APT-2026-000085,ابتسام الشهراني,1482259148,0559759770,75,أنثى,الأطفال,2026-02-21,2026-02-23,2,3,لا,نعم,طلب المريض التواصل معه على الرقم 0542026300 لتأكيد الموعد,0
APT-2026-000086,عبير الهاجري,1250240544,0568574952,33,أنثى,العظام,2026-04-05,2026-04-07,2,2,نعم,نعم,يحتاج المريض إلى تحاليل دم قبل زيارة الطبيب القادمة,0
APT-2026-000087,عبدالرحمن الخثعمي,1425389622,0595410578,52,ذكر,الأسنان,2026-02-01,2026-02-15,14,2,لا,نعم,أُرسل تذكير بالموعد قبل يومين عبر الرسائل النصية,1
APT-2026-000088,أسماء الصقير,1020487011,0540396043,10,أنثى,العيون,2026-08-23,2026-10-07,45,0,نعم,نعم,يحتاج المريض إلى تحاليل دم قبل زيارة الطبيب القادمة,0
APT-2026-000089,أسماء التميمي,1742344219,0554300857,9,أنثى,العظام,2026-07-25,2026-09-08,45,2,لا,نعم,تم التحقق من إقامة المرافق رقم 2144644297 عند الاستقبال,0
APT-2026-000090,معاذ الجبرين,1066609478,0597365002,20,ذكر,العيون,2026-05-11,2026-05-14,3,0,لا,لا,المريض يفضّل المواعيد الصباحية في بداية الأسبوع,0
APT-2026-000091,سلمان باوزير,1155004896,0564705143,69,ذكر,العيون,2026-05-17,2026-05-31,14,0,نعم,لا,يحتاج المريض إلى تحاليل دم قبل زيارة الطبيب القادمة,1
APT-2026-000092,منى الكثيري,1615054887,0553637116,83,أنثى,الجلدية,2026-04-24,2026-05-08,14,2,لا,نعم,تم تأجيل الموعد السابق بطلب من المريض بسبب السفر,0
APT-2026-000093,سلمان الهاجري,1092284957,0540070617,60,ذكر,الأسنان,2026-02-22,2026-02-27,5,0,نعم,نعم,يحتاج المريض إلى تحاليل دم قبل زيارة الطبيب القادمة,0
APT-2026-000094,ابتسام الأنصاري,1396019232,0509760616,63,أنثى,العيون,2026-07-09,2026-07-23,14,0,نعم,نعم,حضر المريض قبل الموعد بربع ساعة وأنهى إجراءات التسجيل,0
APT-2026-000095,ابتسام البيشي,1340147352,0596376539,61,أنثى,العظام,2026-01-09,2026-01-19,10,1,لا,نعم,المريض يفضّل المواعيد الصباحية في بداية الأسبوع,0
APT-2026-000096,سلمى الهاجري,1439976349,0539189596,79,أنثى,الأطفال,2026-01-08,2026-01-18,10,1,لا,نعم,تم تأجيل الموعد السابق بطلب من المريض بسبب السفر,0
APT-2026-000097,عبدالعزيز المري,1036195590,0554486820,3,ذكر,الجلدية,2026-02-07,2026-03-09,30,1,لا,نعم,تم تأجيل الموعد السابق بطلب من المريض بسبب السفر,1
APT-2026-000098,قصي السديري,2774621904,0557887904,22,ذكر,الجلدية,2026-04-04,2026-04-14,10,0,نعم,نعم,رقم الحجز المرجعي 1642598807 صادر من بوابة المواعيد,0
APT-2026-000099,سلمى الجبرين,1933201103,0593407090,42,أنثى,العيون,2026-06-23,2026-06-28,5,1,نعم,لا,رقم الحجز المرجعي 1750794982 صادر من بوابة المواعيد,0
APT-2026-000100,ابتسام العيسى,1576229270,0549535375,9,أنثى,الباطنية,2026-01-19,2026-01-22,3,3,لا,نعم,أُرسل تذكير بالموعد قبل يومين عبر الرسائل النصية,0
APT-2026-000101,فاطمة النعيمي,1798611602,0599284025,32,أنثى,الجلدية,2026-01-17,2026-01-31,14,1,نعم,نعم,رقم الحجز المرجعي 1444005464 صادر من بوابة المواعيد,0
APT-2026-000102,جواهر العجمي,1178348973,0598366584,51,أنثى,العظام,2026-05-03,2026-05-17,14,0,نعم,نعم,طلب المريض التواصل معه على الرقم 0567483587 لتأكيد الموعد,1
APT-2026-000103,هالة الهاجري,1839311386,0548688404,19,أنثى,الجلدية,2026-05-16,2026-05-23,7,0,نعم,نعم,يرافق المريض دلال المري وهو المسؤول عن متابعة الحالة,0
APT-2026-000104,فيصل الخثعمي,1373785995,0500339134,25,ذكر,الأسنان,2026-03-30,2026-04-01,2,0,لا,نعم,رقم الحجز المرجعي 1205023029 صادر من بوابة المواعيد,0
APT-2026-000105,قصي باوزير,2251900946,0554626703,9,ذكر,الأسنان,2026-06-04,2026-06-09,5,1,لا,نعم,رقم الحجز المرجعي 1641657000 صادر من بوابة المواعيد,0
APT-2026-000106,سلمى العجمي,1010595856,0552992380,6,أنثى,العظام,2026-05-11,2026-06-25,45,0,نعم,نعم,طلب المريض التواصل معه على الرقم 0533673696 لتأكيد الموعد,1
APT-2026-000107,منى المري,1124290030,0596210259,58,أنثى,الأطفال,2026-08-26,2026-08-26,0,0,نعم,نعم,رقم الحجز المرجعي 1182128668 صادر من بوابة المواعيد,0
APT-2026-000108,روان الأنصاري,1409035068,0566484226,37,أنثى,العظام,2026-07-27,2026-08-03,7,0,لا,نعم,رقم الحجز المرجعي 1126541810 صادر من بوابة المواعيد,0
APT-2026-000109,منى باوزير,2749246795,0502069435,4,أنثى,العظام,2026-06-08,2026-06-18,10,0,نعم,نعم,أُرسل تذكير بالموعد قبل يومين عبر الرسائل النصية,0
APT-2026-000110,معاذ التميمي,1950100543,0558016372,41,ذكر,الجلدية,2026-07-07,2026-07-21,14,3,لا,نعم,رقم الحجز المرجعي 1578923292 صادر من بوابة المواعيد,0
APT-2026-000111,فاطمة البيشي,1283950515,0502744875,76,أنثى,الباطنية,2026-02-01,2026-02-01,0,0,نعم,نعم,يرافق المريض منى الجبرين وهو المسؤول عن متابعة الحالة,0
APT-2026-000112,هاني العجمي,1568930851,0547467307,66,ذكر,العيون,2026-05-05,2026-05-10,5,3,لا,نعم,يحتاج المريض إلى تحاليل دم قبل زيارة الطبيب القادمة,1
APT-2026-000113,حمد الزامل,1986467676,0541106812,19,ذكر,الأطفال,2026-04-27,2026-04-29,2,2,نعم,نعم,رقم الإحالة 1456300272 من المركز الصحي التابع للحي,0
APT-2026-000114,روان الهاجري,1235729041,0505261180,27,أنثى,الأسنان,2026-06-19,2026-06-26,7,3,نعم,لا,يحتاج المريض إلى تحاليل دم قبل زيارة الطبيب القادمة,0
APT-2026-000115,مشاعل البيشي,1162792509,0596083288,22,أنثى,الأطفال,2026-05-23,2026-05-28,5,0,نعم,نعم,رقم الإحالة 1356371181 من المركز الصحي التابع للحي,0
APT-2026-000116,دلال الصقير,1753512399,0563218989,48,أنثى,العظام,2026-07-20,2026-08-19,30,2,نعم,نعم,حضر المريض قبل الموعد بربع ساعة وأنهى إجراءات التسجيل,0
APT-2026-000117,هالة النعيمي,1424604658,0561249612,63,أنثى,العيون,2026-06-16,2026-07-07,21,0,نعم,لا,يرافق المريض عبير التميمي وهو المسؤول عن متابعة الحالة,0
APT-2026-000118,معاذ الزامل,1039573017,0551198037,54,ذكر,الجلدية,2026-05-03,2026-06-02,30,3,نعم,نعم,رقم الإحالة 1259912512 من المركز الصحي التابع للحي,0
APT-2026-000119,فيصل السديري,1245944176,0590725128,7,ذكر,العيون,2026-05-19,2026-05-29,10,3,نعم,نعم,رقم الإحالة 1172729949 من المركز الصحي التابع للحي,0
APT-2026-000120,أسماء البيشي,1861315495,0592658367,18,أنثى,الجلدية,2026-01-14,2026-01-19,5,0,لا,نعم,أُرسل تذكير بالموعد قبل يومين عبر الرسائل النصية,0
APT-2026-000121,سلمان التميمي,1627727934,0591526310,69,ذكر,الباطنية,2026-05-05,2026-05-07,2,1,نعم,نعم,المريض يفضّل المواعيد الصباحية في بداية الأسبوع,0
APT-2026-000122,منى الخثعمي,1592208696,0540816350,18,أنثى,العيون,2026-01-24,2026-01-31,7,0,نعم,نعم,المريض يفضّل المواعيد الصباحية في بداية الأسبوع,0
APT-2026-000123,روان العيسى,1321336578,0504077517,68,أنثى,الجلدية,2026-01-29,2026-02-03,5,0,لا,نعم,تم التحقق من إقامة المرافق رقم 2533174716 عند الاستقبال,0
APT-2026-000124,يوسف الهاجري,2800444669,0509616369,40,ذكر,الأسنان,2026-04-01,2026-04-15,14,0,نعم,لا,تم تأجيل الموعد السابق بطلب من المريض بسبب السفر,0
APT-2026-000125,أسامة النعيمي,1059761492,0500442130,1,ذكر,الباطنية,2026-07-28,2026-08-11,14,0,لا,نعم,يحتاج المريض إلى تحاليل دم قبل زيارة الطبيب القادمة,0
APT-2026-000126,سلمى الصقير,1648624789,0568809898,75,أنثى,الأطفال,2026-08-24,2026-08-24,0,3,نعم,نعم,تم تأجيل الموعد السابق بطلب من المريض بسبب السفر,0
APT-2026-000127,نواف العجمي,1460536418,0557098107,49,ذكر,الجلدية,2026-05-06,2026-05-09,3,1,نعم,نعم,يرافق المريض ناصر باوزير وهو المسؤول عن متابعة الحالة,0
APT-2026-000128,حمد السديري,1687862944,0508333779,12,ذكر,الباطنية,2026-07-03,2026-07-10,7,1,نعم,نعم,طلب المريض التواصل معه على الرقم 0593131148 لتأكيد الموعد,0
APT-2026-000129,حصة الصقير,1584895229,0543231065,8,أنثى,العيون,2026-05-29,2026-07-13,45,0,لا,لا,طلب المريض التواصل معه على الرقم 0567097356 لتأكيد الموعد,1
APT-2026-000130,خلود الأنصاري,1673277818,0530633236,78,أنثى,الباطنية,2026-08-01,2026-08-31,30,0,لا,نعم,رقم الإحالة 1925151508 من المركز الصحي التابع للحي,1
APT-2026-000131,نواف الهاجري,2770999296,0545005977,60,ذكر,الجلدية,2026-06-04,2026-06-07,3,0,لا,لا,حضر المريض قبل الموعد بربع ساعة وأنهى إجراءات التسجيل,0
APT-2026-000132,منى المري,2654119466,0591198650,42,أنثى,الباطنية,2026-03-31,2026-04-30,30,0,نعم,نعم,رقم الإحالة 1645789485 من المركز الصحي التابع للحي,1
APT-2026-000133,مشاعل الجبرين,2605231899,0539197972,9,أنثى,العيون,2026-04-12,2026-04-19,7,1,نعم,نعم,طلب المريض التواصل معه على الرقم 0541324796 لتأكيد الموعد,0
APT-2026-000134,يوسف باوزير,2519917187,0592389020,35,ذكر,الأسنان,2026-08-08,2026-08-22,14,3,نعم,نعم,حضر المريض قبل الموعد بربع ساعة وأنهى إجراءات التسجيل,1
APT-2026-000135,حمد العيسى,1659268849,0544516533,76,ذكر,الباطنية,2026-08-27,2026-08-27,0,0,لا,لا,يحتاج المريض إلى تحاليل دم قبل زيارة الطبيب القادمة,0
APT-2026-000136,قصي الأنصاري,2443130204,0537966585,78,ذكر,الأطفال,2026-03-23,2026-03-26,3,2,نعم,نعم,حضر المريض قبل الموعد بربع ساعة وأنهى إجراءات التسجيل,0
APT-2026-000137,إبراهيم العيسى,1334287131,0567053124,11,ذكر,العيون,2026-06-27,2026-06-27,0,0,لا,نعم,طلب المريض التواصل معه على الرقم 0536393158 لتأكيد الموعد,0
APT-2026-000138,هالة العجمي,1471396406,0568683727,71,أنثى,الأسنان,2026-03-02,2026-03-05,3,0,نعم,نعم,تم تأجيل الموعد السابق بطلب من المريض بسبب السفر,0
APT-2026-000139,حمد المري,2763217839,0503271597,77,ذكر,الجلدية,2026-04-20,2026-04-21,1,0,نعم,نعم,يحتاج المريض إلى تحاليل دم قبل زيارة الطبيب القادمة,0
APT-2026-000140,ليان الأنصاري,1027273554,0530777724,35,أنثى,العظام,2026-03-15,2026-03-25,10,1,لا,لا,حضر المريض قبل الموعد بربع ساعة وأنهى إجراءات التسجيل,0
APT-2026-000141,ناصر الهاجري,1167316783,0550199627,55,ذكر,الجلدية,2026-07-07,2026-07-08,1,0,نعم,نعم,يرافق المريض فيصل الخثعمي وهو المسؤول عن متابعة الحالة,0
APT-2026-000142,معاذ المري,1561291426,0503856837,52,ذكر,العيون,2026-02-25,2026-02-28,3,0,نعم,نعم,طلب المريض التواصل معه على الرقم 0549532938 لتأكيد الموعد,0
APT-2026-000143,أسامة باوزير,1438528901,0540410993,60,ذكر,العظام,2026-03-06,2026-03-07,1,0,نعم,نعم,حضر المريض قبل الموعد بربع ساعة وأنهى إجراءات التسجيل,0
APT-2026-000144,عبدالرحمن الكثيري,1995169941,0536230351,71,ذكر,العيون,2026-04-25,2026-04-27,2,1,نعم,نعم,تم التحقق من إقامة المرافق رقم 2889341976 عند الاستقبال,1
APT-2026-000145,أسامة الشهراني,1877291342,0530312829,65,ذكر,العيون,2026-06-17,2026-08-01,45,3,نعم,نعم,يحتاج المريض إلى تحاليل دم قبل زيارة الطبيب القادمة,1
APT-2026-000146,أسامة باوزير,1344567829,0542878592,79,ذكر,الجلدية,2026-04-12,2026-04-26,14,0,نعم,نعم,المريض يفضّل المواعيد الصباحية في بداية الأسبوع,0
APT-2026-000147,هاني باوزير,1806772685,0565420222,58,ذكر,الباطنية,2026-02-16,2026-03-18,30,0,لا,نعم,رقم الحجز المرجعي 1717255747 صادر من بوابة المواعيد,1
APT-2026-000148,نواف الشهراني,1965394586,0569037547,45,ذكر,العيون,2026-02-13,2026-02-27,14,0,نعم,نعم,رقم الإحالة 1797239855 من المركز الصحي التابع للحي,0
APT-2026-000149,دلال الصقير,1499467668,0559288683,68,أنثى,العظام,2026-02-11,2026-02-14,3,0,نعم,نعم,رقم الإحالة 1027170250 من المركز الصحي التابع للحي,0
APT-2026-000150,أسماء الصقير,1939109375,0545716673,30,أنثى,العيون,2026-02-24,2026-02-26,2,3,لا,نعم,يرافق المريض تركي السديري وهو المسؤول عن متابعة الحالة,0
APT-2026-000151,حمد الكثيري,1940537739,0562411011,76,ذكر,الجلدية,2026-01-15,2026-02-05,21,0,نعم,نعم,تم التحقق من إقامة المرافق رقم 2789378367 عند الاستقبال,0
APT-2026-000152,روان الجبرين,1329844052,0557407641,68,أنثى,العيون,2026-04-17,2026-06-01,45,1,لا,نعم,يحتاج المريض إلى تحاليل دم قبل زيارة الطبيب القادمة,0
APT-2026-000153,عبير الزامل,1279460354,0568686858,39,أنثى,الباطنية,2026-07-05,2026-07-06,1,3,نعم,نعم,المريض يفضّل المواعيد الصباحية في بداية الأسبوع,0
APT-2026-000154,ناصر العجمي,1202845077,0592087173,73,ذكر,الأطفال,2026-01-09,2026-01-30,21,0,نعم,نعم,أُرسل تذكير بالموعد قبل يومين عبر الرسائل النصية,0
APT-2026-000155,نورة الزامل,1977699766,0558531883,79,أنثى,العيون,2026-06-02,2026-06-03,1,0,لا,نعم,أُرسل تذكير بالموعد قبل يومين عبر الرسائل النصية,0
APT-2026-000156,ابتسام السديري,1025758713,0559089677,54,أنثى,العيون,2026-05-16,2026-06-30,45,1,نعم,لا,المريض يفضّل المواعيد الصباحية في بداية الأسبوع,1
APT-2026-000157,حصة الصقير,1211402142,0548928163,58,أنثى,الجلدية,2026-05-10,2026-05-17,7,1,لا,لا,طلب المريض التواصل معه على الرقم 0569996761 لتأكيد الموعد,0
APT-2026-000158,عبدالرحمن الزامل,1195705734,0538298449,54,ذكر,العيون,2026-05-04,2026-05-07,3,3,نعم,نعم,رقم الإحالة 1316087629 من المركز الصحي التابع للحي,1
APT-2026-000159,أسامة النعيمي,1336621121,0546563545,46,ذكر,الأطفال,2026-03-07,2026-03-09,2,0,نعم,نعم,تم التحقق من إقامة المرافق رقم 2631746761 عند الاستقبال,0
APT-2026-000160,فيصل الشهراني,1569507161,0507012539,43,ذكر,العظام,2026-02-12,2026-02-22,10,3,نعم,نعم,رقم الحجز المرجعي 1081571901 صادر من بوابة المواعيد,0
APT-2026-000161,مشاعل الكثيري,1415082179,0508272468,5,أنثى,الأسنان,2026-05-13,2026-06-03,21,1,نعم,نعم,يرافق المريض ناصر الهاجري وهو المسؤول عن متابعة الحالة,0
APT-2026-000162,معاذ البيشي,1492712771,0598004916,38,ذكر,العيون,2026-05-06,2026-05-13,7,1,نعم,نعم,حضر المريض قبل الموعد بربع ساعة وأنهى إجراءات التسجيل,0
APT-2026-000163,فاطمة الأنصاري,2480819693,0596157377,80,أنثى,العيون,2026-04-23,2026-04-26,3,0,لا,لا,أُرسل تذكير بالموعد قبل يومين عبر الرسائل النصية,0
APT-2026-000164,جاسم الأنصاري,1707248215,0569710974,64,ذكر,الأسنان,2026-05-14,2026-05-14,0,2,لا,نعم,طلب المريض التواصل معه على الرقم 0566271282 لتأكيد الموعد,0
APT-2026-000165,هالة باوزير,1250034673,0531874141,23,أنثى,العظام,2026-07-14,2026-08-28,45,0,نعم,لا,يحتاج المريض إلى تحاليل دم قبل زيارة الطبيب القادمة,1
APT-2026-000166,هاني العجمي,1661341634,0557025026,11,ذكر,الجلدية,2026-07-10,2026-07-13,3,3,نعم,نعم,يرافق المريض فيصل الخثعمي وهو المسؤول عن متابعة الحالة,0
APT-2026-000167,أمل الخثعمي,1259724779,0540497988,28,أنثى,الجلدية,2026-07-17,2026-07-20,3,0,لا,لا,تم تأجيل الموعد السابق بطلب من المريض بسبب السفر,0
APT-2026-000168,فاطمة الجبرين,1147047300,0547603099,12,أنثى,العظام,2026-06-07,2026-06-28,21,0,نعم,نعم,رقم الحجز المرجعي 1829745791 صادر من بوابة المواعيد,0
APT-2026-000169,يوسف البيشي,1398689453,0540452221,69,ذكر,الباطنية,2026-06-25,2026-08-09,45,2,لا,نعم,تم تأجيل الموعد السابق بطلب من المريض بسبب السفر,1
APT-2026-000170,سلمى العيسى,1064683715,0547040519,22,أنثى,الباطنية,2026-01-24,2026-03-10,45,0,لا,نعم,تم تأجيل الموعد السابق بطلب من المريض بسبب السفر,0
APT-2026-000171,روان الهاجري,1792929166,0556490611,77,أنثى,الأسنان,2026-01-22,2026-01-23,1,3,لا,نعم,رقم الحجز المرجعي 1625285091 صادر من بوابة المواعيد,0
APT-2026-000172,فيصل الهاجري,1509973671,0530851526,51,ذكر,الباطنية,2026-05-14,2026-06-04,21,0,نعم,لا,طلب المريض التواصل معه على الرقم 0559722640 لتأكيد الموعد,0
APT-2026-000173,عبدالعزيز الكثيري,1172927285,0542930933,28,ذكر,الجلدية,2026-06-06,2026-06-06,0,0,لا,لا,أُرسل تذكير بالموعد قبل يومين عبر الرسائل النصية,0
APT-2026-000174,معاذ الكثيري,1714049713,0592427899,9,ذكر,الباطنية,2026-01-05,2026-01-15,10,2,نعم,نعم,حضر المريض قبل الموعد بربع ساعة وأنهى إجراءات التسجيل,0
APT-2026-000175,عبير العيسى,1737755155,0532526614,6,أنثى,العظام,2026-07-06,2026-07-06,0,1,نعم,لا,يرافق المريض نواف الشهراني وهو المسؤول عن متابعة الحالة,0
APT-2026-000176,هالة النعيمي,2433089436,0595705329,15,أنثى,الباطنية,2026-07-27,2026-08-06,10,3,لا,نعم,تم تأجيل الموعد السابق بطلب من المريض بسبب السفر,0
APT-2026-000177,سامي السديري,1846471306,0536939723,17,ذكر,الجلدية,2026-06-03,2026-07-18,45,0,نعم,نعم,تم تأجيل الموعد السابق بطلب من المريض بسبب السفر,0
APT-2026-000178,ليان السديري,2144844129,0544995520,66,أنثى,الأسنان,2026-01-26,2026-02-05,10,3,لا,نعم,رقم الإحالة 1518108952 من المركز الصحي التابع للحي,1
APT-2026-000179,تركي الهاجري,1283703948,0598093195,43,ذكر,الباطنية,2026-07-08,2026-07-09,1,0,نعم,نعم,حضر المريض قبل الموعد بربع ساعة وأنهى إجراءات التسجيل,0
APT-2026-000180,ناصر النعيمي,1992237311,0563050692,16,ذكر,الباطنية,2026-02-02,2026-02-07,5,0,نعم,نعم,يحتاج المريض إلى تحاليل دم قبل زيارة الطبيب القادمة,0
APT-2026-000181,فيصل المري,1788765582,0533503035,28,ذكر,الباطنية,2026-04-21,2026-05-05,14,3,لا,نعم,رقم الإحالة 1674173414 من المركز الصحي التابع للحي,0
APT-2026-000182,نورة النعيمي,1033422021,0503059862,24,أنثى,العيون,2026-08-05,2026-08-06,1,0,نعم,لا,طلب المريض التواصل معه على الرقم 0545920936 لتأكيد الموعد,0
APT-2026-000183,أسماء العجمي,1533125512,0563806817,12,أنثى,الجلدية,2026-03-16,2026-03-18,2,0,نعم,نعم,رقم الحجز المرجعي 1404587717 صادر من بوابة المواعيد,0
APT-2026-000184,سلمان الأنصاري,1325506069,0552044166,44,ذكر,العيون,2026-06-01,2026-07-01,30,0,نعم,لا,المريض يفضّل المواعيد الصباحية في بداية الأسبوع,0
APT-2026-000185,فيصل باوزير,1259327573,0559965553,3,ذكر,العظام,2026-08-04,2026-08-05,1,0,لا,نعم,رقم الإحالة 1517326047 من المركز الصحي التابع للحي,0
APT-2026-000186,يوسف العيسى,1160712517,0531083551,11,ذكر,الأطفال,2026-06-15,2026-06-17,2,2,لا,نعم,المريض يفضّل المواعيد الصباحية في بداية الأسبوع,0
APT-2026-000187,عبدالعزيز باوزير,2037551641,0561480535,49,ذكر,الأسنان,2026-07-07,2026-08-06,30,0,نعم,نعم,حضر المريض قبل الموعد بربع ساعة وأنهى إجراءات التسجيل,0
APT-2026-000188,معاذ التميمي,1311197493,0564961695,77,ذكر,العظام,2026-06-14,2026-06-21,7,0,لا,نعم,تم تأجيل الموعد السابق بطلب من المريض بسبب السفر,0
APT-2026-000189,نورة العجمي,1272524354,0560050864,50,أنثى,العظام,2026-05-26,2026-06-25,30,0,نعم,نعم,رقم الإحالة 1351718793 من المركز الصحي التابع للحي,0
APT-2026-000190,فاطمة الشهراني,1017105717,0538101032,20,أنثى,العيون,2026-05-25,2026-05-28,3,0,لا,نعم,أُرسل تذكير بالموعد قبل يومين عبر الرسائل النصية,0
APT-2026-000191,أسماء المري,2906979006,0537477630,15,أنثى,الباطنية,2026-04-27,2026-04-28,1,2,نعم,نعم,رقم الإحالة 1332014686 من المركز الصحي التابع للحي,0
APT-2026-000192,نواف الهاجري,2520332525,0592592737,71,ذكر,الباطنية,2026-08-05,2026-09-19,45,0,نعم,لا,يرافق المريض دلال الكثيري وهو المسؤول عن متابعة الحالة,0
APT-2026-000193,فاطمة المري,1056961871,0555072130,15,أنثى,الأسنان,2026-07-31,2026-08-02,2,0,نعم,نعم,يرافق المريض إبراهيم النعيمي وهو المسؤول عن متابعة الحالة,0
APT-2026-000194,فيصل العجمي,1674875685,0550637204,48,ذكر,العظام,2026-02-24,2026-03-06,10,3,لا,نعم,أُرسل تذكير بالموعد قبل يومين عبر الرسائل النصية,1
APT-2026-000195,عبدالرحمن التميمي,1935049740,0554328427,62,ذكر,الباطنية,2026-04-09,2026-04-23,14,0,نعم,نعم,أُرسل تذكير بالموعد قبل يومين عبر الرسائل النصية,0
APT-2026-000196,جواهر البيشي,1684900374,0564927895,49,أنثى,الأسنان,2026-05-13,2026-05-15,2,0,نعم,نعم,طلب المريض التواصل معه على الرقم 0540888904 لتأكيد الموعد,0
APT-2026-000197,ليان الخثعمي,2705884357,0506809698,41,أنثى,الجلدية,2026-06-25,2026-06-30,5,0,نعم,نعم,تم تأجيل الموعد السابق بطلب من المريض بسبب السفر,0
APT-2026-000198,هاني السديري,1758466880,0596447761,36,ذكر,الأطفال,2026-07-06,2026-08-20,45,0,نعم,نعم,يرافق المريض مشاعل باوزير وهو المسؤول عن متابعة الحالة,0
APT-2026-000199,منى المري,1266613098,0501832975,69,أنثى,الباطنية,2026-03-19,2026-03-21,2,0,لا,نعم,تم التحقق من إقامة المرافق رقم 2976987442 عند الاستقبال,0
APT-2026-000200,خلود الخثعمي,1139487787,0532548525,84,أنثى,الجلدية,2026-05-03,2026-05-05,2,3,نعم,نعم,يرافق المريض فيصل المري وهو المسؤول عن متابعة الحالة,0
APT-2026-000201,ابتسام الخثعمي,1037653050,0542586340,74,أنثى,الأسنان,2026-05-05,2026-05-19,14,0,نعم,نعم,تم التحقق من إقامة المرافق رقم 2171316462 عند الاستقبال,0
APT-2026-000202,مشاعل المري,1216328979,0507045977,26,أنثى,الأطفال,2026-03-21,2026-03-31,10,0,نعم,لا,تم تأجيل الموعد السابق بطلب من المريض بسبب السفر,0
APT-2026-000203,روان النعيمي,2033804747,0566681634,55,أنثى,العيون,2026-03-29,2026-04-01,3,3,نعم,نعم,يرافق المريض معاذ العيسى وهو المسؤول عن متابعة الحالة,0
APT-2026-000204,أمل المري,1792672451,0509103515,69,أنثى,العيون,2026-06-09,2026-06-16,7,0,نعم,لا,رقم الإحالة 1879379405 من المركز الصحي التابع للحي,0
APT-2026-000205,حصة السديري,1012093843,0566497975,84,أنثى,الجلدية,2026-07-19,2026-08-09,21,1,نعم,لا,يرافق المريض دلال الشهراني وهو المسؤول عن متابعة الحالة,0
APT-2026-000206,روان العيسى,1346885682,0509857704,4,أنثى,الجلدية,2026-08-16,2026-08-30,14,1,لا,نعم,حضر المريض قبل الموعد بربع ساعة وأنهى إجراءات التسجيل,0
APT-2026-000207,قصي باوزير,1440478038,0502345881,33,ذكر,الجلدية,2026-03-15,2026-04-05,21,1,لا,لا,يرافق المريض فيصل الصقير وهو المسؤول عن متابعة الحالة,0
APT-2026-000208,عبدالعزيز العجمي,1898996812,0540602152,19,ذكر,الجلدية,2026-08-28,2026-08-29,1,2,لا,لا,حضر المريض قبل الموعد بربع ساعة وأنهى إجراءات التسجيل,0
APT-2026-000209,أسماء الصقير,1609010986,0543128131,84,أنثى,العيون,2026-07-27,2026-08-06,10,1,نعم,نعم,يحتاج المريض إلى تحاليل دم قبل زيارة الطبيب القادمة,0
APT-2026-000210,عبير السديري,1079121586,0569042252,18,أنثى,العظام,2026-05-04,2026-05-25,21,3,نعم,نعم,المريض يفضّل المواعيد الصباحية في بداية الأسبوع,0
APT-2026-000211,جاسم الزامل,1864664105,0563606600,44,ذكر,العيون,2026-07-30,2026-08-13,14,0,لا,نعم,تم تأجيل الموعد السابق بطلب من المريض بسبب السفر,0
APT-2026-000212,ناصر العجمي,1658464365,0547488563,79,ذكر,الباطنية,2026-06-20,2026-06-30,10,0,لا,نعم,رقم الإحالة 1760266838 من المركز الصحي التابع للحي,0
APT-2026-000213,نواف العيسى,1869271054,0565599942,20,ذكر,الجلدية,2026-08-21,2026-08-31,10,0,لا,نعم,تم التحقق من إقامة المرافق رقم 2222086932 عند الاستقبال,0
APT-2026-000214,عبير الخثعمي,1400574636,0502563655,22,أنثى,الباطنية,2026-01-08,2026-02-22,45,0,نعم,لا,أُرسل تذكير بالموعد قبل يومين عبر الرسائل النصية,0
APT-2026-000215,معاذ العجمي,2276004401,0540233595,41,ذكر,العظام,2026-07-12,2026-07-15,3,0,نعم,نعم,حضر المريض قبل الموعد بربع ساعة وأنهى إجراءات التسجيل,0
APT-2026-000216,عبدالعزيز باوزير,1248858811,0559679588,24,ذكر,العيون,2026-05-14,2026-06-04,21,1,لا,لا,رقم الحجز المرجعي 1886191152 صادر من بوابة المواعيد,0
APT-2026-000217,سلمى الهاجري,1459651228,0508536755,32,أنثى,الباطنية,2026-05-08,2026-05-08,0,0,لا,نعم,تم التحقق من إقامة المرافق رقم 2808058172 عند الاستقبال,0
APT-2026-000218,تركي الجبرين,1068626421,0539534830,39,ذكر,الجلدية,2026-01-13,2026-01-14,1,0,نعم,نعم,تم التحقق من إقامة المرافق رقم 2375471220 عند الاستقبال,0
APT-2026-000219,تركي الصقير,2964848739,0599683323,40,ذكر,العظام,2026-04-02,2026-04-03,1,2,نعم,لا,رقم الإحالة 1314956585 من المركز الصحي التابع للحي,1
APT-2026-000220,نورة التميمي,1223726165,0562537789,20,أنثى,الجلدية,2026-01-12,2026-02-11,30,1,نعم,نعم,طلب المريض التواصل معه على الرقم 0534495468 لتأكيد الموعد,1
APT-2026-000221,ناصر الجبرين,1644215160,0558305513,6,ذكر,الباطنية,2026-01-11,2026-01-13,2,0,لا,لا,يحتاج المريض إلى تحاليل دم قبل زيارة الطبيب القادمة,0
APT-2026-000222,سلمان البيشي,1001684438,0501095433,27,ذكر,العظام,2026-07-30,2026-08-13,14,0,نعم,لا,تم تأجيل الموعد السابق بطلب من المريض بسبب السفر,0
APT-2026-000223,حمد الصقير,2187257296,0559254780,59,ذكر,الباطنية,2026-06-18,2026-06-23,5,3,لا,لا,طلب المريض التواصل معه على الرقم 0596320428 لتأكيد الموعد,0
APT-2026-000224,معاذ السديري,1624762165,0530738218,36,ذكر,العظام,2026-05-28,2026-05-28,0,0,لا,لا,رقم الحجز المرجعي 1243083449 صادر من بوابة المواعيد,0
APT-2026-000225,ليان العجمي,1609331432,0505826380,13,أنثى,العظام,2026-05-13,2026-06-12,30,0,نعم,نعم,رقم الإحالة 1452462757 من المركز الصحي التابع للحي,0
APT-2026-000226,دلال الكثيري,1384844187,0531900248,79,أنثى,العظام,2026-08-05,2026-08-12,7,3,لا,نعم,تم التحقق من إقامة المرافق رقم 2647040639 عند الاستقبال,1
APT-2026-000227,حمد الزامل,1595880921,0547202507,28,ذكر,الأطفال,2026-02-01,2026-02-02,1,0,لا,نعم,رقم الحجز المرجعي 1021545148 صادر من بوابة المواعيد,0
APT-2026-000228,ناصر السديري,1081505370,0597110835,27,ذكر,العظام,2026-06-23,2026-06-25,2,1,لا,نعم,تم تأجيل الموعد السابق بطلب من المريض بسبب السفر,0
APT-2026-000229,عبير البيشي,1792360297,0593174388,78,أنثى,العيون,2026-06-19,2026-07-19,30,3,لا,نعم,رقم الحجز المرجعي 1556325064 صادر من بوابة المواعيد,1
APT-2026-000230,سامي الأنصاري,1212573008,0535561233,72,ذكر,الأطفال,2026-04-14,2026-04-14,0,3,نعم,نعم,أُرسل تذكير بالموعد قبل يومين عبر الرسائل النصية,0
APT-2026-000231,ليان الخثعمي,1238274086,0594481211,2,أنثى,الجلدية,2026-04-26,2026-04-28,2,3,نعم,نعم,رقم الإحالة 1044675718 من المركز الصحي التابع للحي,0
APT-2026-000232,خلود الزامل,1736172089,0506953977,40,أنثى,العيون,2026-03-19,2026-03-24,5,3,لا,نعم,رقم الحجز المرجعي 1972173429 صادر من بوابة المواعيد,0
APT-2026-000233,مشاعل الشهراني,1111758197,0554481262,70,أنثى,الجلدية,2026-01-19,2026-01-20,1,0,نعم,لا,يرافق المريض نواف الجبرين وهو المسؤول عن متابعة الحالة,0
APT-2026-000234,دلال السديري,2615753197,0598705765,25,أنثى,العيون,2026-07-31,2026-08-03,3,0,لا,نعم,أُرسل تذكير بالموعد قبل يومين عبر الرسائل النصية,0
APT-2026-000235,هاني الزامل,2905047466,0548060108,47,ذكر,العيون,2026-06-15,2026-07-15,30,0,لا,نعم,أُرسل تذكير بالموعد قبل يومين عبر الرسائل النصية,1
APT-2026-000236,ناصر الخثعمي,1253549792,0554324835,17,ذكر,العظام,2026-03-21,2026-03-24,3,2,لا,لا,رقم الحجز المرجعي 1038370928 صادر من بوابة المواعيد,0
APT-2026-000237,معاذ العجمي,1014825200,0535518286,45,ذكر,الأسنان,2026-07-14,2026-07-15,1,0,لا,نعم,رقم الحجز المرجعي 1459745673 صادر من بوابة المواعيد,0
APT-2026-000238,تركي السديري,2640073355,0542866815,55,ذكر,الجلدية,2026-05-28,2026-06-02,5,0,نعم,نعم,رقم الإحالة 1366117848 من المركز الصحي التابع للحي,0
APT-2026-000239,سلمى البيشي,1707920441,0530656838,9,أنثى,العظام,2026-08-03,2026-08-05,2,0,نعم,نعم,حضر المريض قبل الموعد بربع ساعة وأنهى إجراءات التسجيل,0
APT-2026-000240,عبدالعزيز العيسى,1729053783,0536485083,65,ذكر,الأطفال,2026-07-02,2026-07-02,0,0,نعم,نعم,المريض يفضّل المواعيد الصباحية في بداية الأسبوع,0
APT-2026-000241,سلمى النعيمي,1746289121,0544143437,32,أنثى,العظام,2026-08-11,2026-09-10,30,0,لا,نعم,تم التحقق من إقامة المرافق رقم 2016307643 عند الاستقبال,0
APT-2026-000242,جاسم النعيمي,1572129706,0508280393,52,ذكر,الجلدية,2026-07-20,2026-07-22,2,1,نعم,نعم,المريض يفضّل المواعيد الصباحية في بداية الأسبوع,0
APT-2026-000243,حصة باوزير,1113500381,0593608414,69,أنثى,الباطنية,2026-03-19,2026-03-22,3,0,لا,نعم,طلب المريض التواصل معه على الرقم 0549753334 لتأكيد الموعد,0
APT-2026-000244,تركي الهاجري,1742237207,0501496486,72,ذكر,الجلدية,2026-05-24,2026-06-23,30,1,لا,لا,رقم الحجز المرجعي 1818800086 صادر من بوابة المواعيد,1
APT-2026-000245,عبدالعزيز الصقير,1762730883,0503647400,47,ذكر,الجلدية,2026-06-30,2026-07-03,3,0,نعم,نعم,يرافق المريض سلمان الزامل وهو المسؤول عن متابعة الحالة,0
APT-2026-000246,عبدالرحمن الأنصاري,1851240034,0531122571,81,ذكر,الأسنان,2026-08-04,2026-08-14,10,1,نعم,نعم,يحتاج المريض إلى تحاليل دم قبل زيارة الطبيب القادمة,1
APT-2026-000247,ليان الكثيري,1998466096,0567824969,65,أنثى,العيون,2026-05-27,2026-07-11,45,0,نعم,نعم,أُرسل تذكير بالموعد قبل يومين عبر الرسائل النصية,0
APT-2026-000248,حصة العجمي,1931647208,0552292801,39,أنثى,الجلدية,2026-04-22,2026-04-23,1,0,نعم,لا,أُرسل تذكير بالموعد قبل يومين عبر الرسائل النصية,0
APT-2026-000249,هالة الأنصاري,2103118721,0537027594,66,أنثى,الجلدية,2026-04-12,2026-04-14,2,2,لا,نعم,المريض يفضّل المواعيد الصباحية في بداية الأسبوع,0
APT-2026-000250,نواف العجمي,2016741692,0595287662,70,ذكر,الأطفال,2026-08-31,2026-09-05,5,3,نعم,لا,تم تأجيل الموعد السابق بطلب من المريض بسبب السفر,0
APT-2026-000251,خلود النعيمي,1748042700,0597782690,73,أنثى,العيون,2026-02-21,2026-03-07,14,1,نعم,نعم,تم تأجيل الموعد السابق بطلب من المريض بسبب السفر,0
APT-2026-000252,تركي الأنصاري,1354233569,0505471416,9,ذكر,الباطنية,2026-03-12,2026-03-13,1,0,نعم,نعم,رقم الحجز المرجعي 1115417964 صادر من بوابة المواعيد,0
APT-2026-000253,جاسم الهاجري,1127494282,0594703116,25,ذكر,العظام,2026-04-28,2026-04-29,1,0,لا,نعم,أُرسل تذكير بالموعد قبل يومين عبر الرسائل النصية,0
APT-2026-000254,فاطمة باوزير,2530589841,0549958226,61,أنثى,الجلدية,2026-04-17,2026-04-20,3,0,نعم,لا,أُرسل تذكير بالموعد قبل يومين عبر الرسائل النصية,0
APT-2026-000255,فاطمة باوزير,2837309901,0538944349,44,أنثى,العيون,2026-08-31,2026-09-14,14,1,لا,نعم,تم تأجيل الموعد السابق بطلب من المريض بسبب السفر,0
APT-2026-000256,إبراهيم المري,1414920999,0500397710,3,ذكر,الأطفال,2026-08-14,2026-09-13,30,0,لا,لا,حضر المريض قبل الموعد بربع ساعة وأنهى إجراءات التسجيل,1
APT-2026-000257,عبدالعزيز البيشي,2885280541,0597791002,66,ذكر,الجلدية,2026-04-22,2026-05-06,14,1,نعم,نعم,يحتاج المريض إلى تحاليل دم قبل زيارة الطبيب القادمة,1
APT-2026-000258,أسامة النعيمي,1667197105,0553130554,41,ذكر,العظام,2026-04-06,2026-04-13,7,0,نعم,نعم,أُرسل تذكير بالموعد قبل يومين عبر الرسائل النصية,1
APT-2026-000259,أسماء الصقير,1523621249,0536684717,63,أنثى,الجلدية,2026-04-07,2026-04-09,2,0,نعم,لا,طلب المريض التواصل معه على الرقم 0500944552 لتأكيد الموعد,0
APT-2026-000260,حمد الجبرين,1705846705,0500808733,69,ذكر,العيون,2026-02-28,2026-03-10,10,0,لا,نعم,رقم الإحالة 1415969356 من المركز الصحي التابع للحي,0
APT-2026-000261,أسامة السديري,1672609417,0502985467,35,ذكر,الجلدية,2026-02-19,2026-02-19,0,1,لا,لا,يرافق المريض جاسم الخثعمي وهو المسؤول عن متابعة الحالة,0
APT-2026-000262,معاذ السديري,1245572480,0534775516,65,ذكر,الجلدية,2026-05-24,2026-05-29,5,0,نعم,نعم,تم تأجيل الموعد السابق بطلب من المريض بسبب السفر,0
APT-2026-000263,سلمان العيسى,2863410417,0593780812,2,ذكر,العظام,2026-01-16,2026-03-02,45,1,نعم,نعم,يحتاج المريض إلى تحاليل دم قبل زيارة الطبيب القادمة,1
APT-2026-000264,سلمى الخثعمي,1632049894,0567964324,11,أنثى,الأسنان,2026-05-25,2026-06-01,7,0,نعم,نعم,رقم الحجز المرجعي 1785653351 صادر من بوابة المواعيد,0
APT-2026-000265,أسامة المري,1247664145,0539134545,59,ذكر,الباطنية,2026-05-23,2026-05-25,2,1,نعم,نعم,يحتاج المريض إلى تحاليل دم قبل زيارة الطبيب القادمة,0
APT-2026-000266,ليان الأنصاري,1086525423,0563202018,25,أنثى,الأطفال,2026-02-12,2026-02-22,10,0,نعم,نعم,رقم الإحالة 1935202332 من المركز الصحي التابع للحي,1
APT-2026-000267,حمد العيسى,1426389209,0533442055,68,ذكر,العيون,2026-05-04,2026-05-14,10,2,نعم,لا,أُرسل تذكير بالموعد قبل يومين عبر الرسائل النصية,0
APT-2026-000268,سامي العجمي,1433699939,0544525358,47,ذكر,الأطفال,2026-06-02,2026-06-05,3,3,لا,نعم,تم التحقق من إقامة المرافق رقم 2632385338 عند الاستقبال,0
APT-2026-000269,يوسف الزامل,1305425421,0555742158,19,ذكر,العيون,2026-04-09,2026-04-11,2,1,نعم,نعم,أُرسل تذكير بالموعد قبل يومين عبر الرسائل النصية,0
APT-2026-000270,عبير الأنصاري,1510945841,0534801907,40,أنثى,العيون,2026-05-04,2026-05-07,3,0,نعم,لا,تم التحقق من إقامة المرافق رقم 2515161046 عند الاستقبال,0
APT-2026-000271,قصي البيشي,1730122643,0547285285,43,ذكر,الأسنان,2026-08-16,2026-08-26,10,3,نعم,لا,رقم الحجز المرجعي 1123288209 صادر من بوابة المواعيد,0
APT-2026-000272,إبراهيم العيسى,1982278689,0534089733,58,ذكر,الأطفال,2026-07-19,2026-07-26,7,0,نعم,لا,تم التحقق من إقامة المرافق رقم 2553272945 عند الاستقبال,0
APT-2026-000273,نورة العجمي,1255272062,0531406177,11,أنثى,العظام,2026-02-06,2026-02-08,2,2,لا,لا,تم التحقق من إقامة المرافق رقم 2018366571 عند الاستقبال,0
APT-2026-000274,سامي باوزير,1386056681,0561124513,58,ذكر,الأطفال,2026-06-29,2026-06-29,0,2,نعم,نعم,رقم الحجز المرجعي 1542792096 صادر من بوابة المواعيد,0
APT-2026-000275,جواهر الزامل,1516210679,0505334837,73,أنثى,الجلدية,2026-03-30,2026-04-13,14,0,نعم,لا,طلب المريض التواصل معه على الرقم 0508473038 لتأكيد الموعد,0
APT-2026-000276,ابتسام العجمي,1099380410,0507227609,21,أنثى,العيون,2026-06-01,2026-06-15,14,1,نعم,نعم,تم التحقق من إقامة المرافق رقم 2040767853 عند الاستقبال,0
APT-2026-000277,روان التميمي,1067752293,0535920999,77,أنثى,الجلدية,2026-05-24,2026-05-26,2,0,لا,لا,يرافق المريض قصي التميمي وهو المسؤول عن متابعة الحالة,0
APT-2026-000278,منى باوزير,1218568499,0531915202,1,أنثى,الجلدية,2026-02-18,2026-03-04,14,1,لا,نعم,يرافق المريض سلمى النعيمي وهو المسؤول عن متابعة الحالة,0
APT-2026-000279,جواهر الهاجري,1964304388,0559898699,11,أنثى,العظام,2026-05-05,2026-05-05,0,1,لا,نعم,أُرسل تذكير بالموعد قبل يومين عبر الرسائل النصية,0
APT-2026-000280,نورة السديري,1497452498,0500029337,21,أنثى,الباطنية,2026-07-24,2026-07-27,3,0,لا,نعم,أُرسل تذكير بالموعد قبل يومين عبر الرسائل النصية,0
APT-2026-000281,سامي السديري,2785353901,0506143364,39,ذكر,العظام,2026-03-07,2026-04-21,45,0,نعم,لا,يرافق المريض فاطمة النعيمي وهو المسؤول عن متابعة الحالة,0
APT-2026-000282,جواهر البيشي,1085278792,0599177107,45,أنثى,الأطفال,2026-01-11,2026-01-21,10,3,نعم,نعم,تم تأجيل الموعد السابق بطلب من المريض بسبب السفر,0
APT-2026-000283,ليان العجمي,1354417832,0509175561,50,أنثى,الباطنية,2026-06-08,2026-07-23,45,0,نعم,لا,المريض يفضّل المواعيد الصباحية في بداية الأسبوع,0
APT-2026-000284,ناصر الكثيري,1572645412,0597719565,25,ذكر,الأسنان,2026-07-24,2026-08-07,14,0,لا,نعم,تم تأجيل الموعد السابق بطلب من المريض بسبب السفر,0
APT-2026-000285,أمل التميمي,1263569905,0536815672,25,أنثى,الأطفال,2026-03-07,2026-03-08,1,0,لا,نعم,المريض يفضّل المواعيد الصباحية في بداية الأسبوع,0
APT-2026-000286,سامي الصقير,1163366295,0547187153,51,ذكر,الجلدية,2026-03-31,2026-04-14,14,0,لا,لا,رقم الإحالة 1412932916 من المركز الصحي التابع للحي,0
APT-2026-000287,منى العجمي,1811817905,0567051776,23,أنثى,العيون,2026-07-16,2026-07-17,1,0,نعم,نعم,رقم الإحالة 1592966428 من المركز الصحي التابع للحي,0
APT-2026-000288,خلود العيسى,1920565916,0545367318,82,أنثى,العظام,2026-03-20,2026-03-25,5,0,لا,نعم,طلب المريض التواصل معه على الرقم 0598467866 لتأكيد الموعد,0
APT-2026-000289,جواهر المري,1491513642,0537559499,11,أنثى,الباطنية,2026-07-19,2026-07-21,2,1,نعم,نعم,رقم الإحالة 1379749316 من المركز الصحي التابع للحي,0
APT-2026-000290,عبدالرحمن المري,1604235703,0542463987,44,ذكر,الأسنان,2026-06-14,2026-06-24,10,2,نعم,نعم,رقم الحجز المرجعي 1734318841 صادر من بوابة المواعيد,0
APT-2026-000291,هاني الهاجري,1334398680,0550598690,71,ذكر,الجلدية,2026-04-06,2026-04-27,21,0,نعم,نعم,رقم الإحالة 1186833223 من المركز الصحي التابع للحي,0
APT-2026-000292,روان الهاجري,1575307085,0532806973,32,أنثى,الجلدية,2026-04-02,2026-05-17,45,3,نعم,نعم,يرافق المريض معاذ باوزير وهو المسؤول عن متابعة الحالة,1
APT-2026-000293,خلود الكثيري,1651533638,0559016478,70,أنثى,الباطنية,2026-05-12,2026-06-26,45,0,نعم,نعم,أُرسل تذكير بالموعد قبل يومين عبر الرسائل النصية,1
APT-2026-000294,يوسف التميمي,1748333687,0554573566,22,ذكر,الأطفال,2026-05-16,2026-05-16,0,0,نعم,نعم,رقم الإحالة 1966089943 من المركز الصحي التابع للحي,0
APT-2026-000295,هالة الكثيري,1820040275,0594686486,24,أنثى,العيون,2026-07-07,2026-07-09,2,0,نعم,لا,المريض يفضّل المواعيد الصباحية في بداية الأسبوع,0
APT-2026-000296,فاطمة باوزير,1435499189,0591014330,75,أنثى,الأطفال,2026-07-21,2026-07-22,1,3,نعم,نعم,المريض يفضّل المواعيد الصباحية في بداية الأسبوع,1
APT-2026-000297,هالة العجمي,1671694618,0535010154,66,أنثى,العيون,2026-01-28,2026-02-07,10,0,لا,نعم,تم التحقق من إقامة المرافق رقم 2729454880 عند الاستقبال,0
APT-2026-000298,نواف السديري,1467253413,0539902131,21,ذكر,الأسنان,2026-02-05,2026-02-19,14,3,لا,نعم,المريض يفضّل المواعيد الصباحية في بداية الأسبوع,0
APT-2026-000299,فيصل الشهراني,1055993495,0532478168,72,ذكر,العظام,2026-02-28,2026-03-01,1,0,لا,نعم,أُرسل تذكير بالموعد قبل يومين عبر الرسائل النصية,0
APT-2026-000300,حصة الأنصاري,1859320663,0590119398,74,أنثى,الباطنية,2026-05-30,2026-06-13,14,1,نعم,نعم,يحتاج المريض إلى تحاليل دم قبل زيارة الطبيب القادمة,1
APT-2026-000301,منى التميمي,2944991450,0596724326,36,أنثى,الأسنان,2026-08-13,2026-08-23,10,2,لا,نعم,يرافق المريض فاطمة الكثيري وهو المسؤول عن متابعة الحالة,0
APT-2026-000302,نورة العجمي,1260196231,0503427850,56,أنثى,الأطفال,2026-03-27,2026-04-10,14,1,لا,نعم,رقم الحجز المرجعي 1506828936 صادر من بوابة المواعيد,0
APT-2026-000303,منى الزامل,1009220433,0540426133,47,أنثى,العظام,2026-07-10,2026-07-11,1,2,نعم,لا,يحتاج المريض إلى تحاليل دم قبل زيارة الطبيب القادمة,0
APT-2026-000304,ابتسام المري,1099398297,0595895412,75,أنثى,العظام,2026-08-25,2026-09-08,14,0,لا,لا,المريض يفضّل المواعيد الصباحية في بداية الأسبوع,0
APT-2026-000305,أسامة العيسى,1489609014,0559364611,49,ذكر,الأطفال,2026-07-15,2026-07-18,3,0,نعم,نعم,المريض يفضّل المواعيد الصباحية في بداية الأسبوع,0
APT-2026-000306,هالة الهاجري,1089241606,0507952796,24,أنثى,الأسنان,2026-05-01,2026-05-08,7,1,نعم,لا,رقم الحجز المرجعي 1252707466 صادر من بوابة المواعيد,0
APT-2026-000307,روان العجمي,1420572651,0590245938,66,أنثى,الجلدية,2026-01-20,2026-01-23,3,1,نعم,نعم,رقم الحجز المرجعي 1557752118 صادر من بوابة المواعيد,0
APT-2026-000308,أسامة المري,1711930121,0501300363,19,ذكر,الباطنية,2026-02-15,2026-03-08,21,0,نعم,نعم,رقم الإحالة 1049255327 من المركز الصحي التابع للحي,0
APT-2026-000309,تركي البيشي,1753205838,0590312763,52,ذكر,الأسنان,2026-03-12,2026-03-12,0,1,لا,نعم,المريض يفضّل المواعيد الصباحية في بداية الأسبوع,0
APT-2026-000310,عبدالرحمن الصقير,1744718410,0596655405,60,ذكر,الأسنان,2026-06-03,2026-06-04,1,0,لا,نعم,طلب المريض التواصل معه على الرقم 0509138398 لتأكيد الموعد,0
APT-2026-000311,هاني الهاجري,1913004493,0542017217,50,ذكر,العظام,2026-04-17,2026-04-22,5,0,نعم,لا,طلب المريض التواصل معه على الرقم 0556770675 لتأكيد الموعد,0
APT-2026-000312,ابتسام الخثعمي,2078805435,0565249779,42,أنثى,العظام,2026-01-13,2026-01-18,5,0,نعم,نعم,تم التحقق من إقامة المرافق رقم 2940740018 عند الاستقبال,0
APT-2026-000313,أمل الجبرين,1404659144,0533095457,62,أنثى,العيون,2026-04-18,2026-05-02,14,1,نعم,نعم,يرافق المريض نورة الشهراني وهو المسؤول عن متابعة الحالة,0
APT-2026-000314,جاسم الجبرين,1798016653,0549616897,11,ذكر,العظام,2026-07-21,2026-07-31,10,0,نعم,نعم,رقم الإحالة 1403733260 من المركز الصحي التابع للحي,0
APT-2026-000315,معاذ النعيمي,1510679143,0564315612,44,ذكر,العظام,2026-02-24,2026-03-17,21,0,نعم,لا,يحتاج المريض إلى تحاليل دم قبل زيارة الطبيب القادمة,0
APT-2026-000316,عبدالرحمن الخثعمي,1309828976,0543637488,21,ذكر,العيون,2026-04-18,2026-05-02,14,0,لا,نعم,حضر المريض قبل الموعد بربع ساعة وأنهى إجراءات التسجيل,0
APT-2026-000317,إبراهيم باوزير,1425285788,0551703167,24,ذكر,الأطفال,2026-04-22,2026-04-27,5,0,نعم,نعم,المريض يفضّل المواعيد الصباحية في بداية الأسبوع,0
APT-2026-000318,يوسف الشهراني,1396424135,0541924564,84,ذكر,الأطفال,2026-08-02,2026-09-01,30,1,نعم,نعم,يرافق المريض هالة الأنصاري وهو المسؤول عن متابعة الحالة,0
APT-2026-000319,إبراهيم المري,1377048390,0507757304,63,ذكر,الأطفال,2026-02-04,2026-02-06,2,3,نعم,نعم,يحتاج المريض إلى تحاليل دم قبل زيارة الطبيب القادمة,1
APT-2026-000320,دلال الجبرين,2437563147,0567026582,10,أنثى,العيون,2026-06-11,2026-06-18,7,0,نعم,نعم,يرافق المريض سلمان الخثعمي وهو المسؤول عن متابعة الحالة,0
APT-2026-000321,تركي الهاجري,1604175040,0555141099,49,ذكر,العظام,2026-05-05,2026-05-08,3,0,لا,نعم,المريض يفضّل المواعيد الصباحية في بداية الأسبوع,0
APT-2026-000322,أسماء الصقير,1878755667,0509578943,18,أنثى,الجلدية,2026-07-19,2026-07-20,1,2,لا,نعم,حضر المريض قبل الموعد بربع ساعة وأنهى إجراءات التسجيل,0
APT-2026-000323,مشاعل العيسى,1181068097,0553373061,5,أنثى,الجلدية,2026-02-25,2026-02-27,2,2,نعم,نعم,تم تأجيل الموعد السابق بطلب من المريض بسبب السفر,1
APT-2026-000324,منى الخثعمي,1772657878,0531875950,85,أنثى,الجلدية,2026-06-05,2026-06-06,1,0,نعم,نعم,حضر المريض قبل الموعد بربع ساعة وأنهى إجراءات التسجيل,0
APT-2026-000325,جاسم الجبرين,1766823379,0534883808,10,ذكر,الباطنية,2026-07-28,2026-08-07,10,0,لا,نعم,يرافق المريض حمد السديري وهو المسؤول عن متابعة الحالة,0
APT-2026-000326,حمد التميمي,1747583738,0597341323,9,ذكر,الباطنية,2026-08-08,2026-08-29,21,3,نعم,نعم,رقم الحجز المرجعي 1174926897 صادر من بوابة المواعيد,0
APT-2026-000327,سلمى العيسى,1064838285,0540386939,37,أنثى,الجلدية,2026-06-21,2026-06-24,3,3,نعم,نعم,رقم الإحالة 1284537804 من المركز الصحي التابع للحي,0
APT-2026-000328,ليان الشهراني,1660935550,0500630201,1,أنثى,العيون,2026-01-19,2026-02-02,14,0,نعم,نعم,حضر المريض قبل الموعد بربع ساعة وأنهى إجراءات التسجيل,0
APT-2026-000329,خلود التميمي,1230325662,0503324380,3,أنثى,العظام,2026-02-09,2026-02-23,14,3,نعم,لا,يحتاج المريض إلى تحاليل دم قبل زيارة الطبيب القادمة,0
APT-2026-000330,سلمان الشهراني,1741061954,0544557989,7,ذكر,الأطفال,2026-01-19,2026-01-22,3,0,لا,نعم,تم التحقق من إقامة المرافق رقم 2437484781 عند الاستقبال,0
APT-2026-000331,أمل التميمي,1070304355,0550914772,29,أنثى,العظام,2026-05-13,2026-05-15,2,1,نعم,نعم,تم تأجيل الموعد السابق بطلب من المريض بسبب السفر,0
APT-2026-000332,نواف الخثعمي,1230104919,0555810685,59,ذكر,العظام,2026-01-21,2026-02-11,21,1,نعم,نعم,يرافق المريض أسامة النعيمي وهو المسؤول عن متابعة الحالة,0
APT-2026-000333,عبدالرحمن العيسى,1571509015,0541633524,81,ذكر,الباطنية,2026-04-29,2026-05-13,14,1,لا,لا,حضر المريض قبل الموعد بربع ساعة وأنهى إجراءات التسجيل,1
APT-2026-000334,جواهر الزامل,1748169586,0596196412,72,أنثى,الجلدية,2026-08-25,2026-08-25,0,1,نعم,نعم,أُرسل تذكير بالموعد قبل يومين عبر الرسائل النصية,0
APT-2026-000335,أسماء الأنصاري,1910789617,0537952163,4,أنثى,الأسنان,2026-01-08,2026-01-08,0,1,نعم,نعم,يرافق المريض حصة العجمي وهو المسؤول عن متابعة الحالة,0
APT-2026-000336,روان التميمي,1962382444,0554114609,57,أنثى,العيون,2026-02-28,2026-02-28,0,0,لا,نعم,يحتاج المريض إلى تحاليل دم قبل زيارة الطبيب القادمة,0
APT-2026-000337,جاسم الخثعمي,2465798714,0509181205,66,ذكر,الجلدية,2026-04-05,2026-04-05,0,3,نعم,نعم,رقم الإحالة 1590578913 من المركز الصحي التابع للحي,0
APT-2026-000338,هالة الجبرين,1514783057,0501574923,26,أنثى,الباطنية,2026-04-03,2026-05-18,45,0,لا,نعم,يحتاج المريض إلى تحاليل دم قبل زيارة الطبيب القادمة,0
APT-2026-000339,جاسم التميمي,1174880243,0563845834,10,ذكر,الأطفال,2026-03-13,2026-03-23,10,3,نعم,نعم,تم تأجيل الموعد السابق بطلب من المريض بسبب السفر,0
APT-2026-000340,حصة الهاجري,1362525485,0507968229,65,أنثى,الأطفال,2026-07-12,2026-08-02,21,2,نعم,نعم,يحتاج المريض إلى تحاليل دم قبل زيارة الطبيب القادمة,0
APT-2026-000341,ابتسام الجبرين,1705208302,0540108549,69,أنثى,العظام,2026-01-29,2026-01-29,0,0,لا,نعم,أُرسل تذكير بالموعد قبل يومين عبر الرسائل النصية,0
APT-2026-000342,خلود النعيمي,1287905341,0543534072,73,أنثى,الباطنية,2026-06-16,2026-06-16,0,0,نعم,لا,تم التحقق من إقامة المرافق رقم 2492372723 عند الاستقبال,1
APT-2026-000343,سلمان الزامل,1622864278,0530604663,61,ذكر,الأطفال,2026-06-05,2026-06-10,5,1,نعم,نعم,المريض يفضّل المواعيد الصباحية في بداية الأسبوع,0
APT-2026-000344,أسماء الهاجري,2620720983,0535296358,65,أنثى,الأطفال,2026-01-26,2026-01-28,2,2,نعم,نعم,المريض يفضّل المواعيد الصباحية في بداية الأسبوع,0
APT-2026-000345,جواهر باوزير,1426248595,0503753827,66,أنثى,الأسنان,2026-02-01,2026-02-22,21,3,لا,نعم,المريض يفضّل المواعيد الصباحية في بداية الأسبوع,0
APT-2026-000346,مشاعل باوزير,1942592245,0531246718,36,أنثى,العظام,2026-02-23,2026-03-16,21,0,لا,نعم,حضر المريض قبل الموعد بربع ساعة وأنهى إجراءات التسجيل,0
APT-2026-000347,فاطمة الجبرين,1667264483,0535095096,26,أنثى,الجلدية,2026-08-05,2026-08-12,7,3,نعم,نعم,يرافق المريض عبدالعزيز المري وهو المسؤول عن متابعة الحالة,0
APT-2026-000348,روان الجبرين,1464865920,0539801106,24,أنثى,الأسنان,2026-06-01,2026-06-08,7,1,نعم,نعم,حضر المريض قبل الموعد بربع ساعة وأنهى إجراءات التسجيل,0
APT-2026-000349,سلمان العيسى,1024709733,0555783337,37,ذكر,الأطفال,2026-04-22,2026-04-23,1,1,لا,لا,يحتاج المريض إلى تحاليل دم قبل زيارة الطبيب القادمة,1
APT-2026-000350,حصة السديري,1755427109,0509706983,37,أنثى,الأسنان,2026-03-01,2026-03-03,2,2,لا,لا,طلب المريض التواصل معه على الرقم 0545058197 لتأكيد الموعد,1
APT-2026-000351,تركي العجمي,1149175984,0559271697,77,ذكر,الباطنية,2026-08-25,2026-08-25,0,0,نعم,نعم,حضر المريض قبل الموعد بربع ساعة وأنهى إجراءات التسجيل,0
APT-2026-000352,فيصل السديري,1161369010,0531172202,52,ذكر,الباطنية,2026-07-22,2026-08-05,14,1,لا,لا,رقم الإحالة 1115419338 من المركز الصحي التابع للحي,0
APT-2026-000353,دلال العجمي,2355620184,0533562292,27,أنثى,الأطفال,2026-05-28,2026-06-02,5,2,لا,نعم,أُرسل تذكير بالموعد قبل يومين عبر الرسائل النصية,0
APT-2026-000354,فاطمة الأنصاري,1567001712,0507151436,54,أنثى,العظام,2026-06-07,2026-06-12,5,3,لا,نعم,يحتاج المريض إلى تحاليل دم قبل زيارة الطبيب القادمة,0
APT-2026-000355,سامي العيسى,2533852121,0505252072,69,ذكر,الأسنان,2026-06-08,2026-06-11,3,0,نعم,نعم,طلب المريض التواصل معه على الرقم 0531907033 لتأكيد الموعد,0
APT-2026-000356,عبدالعزيز الشهراني,1277303770,0566062010,23,ذكر,الجلدية,2026-06-25,2026-07-16,21,0,لا,نعم,تم التحقق من إقامة المرافق رقم 2099477396 عند الاستقبال,0
APT-2026-000357,أسامة الخثعمي,2348943644,0500768751,14,ذكر,العيون,2026-07-28,2026-08-07,10,2,نعم,نعم,أُرسل تذكير بالموعد قبل يومين عبر الرسائل النصية,1
APT-2026-000358,فيصل المري,1727142026,0501703585,53,ذكر,الأطفال,2026-08-24,2026-08-25,1,1,لا,نعم,يحتاج المريض إلى تحاليل دم قبل زيارة الطبيب القادمة,0
APT-2026-000359,نواف العجمي,1441161211,0505243462,7,ذكر,الأطفال,2026-02-27,2026-03-13,14,2,نعم,نعم,يحتاج المريض إلى تحاليل دم قبل زيارة الطبيب القادمة,0
APT-2026-000360,أسماء الصقير,1305022954,0535469949,9,أنثى,الباطنية,2026-06-23,2026-06-30,7,0,لا,لا,أُرسل تذكير بالموعد قبل يومين عبر الرسائل النصية,0
APT-2026-000361,إبراهيم باوزير,1098276569,0567142206,30,ذكر,العظام,2026-01-31,2026-03-02,30,0,لا,لا,أُرسل تذكير بالموعد قبل يومين عبر الرسائل النصية,0
APT-2026-000362,روان الزامل,2177480148,0560913853,33,أنثى,الباطنية,2026-02-07,2026-03-24,45,0,نعم,نعم,يحتاج المريض إلى تحاليل دم قبل زيارة الطبيب القادمة,0
APT-2026-000363,فيصل المري,1235483508,0559060189,60,ذكر,الجلدية,2026-05-03,2026-05-06,3,1,لا,نعم,تم التحقق من إقامة المرافق رقم 2102122633 عند الاستقبال,1
APT-2026-000364,يوسف البيشي,1724294358,0537210617,60,ذكر,الجلدية,2026-03-09,2026-03-23,14,0,لا,نعم,طلب المريض التواصل معه على الرقم 0530605365 لتأكيد الموعد,0
APT-2026-000365,حمد المري,1230218628,0568790201,78,ذكر,العيون,2026-06-09,2026-06-19,10,1,نعم,نعم,رقم الحجز المرجعي 1967692318 صادر من بوابة المواعيد,0
APT-2026-000366,ابتسام الزامل,1553983378,0503996017,20,أنثى,الأطفال,2026-03-05,2026-03-12,7,2,لا,لا,يرافق المريض قصي المري وهو المسؤول عن متابعة الحالة,1
APT-2026-000367,سلمان الزامل,1743199224,0507657250,1,ذكر,العيون,2026-06-09,2026-06-30,21,0,لا,نعم,رقم الإحالة 1444177780 من المركز الصحي التابع للحي,0
APT-2026-000368,فيصل النعيمي,1682217847,0591675043,56,ذكر,العظام,2026-05-11,2026-05-18,7,2,نعم,نعم,المريض يفضّل المواعيد الصباحية في بداية الأسبوع,0
APT-2026-000369,جواهر البيشي,2997968009,0591896722,19,أنثى,العظام,2026-02-15,2026-03-01,14,2,نعم,نعم,رقم الحجز المرجعي 1161996564 صادر من بوابة المواعيد,1
APT-2026-000370,يوسف التميمي,1202250989,0568581800,26,ذكر,الباطنية,2026-06-26,2026-06-29,3,3,لا,نعم,يحتاج المريض إلى تحاليل دم قبل زيارة الطبيب القادمة,1
APT-2026-000371,حمد الصقير,1345600629,0538359626,68,ذكر,الباطنية,2026-03-15,2026-04-29,45,2,نعم,نعم,المريض يفضّل المواعيد الصباحية في بداية الأسبوع,1
APT-2026-000372,فيصل الشهراني,1899751943,0554563075,44,ذكر,الأطفال,2026-01-18,2026-01-19,1,0,نعم,لا,رقم الحجز المرجعي 1737562122 صادر من بوابة المواعيد,0
APT-2026-000373,أسامة الكثيري,1935992451,0563494422,77,ذكر,العيون,2026-05-28,2026-06-02,5,0,لا,نعم,يرافق المريض إبراهيم التميمي وهو المسؤول عن متابعة الحالة,0
APT-2026-000374,هالة الشهراني,1652169374,0590899680,68,أنثى,العيون,2026-03-19,2026-03-24,5,2,لا,نعم,تم التحقق من إقامة المرافق رقم 2970269797 عند الاستقبال,0
APT-2026-000375,جواهر الأنصاري,1741721227,0562489426,61,أنثى,الباطنية,2026-06-10,2026-06-20,10,0,نعم,لا,رقم الحجز المرجعي 1485056608 صادر من بوابة المواعيد,0
APT-2026-000376,روان الشهراني,2019908454,0548195075,19,أنثى,العظام,2026-05-31,2026-06-07,7,0,نعم,لا,يرافق المريض ابتسام باوزير وهو المسؤول عن متابعة الحالة,0
APT-2026-000377,تركي الصقير,2558609950,0539691738,41,ذكر,العظام,2026-03-04,2026-03-18,14,2,لا,نعم,حضر المريض قبل الموعد بربع ساعة وأنهى إجراءات التسجيل,1
APT-2026-000378,حصة الجبرين,1905419964,0542280877,44,أنثى,العظام,2026-05-23,2026-05-30,7,2,لا,نعم,تم تأجيل الموعد السابق بطلب من المريض بسبب السفر,1
APT-2026-000379,مشاعل الشهراني,1901268332,0591872220,1,أنثى,الجلدية,2026-08-20,2026-08-20,0,1,لا,نعم,المريض يفضّل المواعيد الصباحية في بداية الأسبوع,0
APT-2026-000380,جاسم الهاجري,1906432859,0591641317,57,ذكر,الباطنية,2026-07-14,2026-07-14,0,0,نعم,نعم,تم تأجيل الموعد السابق بطلب من المريض بسبب السفر,0
APT-2026-000381,معاذ العجمي,2096833039,0547589087,16,ذكر,الأسنان,2026-01-29,2026-02-03,5,0,نعم,نعم,رقم الإحالة 1131693749 من المركز الصحي التابع للحي,0
APT-2026-000382,ليان النعيمي,1657063879,0557191986,9,أنثى,العيون,2026-03-29,2026-04-28,30,1,نعم,نعم,يحتاج المريض إلى تحاليل دم قبل زيارة الطبيب القادمة,1
APT-2026-000383,سلمى الخثعمي,1299283083,0563262104,1,أنثى,العظام,2026-04-27,2026-05-27,30,0,نعم,لا,حضر المريض قبل الموعد بربع ساعة وأنهى إجراءات التسجيل,0
APT-2026-000384,عبدالرحمن الخثعمي,2759344662,0562382946,25,ذكر,العظام,2026-01-12,2026-01-22,10,1,نعم,لا,يرافق المريض ليان الكثيري وهو المسؤول عن متابعة الحالة,1
APT-2026-000385,عبدالرحمن باوزير,1665789952,0505838475,57,ذكر,الباطنية,2026-03-10,2026-04-24,45,2,لا,نعم,رقم الإحالة 1123328263 من المركز الصحي التابع للحي,1
APT-2026-000386,أسماء الكثيري,1977674058,0530215287,35,أنثى,الأطفال,2026-06-09,2026-06-12,3,3,نعم,نعم,تم تأجيل الموعد السابق بطلب من المريض بسبب السفر,1
APT-2026-000387,يوسف الشهراني,2066798808,0550805372,45,ذكر,الباطنية,2026-04-29,2026-05-29,30,0,نعم,لا,يحتاج المريض إلى تحاليل دم قبل زيارة الطبيب القادمة,0
APT-2026-000388,معاذ الكثيري,1098818915,0551032262,5,ذكر,العظام,2026-02-07,2026-02-07,0,1,لا,لا,يرافق المريض ابتسام الجبرين وهو المسؤول عن متابعة الحالة,0
APT-2026-000389,عبدالرحمن النعيمي,1262089087,0539580319,56,ذكر,العظام,2026-08-22,2026-09-05,14,0,نعم,نعم,تم تأجيل الموعد السابق بطلب من المريض بسبب السفر,1
APT-2026-000390,عبدالعزيز التميمي,1660554666,0545805874,1,ذكر,الباطنية,2026-04-02,2026-05-17,45,0,لا,نعم,تم تأجيل الموعد السابق بطلب من المريض بسبب السفر,0
APT-2026-000391,نواف الشهراني,1388815381,0540655542,66,ذكر,الجلدية,2026-08-25,2026-10-09,45,0,لا,نعم,رقم الحجز المرجعي 1467126627 صادر من بوابة المواعيد,1
APT-2026-000392,عبدالرحمن الخثعمي,1484269640,0554696036,27,ذكر,الباطنية,2026-03-31,2026-05-15,45,0,نعم,نعم,رقم الإحالة 1768289708 من المركز الصحي التابع للحي,1
APT-2026-000393,فاطمة التميمي,1924660192,0540568826,15,أنثى,العظام,2026-04-30,2026-05-21,21,1,نعم,نعم,يحتاج المريض إلى تحاليل دم قبل زيارة الطبيب القادمة,0
APT-2026-000394,فاطمة الصقير,1909064642,0596051910,31,أنثى,الباطنية,2026-06-05,2026-06-26,21,0,نعم,لا,أُرسل تذكير بالموعد قبل يومين عبر الرسائل النصية,0
APT-2026-000395,دلال السديري,1664115696,0545223734,52,أنثى,الباطنية,2026-08-05,2026-08-06,1,0,لا,لا,رقم الإحالة 1160620149 من المركز الصحي التابع للحي,0
APT-2026-000396,ابتسام النعيمي,1908107996,0555337045,47,أنثى,العيون,2026-03-13,2026-03-14,1,0,نعم,نعم,رقم الإحالة 1594614807 من المركز الصحي التابع للحي,0
APT-2026-000397,يوسف العجمي,1620074995,0507345371,74,ذكر,الأسنان,2026-01-27,2026-02-17,21,0,لا,نعم,تم تأجيل الموعد السابق بطلب من المريض بسبب السفر,0
APT-2026-000398,نورة المري,2187077884,0594043530,31,أنثى,العيون,2026-02-23,2026-04-09,45,1,لا,نعم,أُرسل تذكير بالموعد قبل يومين عبر الرسائل النصية,0
APT-2026-000399,نورة التميمي,1744196898,0597722324,5,أنثى,الجلدية,2026-01-18,2026-01-20,2,0,نعم,نعم,رقم الحجز المرجعي 1266048121 صادر من بوابة المواعيد,0
APT-2026-000400,سامي الزامل,1365333887,0553665463,12,ذكر,الجلدية,2026-07-10,2026-08-09,30,1,نعم,نعم,رقم الحجز المرجعي 1438005116 صادر من بوابة المواعيد,0
APT-2026-000401,ليان باوزير,1179513518,0540923704,15,أنثى,الجلدية,2026-05-21,2026-05-23,2,0,نعم,لا,حضر المريض قبل الموعد بربع ساعة وأنهى إجراءات التسجيل,0
APT-2026-000402,روان الشهراني,1313456780,0598831704,67,أنثى,العظام,2026-02-13,2026-02-14,1,1,نعم,نعم,حضر المريض قبل الموعد بربع ساعة وأنهى إجراءات التسجيل,0
APT-2026-000403,ليان الكثيري,1510635426,0559820995,53,أنثى,الجلدية,2026-08-30,2026-09-29,30,1,لا,نعم,يحتاج المريض إلى تحاليل دم قبل زيارة الطبيب القادمة,0
APT-2026-000404,ناصر العيسى,1305963157,0535719844,6,ذكر,الأطفال,2026-02-13,2026-02-14,1,0,نعم,نعم,يرافق المريض تركي العجمي وهو المسؤول عن متابعة الحالة,0
APT-2026-000405,هاني المري,1696481736,0567049618,24,ذكر,العظام,2026-02-08,2026-03-01,21,0,نعم,لا,يرافق المريض تركي الجبرين وهو المسؤول عن متابعة الحالة,0
APT-2026-000406,سلمى النعيمي,1593554171,0508659580,30,أنثى,الجلدية,2026-05-22,2026-05-24,2,0,لا,نعم,يحتاج المريض إلى تحاليل دم قبل زيارة الطبيب القادمة,0
APT-2026-000407,إبراهيم العيسى,1105446916,0555552518,50,ذكر,العيون,2026-07-21,2026-07-21,0,0,نعم,لا,تم تأجيل الموعد السابق بطلب من المريض بسبب السفر,0
APT-2026-000408,منى الأنصاري,2372229670,0544905083,53,أنثى,الأطفال,2026-03-23,2026-04-22,30,0,لا,نعم,يحتاج المريض إلى تحاليل دم قبل زيارة الطبيب القادمة,0
APT-2026-000409,معاذ التميمي,1435532427,0558755653,85,ذكر,الأسنان,2026-07-21,2026-07-23,2,0,نعم,لا,المريض يفضّل المواعيد الصباحية في بداية الأسبوع,0
APT-2026-000410,سلمان الخثعمي,1241984069,0546762713,45,ذكر,العيون,2026-01-31,2026-02-05,5,0,نعم,لا,حضر المريض قبل الموعد بربع ساعة وأنهى إجراءات التسجيل,0
APT-2026-000411,يوسف البيشي,1566504245,0506988692,66,ذكر,الجلدية,2026-08-17,2026-08-27,10,1,لا,لا,رقم الإحالة 1052097833 من المركز الصحي التابع للحي,1
APT-2026-000412,هالة البيشي,2623453749,0500298374,46,أنثى,الأسنان,2026-08-16,2026-09-06,21,1,نعم,نعم,رقم الحجز المرجعي 1503419432 صادر من بوابة المواعيد,1
APT-2026-000413,أسامة البيشي,1585884909,0594128795,39,ذكر,الأسنان,2026-04-20,2026-05-20,30,1,نعم,نعم,يرافق المريض نواف الصقير وهو المسؤول عن متابعة الحالة,0
APT-2026-000414,أسماء العيسى,1268014683,0599602698,69,أنثى,الجلدية,2026-06-06,2026-06-07,1,1,لا,نعم,أُرسل تذكير بالموعد قبل يومين عبر الرسائل النصية,0
APT-2026-000415,فيصل النعيمي,1660511567,0543811914,61,ذكر,العظام,2026-08-28,2026-09-07,10,0,لا,نعم,تم التحقق من إقامة المرافق رقم 2952505564 عند الاستقبال,0
APT-2026-000416,حمد الجبرين,1830775456,0536831112,30,ذكر,العيون,2026-04-03,2026-04-10,7,0,لا,نعم,تم تأجيل الموعد السابق بطلب من المريض بسبب السفر,0
APT-2026-000417,يوسف العيسى,1898256852,0559658372,2,ذكر,العظام,2026-06-05,2026-06-15,10,2,لا,لا,رقم الحجز المرجعي 1004820963 صادر من بوابة المواعيد,0
APT-2026-000418,عبدالعزيز السديري,2664760028,0591930291,85,ذكر,الأطفال,2026-04-26,2026-05-10,14,3,نعم,نعم,تم التحقق من إقامة المرافق رقم 2502938364 عند الاستقبال,0
APT-2026-000419,حصة التميمي,1150879532,0503145363,35,أنثى,الأسنان,2026-02-01,2026-02-08,7,1,لا,لا,تم التحقق من إقامة المرافق رقم 2980708446 عند الاستقبال,0
APT-2026-000420,قصي المري,1999221227,0596990541,77,ذكر,العيون,2026-05-26,2026-05-31,5,0,نعم,نعم,طلب المريض التواصل معه على الرقم 0592796260 لتأكيد الموعد,0
APT-2026-000421,فيصل النعيمي,1518081631,0544295466,3,ذكر,الجلدية,2026-05-02,2026-05-04,2,3,لا,نعم,رقم الإحالة 1747402023 من المركز الصحي التابع للحي,0
APT-2026-000422,روان الخثعمي,1169928460,0541023257,49,أنثى,الباطنية,2026-04-04,2026-05-19,45,1,لا,نعم,تم التحقق من إقامة المرافق رقم 2422149696 عند الاستقبال,1
APT-2026-000423,هاني الهاجري,1451619405,0509334368,81,ذكر,الباطنية,2026-07-31,2026-07-31,0,3,لا,نعم,أُرسل تذكير بالموعد قبل يومين عبر الرسائل النصية,1
APT-2026-000424,فاطمة السديري,1703908150,0551540107,22,أنثى,الأطفال,2026-01-30,2026-02-04,5,0,لا,لا,تم تأجيل الموعد السابق بطلب من المريض بسبب السفر,1
APT-2026-000425,سامي المري,2265501425,0595315670,1,ذكر,الأسنان,2026-07-06,2026-08-20,45,0,نعم,لا,رقم الإحالة 1439326050 من المركز الصحي التابع للحي,0
APT-2026-000426,سامي المري,1257262327,0531216881,52,ذكر,الأسنان,2026-06-27,2026-07-18,21,3,لا,نعم,طلب المريض التواصل معه على الرقم 0503071654 لتأكيد الموعد,1
APT-2026-000427,جاسم السديري,1524947635,0553966490,57,ذكر,العيون,2026-03-09,2026-03-16,7,0,نعم,نعم,تم تأجيل الموعد السابق بطلب من المريض بسبب السفر,0
APT-2026-000428,يوسف الزامل,1646139061,0598942518,41,ذكر,العيون,2026-05-21,2026-06-04,14,0,نعم,لا,تم تأجيل الموعد السابق بطلب من المريض بسبب السفر,0
APT-2026-000429,حصة المري,1065389544,0550972387,13,أنثى,الباطنية,2026-06-01,2026-07-16,45,3,لا,نعم,تم التحقق من إقامة المرافق رقم 2559652660 عند الاستقبال,1
APT-2026-000430,سامي الصقير,2508997133,0563300448,70,ذكر,الجلدية,2026-07-10,2026-08-09,30,0,لا,نعم,تم التحقق من إقامة المرافق رقم 2363333200 عند الاستقبال,0
APT-2026-000431,خلود الجبرين,2769489234,0542545465,80,أنثى,الأطفال,2026-08-13,2026-08-13,0,1,لا,نعم,يرافق المريض تركي النعيمي وهو المسؤول عن متابعة الحالة,0
APT-2026-000432,هالة الشهراني,1043222759,0547162076,30,أنثى,العيون,2026-05-20,2026-05-25,5,0,لا,نعم,تم تأجيل الموعد السابق بطلب من المريض بسبب السفر,1
APT-2026-000433,نورة النعيمي,1090635473,0559277927,46,أنثى,الأطفال,2026-03-24,2026-03-31,7,0,نعم,نعم,رقم الإحالة 1325916686 من المركز الصحي التابع للحي,1
APT-2026-000434,حصة العيسى,1321338780,0566316906,82,أنثى,الباطنية,2026-07-15,2026-07-22,7,1,نعم,لا,يرافق المريض خلود الصقير وهو المسؤول عن متابعة الحالة,0
APT-2026-000435,أسماء الشهراني,1397884964,0549257612,61,أنثى,الباطنية,2026-03-13,2026-03-16,3,0,لا,نعم,حضر المريض قبل الموعد بربع ساعة وأنهى إجراءات التسجيل,0
APT-2026-000436,نورة الزامل,1555682275,0566312520,21,أنثى,الأطفال,2026-04-25,2026-06-09,45,2,لا,نعم,يحتاج المريض إلى تحاليل دم قبل زيارة الطبيب القادمة,0
APT-2026-000437,قصي العيسى,1393221633,0538532446,44,ذكر,الباطنية,2026-06-02,2026-06-07,5,3,نعم,لا,تم تأجيل الموعد السابق بطلب من المريض بسبب السفر,0
APT-2026-000438,عبدالرحمن المري,1298902972,0556865333,73,ذكر,الباطنية,2026-07-02,2026-07-03,1,1,لا,نعم,المريض يفضّل المواعيد الصباحية في بداية الأسبوع,0
APT-2026-000439,أمل العيسى,2927210019,0597739334,58,أنثى,الجلدية,2026-02-05,2026-02-06,1,0,نعم,نعم,المريض يفضّل المواعيد الصباحية في بداية الأسبوع,0
APT-2026-000440,عبدالرحمن الزامل,2092956727,0566155856,62,ذكر,الأطفال,2026-01-17,2026-02-07,21,3,نعم,نعم,أُرسل تذكير بالموعد قبل يومين عبر الرسائل النصية,1
APT-2026-000441,عبدالرحمن الصقير,1987393517,0538640101,6,ذكر,الأسنان,2026-07-05,2026-08-04,30,2,نعم,نعم,أُرسل تذكير بالموعد قبل يومين عبر الرسائل النصية,0
APT-2026-000442,دلال العجمي,1175805553,0556726189,53,أنثى,الباطنية,2026-08-05,2026-08-08,3,0,نعم,نعم,طلب المريض التواصل معه على الرقم 0541905299 لتأكيد الموعد,0
APT-2026-000443,خلود السديري,2973579168,0549554553,73,أنثى,الأطفال,2026-04-18,2026-04-19,1,1,نعم,لا,تم التحقق من إقامة المرافق رقم 2621397377 عند الاستقبال,0
APT-2026-000444,سلمان الخثعمي,1018553808,0539461147,5,ذكر,العظام,2026-07-29,2026-09-12,45,0,نعم,نعم,رقم الإحالة 1445748733 من المركز الصحي التابع للحي,0
APT-2026-000445,هاني الشهراني,1002354858,0598350381,4,ذكر,الأسنان,2026-03-28,2026-05-12,45,0,نعم,نعم,أُرسل تذكير بالموعد قبل يومين عبر الرسائل النصية,0
APT-2026-000446,فاطمة الجبرين,2962538738,0549604290,70,أنثى,الجلدية,2026-05-25,2026-06-04,10,3,لا,نعم,يحتاج المريض إلى تحاليل دم قبل زيارة الطبيب القادمة,0
APT-2026-000447,أمل العجمي,1168192167,0554123137,30,أنثى,العيون,2026-05-24,2026-05-26,2,3,نعم,نعم,يرافق المريض روان التميمي وهو المسؤول عن متابعة الحالة,0
APT-2026-000448,دلال الأنصاري,1277695266,0504168323,63,أنثى,الجلدية,2026-04-06,2026-04-09,3,0,لا,نعم,تم التحقق من إقامة المرافق رقم 2466356348 عند الاستقبال,0
APT-2026-000449,فاطمة النعيمي,1071163503,0532757165,42,أنثى,الجلدية,2026-03-21,2026-03-28,7,0,نعم,نعم,يحتاج المريض إلى تحاليل دم قبل زيارة الطبيب القادمة,0
APT-2026-000450,يوسف الشهراني,1434923726,0535486754,67,ذكر,الباطنية,2026-08-12,2026-08-17,5,0,نعم,نعم,تم تأجيل الموعد السابق بطلب من المريض بسبب السفر,0
APT-2026-000451,ناصر باوزير,1542806789,0550222058,59,ذكر,الأسنان,2026-03-29,2026-04-01,3,0,نعم,نعم,أُرسل تذكير بالموعد قبل يومين عبر الرسائل النصية,0
APT-2026-000452,منى العيسى,1437953860,0549061181,40,أنثى,الجلدية,2026-03-31,2026-04-01,1,3,لا,نعم,تم تأجيل الموعد السابق بطلب من المريض بسبب السفر,1
APT-2026-000453,منى السديري,1144200431,0538247509,48,أنثى,العيون,2026-04-10,2026-04-13,3,0,لا,لا,المريض يفضّل المواعيد الصباحية في بداية الأسبوع,0
APT-2026-000454,نواف العجمي,1200531901,0532064629,14,ذكر,الجلدية,2026-07-06,2026-07-06,0,2,لا,نعم,حضر المريض قبل الموعد بربع ساعة وأنهى إجراءات التسجيل,0
APT-2026-000455,إبراهيم العجمي,1503984807,0532637931,46,ذكر,الجلدية,2026-05-12,2026-05-22,10,1,نعم,نعم,طلب المريض التواصل معه على الرقم 0597492504 لتأكيد الموعد,1
APT-2026-000456,نواف الأنصاري,1350369979,0594495220,78,ذكر,الجلدية,2026-05-31,2026-06-21,21,2,نعم,نعم,أُرسل تذكير بالموعد قبل يومين عبر الرسائل النصية,0
APT-2026-000457,أمل التميمي,1512791144,0591276798,28,أنثى,العيون,2026-07-02,2026-07-05,3,0,لا,نعم,يرافق المريض حمد البيشي وهو المسؤول عن متابعة الحالة,0
APT-2026-000458,أسامة السديري,1956868895,0551460004,73,ذكر,الأطفال,2026-03-07,2026-04-21,45,0,لا,نعم,يحتاج المريض إلى تحاليل دم قبل زيارة الطبيب القادمة,0
APT-2026-000459,ابتسام العجمي,1526103112,0539933310,71,أنثى,الباطنية,2026-08-01,2026-08-22,21,0,نعم,لا,رقم الحجز المرجعي 1309218376 صادر من بوابة المواعيد,1
APT-2026-000460,هاني الكثيري,1369859218,0596949014,1,ذكر,الأسنان,2026-05-17,2026-05-17,0,2,نعم,نعم,حضر المريض قبل الموعد بربع ساعة وأنهى إجراءات التسجيل,0
APT-2026-000461,ليان الكثيري,2902814801,0533679331,21,أنثى,الباطنية,2026-08-28,2026-08-29,1,2,لا,نعم,حضر المريض قبل الموعد بربع ساعة وأنهى إجراءات التسجيل,1
APT-2026-000462,دلال الأنصاري,1250107842,0554376061,38,أنثى,العيون,2026-06-08,2026-06-13,5,0,لا,نعم,رقم الإحالة 1386488539 من المركز الصحي التابع للحي,0
APT-2026-000463,فاطمة التميمي,1950206852,0569272444,67,أنثى,الباطنية,2026-04-17,2026-04-20,3,0,نعم,نعم,المريض يفضّل المواعيد الصباحية في بداية الأسبوع,0
APT-2026-000464,أسماء الشهراني,1183054087,0594394209,46,أنثى,الأطفال,2026-04-14,2026-04-24,10,1,لا,نعم,طلب المريض التواصل معه على الرقم 0591200873 لتأكيد الموعد,0
APT-2026-000465,ابتسام الخثعمي,1187661598,0559067372,41,أنثى,الأسنان,2026-04-30,2026-05-03,3,1,نعم,لا,يحتاج المريض إلى تحاليل دم قبل زيارة الطبيب القادمة,0
APT-2026-000466,إبراهيم الأنصاري,1045755640,0502051124,26,ذكر,الأطفال,2026-01-12,2026-02-02,21,0,نعم,نعم,رقم الحجز المرجعي 1184845582 صادر من بوابة المواعيد,0
APT-2026-000467,فاطمة الأنصاري,1277894620,0500280948,29,أنثى,الباطنية,2026-05-22,2026-05-27,5,1,لا,لا,يرافق المريض مشاعل البيشي وهو المسؤول عن متابعة الحالة,0
APT-2026-000468,سلمى الأنصاري,1146163207,0534844986,4,أنثى,العيون,2026-08-07,2026-08-14,7,1,نعم,نعم,رقم الحجز المرجعي 1049889007 صادر من بوابة المواعيد,0
APT-2026-000469,عبير باوزير,1629216399,0561342802,34,أنثى,العيون,2026-06-20,2026-07-20,30,1,لا,نعم,المريض يفضّل المواعيد الصباحية في بداية الأسبوع,0
APT-2026-000470,عبدالعزيز النعيمي,1441591516,0533416083,44,ذكر,الأسنان,2026-01-18,2026-01-20,2,0,نعم,نعم,طلب المريض التواصل معه على الرقم 0556874837 لتأكيد الموعد,0
APT-2026-000471,جاسم المري,2098447580,0535561511,58,ذكر,الأطفال,2026-04-14,2026-04-17,3,1,لا,نعم,حضر المريض قبل الموعد بربع ساعة وأنهى إجراءات التسجيل,0
APT-2026-000472,أسماء المري,1868340538,0504509800,66,أنثى,الباطنية,2026-02-25,2026-02-26,1,0,نعم,نعم,رقم الإحالة 1760432925 من المركز الصحي التابع للحي,0
APT-2026-000473,ليان المري,2110215700,0568334481,18,أنثى,الأطفال,2026-04-06,2026-04-09,3,1,نعم,لا,يحتاج المريض إلى تحاليل دم قبل زيارة الطبيب القادمة,0
APT-2026-000474,ابتسام العجمي,1280960608,0559252398,22,أنثى,الأطفال,2026-01-14,2026-02-13,30,0,نعم,نعم,رقم الحجز المرجعي 1215334663 صادر من بوابة المواعيد,0
APT-2026-000475,إبراهيم السديري,1810100741,0568133758,67,ذكر,الباطنية,2026-04-24,2026-04-27,3,3,نعم,نعم,رقم الإحالة 1872023402 من المركز الصحي التابع للحي,0
APT-2026-000476,عبدالرحمن الصقير,1184941399,0590502877,75,ذكر,الباطنية,2026-05-23,2026-05-26,3,1,نعم,نعم,رقم الحجز المرجعي 1352216830 صادر من بوابة المواعيد,0
APT-2026-000477,مشاعل الصقير,1430530012,0539975531,3,أنثى,الأسنان,2026-04-23,2026-04-25,2,1,نعم,لا,رقم الحجز المرجعي 1097624934 صادر من بوابة المواعيد,0
APT-2026-000478,عبير الأنصاري,2241771076,0539539431,13,أنثى,الجلدية,2026-01-09,2026-02-23,45,0,لا,نعم,رقم الإحالة 1923449077 من المركز الصحي التابع للحي,1
APT-2026-000479,يوسف الزامل,1440164299,0566380323,8,ذكر,الباطنية,2026-04-14,2026-04-17,3,2,لا,نعم,المريض يفضّل المواعيد الصباحية في بداية الأسبوع,0
APT-2026-000480,روان الهاجري,1845705506,0504033866,11,أنثى,الجلدية,2026-02-16,2026-02-19,3,0,نعم,نعم,يرافق المريض مشاعل النعيمي وهو المسؤول عن متابعة الحالة,1
APT-2026-000481,سامي الخثعمي,2393294224,0554996725,19,ذكر,العظام,2026-03-24,2026-03-25,1,0,نعم,نعم,حضر المريض قبل الموعد بربع ساعة وأنهى إجراءات التسجيل,0
APT-2026-000482,منى الجبرين,1809129735,0598008441,28,أنثى,الأطفال,2026-06-27,2026-06-29,2,0,لا,نعم,تم التحقق من إقامة المرافق رقم 2118073036 عند الاستقبال,0
APT-2026-000483,هاني الشهراني,1000079168,0569946718,18,ذكر,الأطفال,2026-07-13,2026-08-27,45,0,لا,نعم,تم تأجيل الموعد السابق بطلب من المريض بسبب السفر,1
APT-2026-000484,أمل الكثيري,1207458835,0540586456,9,أنثى,العيون,2026-06-16,2026-06-30,14,1,نعم,نعم,يحتاج المريض إلى تحاليل دم قبل زيارة الطبيب القادمة,0
APT-2026-000485,نواف المري,1941095141,0508010264,60,ذكر,العظام,2026-05-16,2026-06-15,30,0,لا,لا,رقم الحجز المرجعي 1693966655 صادر من بوابة المواعيد,0
APT-2026-000486,أمل الزامل,1922708654,0566632123,54,أنثى,الباطنية,2026-04-01,2026-04-04,3,2,نعم,نعم,حضر المريض قبل الموعد بربع ساعة وأنهى إجراءات التسجيل,0
APT-2026-000487,سلمان باوزير,1729182277,0566445862,63,ذكر,العيون,2026-04-27,2026-04-28,1,1,لا,لا,يرافق المريض أسماء البيشي وهو المسؤول عن متابعة الحالة,0
APT-2026-000488,حصة التميمي,1355031137,0505877875,8,أنثى,العيون,2026-04-05,2026-04-08,3,2,نعم,لا,حضر المريض قبل الموعد بربع ساعة وأنهى إجراءات التسجيل,0
APT-2026-000489,تركي البيشي,1040179770,0508699999,39,ذكر,الجلدية,2026-04-22,2026-04-27,5,3,لا,نعم,طلب المريض التواصل معه على الرقم 0592917565 لتأكيد الموعد,1
APT-2026-000490,ابتسام العيسى,1162032617,0567484531,56,أنثى,الأسنان,2026-08-03,2026-08-08,5,0,نعم,نعم,رقم الإحالة 1937939842 من المركز الصحي التابع للحي,0
APT-2026-000491,مشاعل الأنصاري,2440159503,0539263531,40,أنثى,الجلدية,2026-02-16,2026-04-02,45,2,لا,نعم,أُرسل تذكير بالموعد قبل يومين عبر الرسائل النصية,1
APT-2026-000492,ليان الجبرين,1328053986,0532841681,19,أنثى,الجلدية,2026-01-13,2026-01-13,0,1,لا,نعم,يحتاج المريض إلى تحاليل دم قبل زيارة الطبيب القادمة,0
APT-2026-000493,فاطمة الشهراني,1238551988,0590094661,72,أنثى,العظام,2026-01-22,2026-02-21,30,0,نعم,نعم,تم التحقق من إقامة المرافق رقم 2299739082 عند الاستقبال,0
APT-2026-000494,عبدالرحمن الهاجري,1646572782,0505801819,58,ذكر,الجلدية,2026-04-17,2026-04-17,0,0,نعم,نعم,رقم الإحالة 1275494354 من المركز الصحي التابع للحي,0
APT-2026-000495,هاني النعيمي,2789907686,0541693234,60,ذكر,الأسنان,2026-01-14,2026-01-19,5,2,لا,لا,يحتاج المريض إلى تحاليل دم قبل زيارة الطبيب القادمة,1
APT-2026-000496,سلمى الأنصاري,1555764404,0505933176,34,أنثى,الأسنان,2026-03-30,2026-04-06,7,1,لا,لا,حضر المريض قبل الموعد بربع ساعة وأنهى إجراءات التسجيل,0
APT-2026-000497,نواف العجمي,1175013760,0505265666,54,ذكر,الأطفال,2026-06-29,2026-07-04,5,2,لا,نعم,رقم الإحالة 1931717616 من المركز الصحي التابع للحي,1
APT-2026-000498,يوسف الشهراني,1718580119,0553621844,39,ذكر,الجلدية,2026-03-09,2026-03-12,3,2,نعم,لا,تم التحقق من إقامة المرافق رقم 2157009180 عند الاستقبال,0
APT-2026-000499,فاطمة الجبرين,1738151768,0559798007,53,أنثى,الباطنية,2026-01-14,2026-01-24,10,3,نعم,نعم,يرافق المريض سلمى الصقير وهو المسؤول عن متابعة الحالة,0
APT-2026-000500,أسامة الكثيري,2653337705,0542947980,24,ذكر,العظام,2026-06-28,2026-06-28,0,1,لا,نعم,تم تأجيل الموعد السابق بطلب من المريض بسبب السفر,0
APT-2026-000501,منى المري,1562566990,0592710698,49,أنثى,الباطنية,2026-02-25,2026-03-11,14,0,لا,لا,يرافق المريض نواف باوزير وهو المسؤول عن متابعة الحالة,0
APT-2026-000502,يوسف الصقير,1529590315,0544489661,18,ذكر,الجلدية,2026-01-16,2026-01-30,14,3,لا,لا,رقم الحجز المرجعي 1422457901 صادر من بوابة المواعيد,0
APT-2026-000503,ابتسام الأنصاري,1788493516,0567653590,33,أنثى,العظام,2026-04-13,2026-04-18,5,0,نعم,لا,رقم الإحالة 1174942285 من المركز الصحي التابع للحي,0
APT-2026-000504,قصي الكثيري,2175490750,0506240012,61,ذكر,الأطفال,2026-03-11,2026-04-10,30,3,لا,نعم,طلب المريض التواصل معه على الرقم 0545122385 لتأكيد الموعد,0
APT-2026-000505,ناصر البيشي,1624895791,0535052851,31,ذكر,الباطنية,2026-08-31,2026-09-30,30,0,لا,نعم,تم التحقق من إقامة المرافق رقم 2223077138 عند الاستقبال,0
APT-2026-000506,حمد السديري,1559286164,0505554457,72,ذكر,الأسنان,2026-02-02,2026-02-09,7,3,نعم,نعم,يحتاج المريض إلى تحاليل دم قبل زيارة الطبيب القادمة,0
APT-2026-000507,ناصر العجمي,1260505761,0554828632,21,ذكر,الأطفال,2026-05-28,2026-05-28,0,1,نعم,نعم,أُرسل تذكير بالموعد قبل يومين عبر الرسائل النصية,0
APT-2026-000508,حصة الكثيري,1891168237,0561232782,75,أنثى,العظام,2026-08-12,2026-08-26,14,3,نعم,نعم,طلب المريض التواصل معه على الرقم 0561293265 لتأكيد الموعد,0
APT-2026-000509,هاني الأنصاري,1637623198,0590100893,82,ذكر,الباطنية,2026-07-04,2026-08-03,30,1,نعم,لا,رقم الحجز المرجعي 1647556354 صادر من بوابة المواعيد,0
APT-2026-000510,منى الزامل,1125566180,0561260581,59,أنثى,الجلدية,2026-05-06,2026-05-11,5,2,نعم,نعم,تم التحقق من إقامة المرافق رقم 2383422348 عند الاستقبال,0
APT-2026-000511,سلمى الشهراني,2787647540,0549023004,77,أنثى,العيون,2026-04-03,2026-04-17,14,0,نعم,نعم,يرافق المريض سلمى التميمي وهو المسؤول عن متابعة الحالة,0
APT-2026-000512,ناصر الخثعمي,2398405940,0546847686,82,ذكر,العظام,2026-07-17,2026-08-07,21,1,نعم,نعم,المريض يفضّل المواعيد الصباحية في بداية الأسبوع,0
APT-2026-000513,ليان الخثعمي,1166320174,0503190524,22,أنثى,العيون,2026-04-03,2026-04-13,10,0,نعم,نعم,رقم الحجز المرجعي 1245923048 صادر من بوابة المواعيد,0
APT-2026-000514,تركي الهاجري,2971631045,0592277295,73,ذكر,الأطفال,2026-04-06,2026-04-09,3,1,نعم,نعم,تم التحقق من إقامة المرافق رقم 2243338726 عند الاستقبال,0
APT-2026-000515,أسماء باوزير,2176629604,0597211704,76,أنثى,الباطنية,2026-03-13,2026-03-27,14,0,نعم,لا,يرافق المريض ابتسام النعيمي وهو المسؤول عن متابعة الحالة,0
APT-2026-000516,مشاعل البيشي,2010985691,0544390042,49,أنثى,العظام,2026-08-03,2026-08-17,14,0,لا,نعم,حضر المريض قبل الموعد بربع ساعة وأنهى إجراءات التسجيل,0
APT-2026-000517,عبير النعيمي,1634358574,0555139592,23,أنثى,الباطنية,2026-04-12,2026-05-12,30,0,نعم,نعم,المريض يفضّل المواعيد الصباحية في بداية الأسبوع,0
APT-2026-000518,جواهر الزامل,1128744362,0502150554,67,أنثى,الباطنية,2026-02-05,2026-02-08,3,0,نعم,نعم,تم التحقق من إقامة المرافق رقم 2242517999 عند الاستقبال,0
APT-2026-000519,فيصل الصقير,1747095998,0532259909,84,ذكر,العيون,2026-08-16,2026-08-30,14,3,لا,نعم,تم التحقق من إقامة المرافق رقم 2318236490 عند الاستقبال,1
APT-2026-000520,سامي التميمي,1972742926,0562624611,71,ذكر,العيون,2026-03-22,2026-04-01,10,0,نعم,نعم,رقم الحجز المرجعي 1408512067 صادر من بوابة المواعيد,0
APT-2026-000521,ليان البيشي,2183020896,0595622517,71,أنثى,العظام,2026-08-06,2026-08-09,3,1,لا,لا,طلب المريض التواصل معه على الرقم 0558597345 لتأكيد الموعد,1
APT-2026-000522,هاني التميمي,1457877783,0507368271,47,ذكر,الباطنية,2026-07-11,2026-07-13,2,0,لا,لا,حضر المريض قبل الموعد بربع ساعة وأنهى إجراءات التسجيل,0
APT-2026-000523,أسامة الخثعمي,1607953518,0505095028,15,ذكر,الباطنية,2026-01-15,2026-02-05,21,0,لا,نعم,يرافق المريض هالة الأنصاري وهو المسؤول عن متابعة الحالة,1
APT-2026-000524,هاني التميمي,1970916464,0594518361,10,ذكر,العظام,2026-04-16,2026-05-07,21,1,نعم,نعم,أُرسل تذكير بالموعد قبل يومين عبر الرسائل النصية,0
APT-2026-000525,معاذ البيشي,2015650852,0552918451,47,ذكر,العيون,2026-03-23,2026-03-24,1,3,لا,نعم,المريض يفضّل المواعيد الصباحية في بداية الأسبوع,1
APT-2026-000526,أسامة الصقير,1181722206,0556956165,46,ذكر,العيون,2026-03-29,2026-04-05,7,0,نعم,نعم,تم التحقق من إقامة المرافق رقم 2173797206 عند الاستقبال,0
APT-2026-000527,نورة الهاجري,1499504932,0552622852,56,أنثى,العيون,2026-05-03,2026-05-04,1,0,نعم,لا,رقم الحجز المرجعي 1246439648 صادر من بوابة المواعيد,0
APT-2026-000528,أمل الكثيري,1122133661,0502317529,45,أنثى,الأطفال,2026-08-30,2026-09-20,21,0,لا,نعم,رقم الإحالة 1930223961 من المركز الصحي التابع للحي,0
APT-2026-000529,عبير النعيمي,2491947103,0546722258,3,أنثى,الأسنان,2026-01-18,2026-03-04,45,1,نعم,نعم,المريض يفضّل المواعيد الصباحية في بداية الأسبوع,0
APT-2026-000530,عبدالعزيز الكثيري,1867644815,0547804450,21,ذكر,الباطنية,2026-08-13,2026-08-14,1,0,نعم,نعم,رقم الإحالة 1466526010 من المركز الصحي التابع للحي,0
APT-2026-000531,إبراهيم الجبرين,2846212344,0598343592,11,ذكر,الأطفال,2026-07-27,2026-09-10,45,0,لا,نعم,تم التحقق من إقامة المرافق رقم 2243396245 عند الاستقبال,0
APT-2026-000532,فيصل الكثيري,1323139715,0543378557,14,ذكر,الأسنان,2026-05-10,2026-06-24,45,0,نعم,نعم,رقم الإحالة 1347010778 من المركز الصحي التابع للحي,0
APT-2026-000533,يوسف باوزير,2634233080,0541944833,42,ذكر,الجلدية,2026-08-19,2026-09-18,30,0,لا,لا,يرافق المريض سامي العيسى وهو المسؤول عن متابعة الحالة,1
APT-2026-000534,نواف الخثعمي,1822154157,0500921029,54,ذكر,العيون,2026-03-22,2026-03-23,1,0,نعم,نعم,حضر المريض قبل الموعد بربع ساعة وأنهى إجراءات التسجيل,0
APT-2026-000535,خلود الشهراني,1676578907,0555892488,40,أنثى,الأطفال,2026-04-05,2026-04-19,14,0,نعم,نعم,يحتاج المريض إلى تحاليل دم قبل زيارة الطبيب القادمة,0
APT-2026-000536,سلمى الخثعمي,1446269159,0599130539,11,أنثى,العيون,2026-06-04,2026-06-04,0,0,نعم,نعم,رقم الحجز المرجعي 1366514006 صادر من بوابة المواعيد,0
APT-2026-000537,ناصر الصقير,1874753229,0569362958,38,ذكر,الباطنية,2026-06-06,2026-06-07,1,2,نعم,نعم,تم التحقق من إقامة المرافق رقم 2025979879 عند الاستقبال,0
APT-2026-000538,جاسم العجمي,1503866095,0544623475,9,ذكر,الباطنية,2026-05-25,2026-05-25,0,1,لا,نعم,يحتاج المريض إلى تحاليل دم قبل زيارة الطبيب القادمة,0
APT-2026-000539,سامي الخثعمي,1228766570,0536780151,38,ذكر,الأسنان,2026-03-02,2026-03-12,10,0,نعم,نعم,حضر المريض قبل الموعد بربع ساعة وأنهى إجراءات التسجيل,0
APT-2026-000540,دلال الخثعمي,1144877550,0502717424,4,أنثى,الجلدية,2026-06-18,2026-06-21,3,1,لا,نعم,تم التحقق من إقامة المرافق رقم 2952187231 عند الاستقبال,0
APT-2026-000541,ابتسام الشهراني,1700562182,0595088850,52,أنثى,الأطفال,2026-04-26,2026-06-10,45,0,لا,نعم,رقم الحجز المرجعي 1047274475 صادر من بوابة المواعيد,0
APT-2026-000542,نواف العيسى,1348175579,0544400272,50,ذكر,الباطنية,2026-07-14,2026-07-16,2,0,نعم,لا,رقم الحجز المرجعي 1803646866 صادر من بوابة المواعيد,0
APT-2026-000543,مشاعل الزامل,2520725728,0501403159,37,أنثى,الجلدية,2026-05-18,2026-05-28,10,0,لا,نعم,أُرسل تذكير بالموعد قبل يومين عبر الرسائل النصية,0
APT-2026-000544,هاني الشهراني,1452409814,0505445198,22,ذكر,الأسنان,2026-03-10,2026-04-24,45,1,لا,نعم,أُرسل تذكير بالموعد قبل يومين عبر الرسائل النصية,1
APT-2026-000545,سلمان الجبرين,1648510715,0558429854,39,ذكر,العيون,2026-05-27,2026-05-30,3,0,نعم,لا,أُرسل تذكير بالموعد قبل يومين عبر الرسائل النصية,0
APT-2026-000546,حصة الخثعمي,1022421497,0543778089,13,أنثى,الأسنان,2026-02-04,2026-02-25,21,2,نعم,لا,يرافق المريض سامي الشهراني وهو المسؤول عن متابعة الحالة,0
APT-2026-000547,جواهر الصقير,1928090990,0554215599,67,أنثى,الأطفال,2026-02-14,2026-02-17,3,0,لا,نعم,أُرسل تذكير بالموعد قبل يومين عبر الرسائل النصية,0
APT-2026-000548,سامي النعيمي,1172942730,0509308066,40,ذكر,الباطنية,2026-01-14,2026-01-24,10,3,نعم,نعم,طلب المريض التواصل معه على الرقم 0509900852 لتأكيد الموعد,0
APT-2026-000549,قصي باوزير,1678128354,0531095935,54,ذكر,الأطفال,2026-03-07,2026-03-21,14,1,لا,نعم,رقم الإحالة 1242768506 من المركز الصحي التابع للحي,0
APT-2026-000550,خلود العجمي,1442220941,0508410595,73,أنثى,الجلدية,2026-02-09,2026-03-26,45,1,نعم,نعم,رقم الحجز المرجعي 1458321427 صادر من بوابة المواعيد,0
APT-2026-000551,ابتسام النعيمي,1693641936,0508867270,36,أنثى,الأطفال,2026-06-21,2026-07-21,30,0,نعم,نعم,تم تأجيل الموعد السابق بطلب من المريض بسبب السفر,0
APT-2026-000552,أسماء الزامل,1747574349,0557915260,57,أنثى,العظام,2026-08-12,2026-08-12,0,0,لا,نعم,تم تأجيل الموعد السابق بطلب من المريض بسبب السفر,0
APT-2026-000553,ليان النعيمي,1416651477,0508312199,23,أنثى,الأطفال,2026-01-06,2026-01-08,2,1,نعم,نعم,يحتاج المريض إلى تحاليل دم قبل زيارة الطبيب القادمة,0
APT-2026-000554,فيصل العيسى,1664665161,0530725158,80,ذكر,الأطفال,2026-01-17,2026-01-31,14,0,نعم,نعم,تم التحقق من إقامة المرافق رقم 2337600981 عند الاستقبال,0
APT-2026-000555,تركي الكثيري,1229132624,0539916082,8,ذكر,الجلدية,2026-04-05,2026-04-05,0,0,نعم,لا,يحتاج المريض إلى تحاليل دم قبل زيارة الطبيب القادمة,0
APT-2026-000556,عبدالعزيز الكثيري,2730228620,0592129242,26,ذكر,الجلدية,2026-01-08,2026-01-11,3,2,نعم,نعم,تم التحقق من إقامة المرافق رقم 2352440164 عند الاستقبال,0
APT-2026-000557,قصي الزامل,2142544473,0597628956,52,ذكر,العظام,2026-06-25,2026-06-26,1,2,نعم,نعم,تم تأجيل الموعد السابق بطلب من المريض بسبب السفر,0
APT-2026-000558,عبدالعزيز الجبرين,1260645633,0558896432,30,ذكر,الجلدية,2026-05-31,2026-06-14,14,0,نعم,لا,يرافق المريض تركي النعيمي وهو المسؤول عن متابعة الحالة,0
APT-2026-000559,عبدالعزيز باوزير,1128516091,0552160803,5,ذكر,العظام,2026-03-01,2026-03-11,10,0,نعم,لا,تم تأجيل الموعد السابق بطلب من المريض بسبب السفر,0
APT-2026-000560,عبدالرحمن الكثيري,1742487653,0501794476,24,ذكر,الباطنية,2026-03-11,2026-03-16,5,3,نعم,نعم,المريض يفضّل المواعيد الصباحية في بداية الأسبوع,0
APT-2026-000561,فاطمة المري,1857995144,0592302682,25,أنثى,الباطنية,2026-08-23,2026-09-13,21,1,لا,نعم,تم التحقق من إقامة المرافق رقم 2259442347 عند الاستقبال,0
APT-2026-000562,يوسف المري,1728848035,0562237222,75,ذكر,الباطنية,2026-01-26,2026-01-27,1,3,نعم,نعم,طلب المريض التواصل معه على الرقم 0554464423 لتأكيد الموعد,0
APT-2026-000563,أمل العجمي,1615562871,0547276855,78,أنثى,الباطنية,2026-04-02,2026-04-12,10,0,نعم,نعم,تم التحقق من إقامة المرافق رقم 2212270991 عند الاستقبال,0
APT-2026-000564,سلمى التميمي,2220638940,0556711776,74,أنثى,الأطفال,2026-05-29,2026-06-03,5,1,لا,نعم,رقم الحجز المرجعي 1663773016 صادر من بوابة المواعيد,0
APT-2026-000565,مشاعل التميمي,2260412040,0505989521,80,أنثى,العيون,2026-01-04,2026-01-07,3,0,لا,نعم,حضر المريض قبل الموعد بربع ساعة وأنهى إجراءات التسجيل,1
APT-2026-000566,هالة الهاجري,1402528036,0599766425,23,أنثى,العظام,2026-07-28,2026-07-28,0,0,نعم,نعم,رقم الحجز المرجعي 1532374145 صادر من بوابة المواعيد,0
APT-2026-000567,حصة الهاجري,1548155389,0562947551,31,أنثى,الأسنان,2026-05-28,2026-06-11,14,2,نعم,نعم,يحتاج المريض إلى تحاليل دم قبل زيارة الطبيب القادمة,0
APT-2026-000568,مشاعل الشهراني,1536917923,0598219512,4,أنثى,الباطنية,2026-07-13,2026-08-03,21,0,نعم,نعم,تم تأجيل الموعد السابق بطلب من المريض بسبب السفر,0
APT-2026-000569,فاطمة العيسى,1906811664,0597412461,37,أنثى,الأسنان,2026-08-29,2026-09-03,5,0,نعم,لا,تم تأجيل الموعد السابق بطلب من المريض بسبب السفر,0
APT-2026-000570,عبدالعزيز الشهراني,1647817343,0509398651,11,ذكر,العظام,2026-03-24,2026-04-03,10,0,لا,نعم,حضر المريض قبل الموعد بربع ساعة وأنهى إجراءات التسجيل,0
APT-2026-000571,يوسف السديري,1504160134,0531396903,26,ذكر,العيون,2026-02-02,2026-02-02,0,0,نعم,نعم,تم التحقق من إقامة المرافق رقم 2744504990 عند الاستقبال,0
APT-2026-000572,أسماء العيسى,2553893831,0594445830,65,أنثى,العظام,2026-04-10,2026-04-11,1,2,لا,نعم,يرافق المريض حمد الهاجري وهو المسؤول عن متابعة الحالة,0
APT-2026-000573,إبراهيم الزامل,1295459133,0535649698,32,ذكر,الأسنان,2026-02-14,2026-03-07,21,0,نعم,نعم,تم التحقق من إقامة المرافق رقم 2023348317 عند الاستقبال,0
APT-2026-000574,أسامة المري,2374076186,0508701998,5,ذكر,الأطفال,2026-05-14,2026-05-28,14,2,نعم,نعم,رقم الإحالة 1062170914 من المركز الصحي التابع للحي,1
APT-2026-000575,نورة الصقير,1211303589,0553327807,47,أنثى,الجلدية,2026-03-16,2026-03-26,10,2,نعم,نعم,تم تأجيل الموعد السابق بطلب من المريض بسبب السفر,0
APT-2026-000576,ابتسام المري,1875589002,0561785321,47,أنثى,الجلدية,2026-01-29,2026-02-05,7,0,نعم,نعم,رقم الحجز المرجعي 1424432621 صادر من بوابة المواعيد,0
APT-2026-000577,فاطمة الزامل,1992772390,0556554800,47,أنثى,الجلدية,2026-07-01,2026-07-08,7,2,لا,نعم,أُرسل تذكير بالموعد قبل يومين عبر الرسائل النصية,0
APT-2026-000578,دلال الكثيري,2389122660,0593080627,71,أنثى,العيون,2026-06-21,2026-07-01,10,0,نعم,لا,تم تأجيل الموعد السابق بطلب من المريض بسبب السفر,0
APT-2026-000579,سامي المري,1655971057,0542784981,47,ذكر,العظام,2026-01-20,2026-03-06,45,0,لا,لا,أُرسل تذكير بالموعد قبل يومين عبر الرسائل النصية,0
APT-2026-000580,عبير النعيمي,1444689978,0599339047,80,أنثى,الأطفال,2026-04-01,2026-04-15,14,1,نعم,نعم,يرافق المريض هالة الهاجري وهو المسؤول عن متابعة الحالة,0
APT-2026-000581,يوسف الصقير,1363615301,0543387610,56,ذكر,الجلدية,2026-06-14,2026-06-24,10,1,لا,نعم,رقم الحجز المرجعي 1616539985 صادر من بوابة المواعيد,1
APT-2026-000582,عبدالعزيز الجبرين,1943131464,0536535863,20,ذكر,العظام,2026-03-22,2026-03-27,5,1,نعم,نعم,تم تأجيل الموعد السابق بطلب من المريض بسبب السفر,0
APT-2026-000583,منى الكثيري,1207228824,0546387436,77,أنثى,الجلدية,2026-07-13,2026-07-15,2,0,لا,لا,رقم الحجز المرجعي 1334522958 صادر من بوابة المواعيد,0
APT-2026-000584,دلال الجبرين,1263226928,0590426556,30,أنثى,الأسنان,2026-06-20,2026-06-21,1,1,لا,نعم,رقم الحجز المرجعي 1094701511 صادر من بوابة المواعيد,0
APT-2026-000585,تركي التميمي,1846922092,0599026439,6,ذكر,الباطنية,2026-08-11,2026-09-25,45,1,نعم,نعم,المريض يفضّل المواعيد الصباحية في بداية الأسبوع,1
APT-2026-000586,سلمان المري,1685994129,0546079297,13,ذكر,الأطفال,2026-05-19,2026-05-20,1,0,نعم,نعم,المريض يفضّل المواعيد الصباحية في بداية الأسبوع,1
APT-2026-000587,جواهر العيسى,1656281985,0502979972,85,أنثى,الأطفال,2026-05-08,2026-05-13,5,0,نعم,نعم,رقم الحجز المرجعي 1268830252 صادر من بوابة المواعيد,0
APT-2026-000588,قصي الأنصاري,1828094357,0538629067,31,ذكر,العيون,2026-05-28,2026-07-12,45,0,نعم,نعم,يحتاج المريض إلى تحاليل دم قبل زيارة الطبيب القادمة,0
APT-2026-000589,نواف النعيمي,1093735544,0591764514,5,ذكر,العيون,2026-06-22,2026-06-25,3,0,نعم,نعم,رقم الإحالة 1278191415 من المركز الصحي التابع للحي,0
APT-2026-000590,حصة الخثعمي,1234737789,0555817785,19,أنثى,العيون,2026-07-06,2026-07-13,7,0,نعم,نعم,تم التحقق من إقامة المرافق رقم 2888974595 عند الاستقبال,0
APT-2026-000591,حمد الخثعمي,2526520297,0597869513,25,ذكر,الأسنان,2026-06-04,2026-06-25,21,2,نعم,نعم,تم تأجيل الموعد السابق بطلب من المريض بسبب السفر,1
APT-2026-000592,ناصر العجمي,2999115237,0503782853,21,ذكر,العيون,2026-01-16,2026-02-06,21,2,لا,لا,المريض يفضّل المواعيد الصباحية في بداية الأسبوع,1
APT-2026-000593,سلمان المري,1388227892,0539831534,14,ذكر,الأسنان,2026-06-30,2026-07-30,30,2,نعم,لا,أُرسل تذكير بالموعد قبل يومين عبر الرسائل النصية,0
APT-2026-000594,دلال المري,1044664454,0507963710,14,أنثى,الجلدية,2026-05-11,2026-05-25,14,3,نعم,نعم,طلب المريض التواصل معه على الرقم 0591356843 لتأكيد الموعد,0
APT-2026-000595,حصة النعيمي,1368164214,0540448315,4,أنثى,الأطفال,2026-06-30,2026-07-10,10,0,لا,نعم,المريض يفضّل المواعيد الصباحية في بداية الأسبوع,0
APT-2026-000596,فيصل الجبرين,1654987351,0546088396,76,ذكر,الباطنية,2026-07-08,2026-07-18,10,1,نعم,نعم,حضر المريض قبل الموعد بربع ساعة وأنهى إجراءات التسجيل,0
APT-2026-000597,مشاعل المري,1955549835,0532055353,38,أنثى,العيون,2026-03-26,2026-04-16,21,0,نعم,لا,طلب المريض التواصل معه على الرقم 0556733918 لتأكيد الموعد,0
APT-2026-000598,ناصر المري,1541256259,0545059831,10,ذكر,العيون,2026-02-02,2026-02-23,21,3,لا,نعم,رقم الحجز المرجعي 1765993173 صادر من بوابة المواعيد,0
APT-2026-000599,ليان الهاجري,1118507027,0503879920,82,أنثى,الباطنية,2026-02-20,2026-02-22,2,3,لا,نعم,حضر المريض قبل الموعد بربع ساعة وأنهى إجراءات التسجيل,0
APT-2026-000600,ناصر العجمي,1136749957,0598507391,83,ذكر,العظام,2026-05-30,2026-06-04,5,0,نعم,نعم,رقم الإحالة 1400010378 من المركز الصحي التابع للحي,0
APT-2026-000601,عبدالرحمن باوزير,1444631277,0545141019,43,ذكر,الباطنية,2026-08-10,2026-08-12,2,1,لا,نعم,حضر المريض قبل الموعد بربع ساعة وأنهى إجراءات التسجيل,1
APT-2026-000602,سلمان الأنصاري,1743779728,0564464454,30,ذكر,الأسنان,2026-03-17,2026-03-17,0,2,لا,لا,تم التحقق من إقامة المرافق رقم 2659921320 عند الاستقبال,0
APT-2026-000603,قصي السديري,1274812351,0508876229,8,ذكر,الأسنان,2026-07-26,2026-07-29,3,2,لا,نعم,المريض يفضّل المواعيد الصباحية في بداية الأسبوع,0
APT-2026-000604,أمل السديري,1437031964,0534170796,32,أنثى,العيون,2026-06-27,2026-06-30,3,0,نعم,نعم,رقم الإحالة 1362417731 من المركز الصحي التابع للحي,0
APT-2026-000605,سلمى الخثعمي,1298549088,0542549992,41,أنثى,العظام,2026-03-08,2026-03-11,3,0,لا,لا,طلب المريض التواصل معه على الرقم 0548273695 لتأكيد الموعد,0
APT-2026-000606,عبدالعزيز الكثيري,1866007790,0533374514,45,ذكر,الأسنان,2026-06-21,2026-07-21,30,1,لا,نعم,طلب المريض التواصل معه على الرقم 0547935923 لتأكيد الموعد,0
APT-2026-000607,حصة السديري,2020071789,0531058457,8,أنثى,الباطنية,2026-06-03,2026-07-03,30,0,لا,لا,يرافق المريض معاذ التميمي وهو المسؤول عن متابعة الحالة,1
APT-2026-000608,سلمى الصقير,1693632729,0552528187,4,أنثى,الأسنان,2026-03-09,2026-03-11,2,2,نعم,نعم,تم التحقق من إقامة المرافق رقم 2914037185 عند الاستقبال,0
APT-2026-000609,فاطمة المري,1467244388,0554271237,44,أنثى,الجلدية,2026-02-05,2026-02-08,3,0,لا,نعم,رقم الحجز المرجعي 1322669183 صادر من بوابة المواعيد,0
APT-2026-000610,هاني العجمي,1466745906,0538187271,4,ذكر,الأسنان,2026-03-19,2026-04-09,21,0,نعم,نعم,أُرسل تذكير بالموعد قبل يومين عبر الرسائل النصية,0
APT-2026-000611,نواف الهاجري,2780848186,0536457568,39,ذكر,الجلدية,2026-01-08,2026-01-11,3,1,لا,لا,المريض يفضّل المواعيد الصباحية في بداية الأسبوع,1
APT-2026-000612,إبراهيم السديري,1537779611,0547564147,11,ذكر,الأطفال,2026-08-27,2026-09-01,5,0,لا,نعم,تم التحقق من إقامة المرافق رقم 2271325447 عند الاستقبال,0
APT-2026-000613,جواهر العيسى,1759214859,0595239797,24,أنثى,الأسنان,2026-01-31,2026-02-05,5,2,نعم,نعم,رقم الإحالة 1602929202 من المركز الصحي التابع للحي,0
APT-2026-000614,فاطمة الهاجري,1724158470,0593202902,66,أنثى,الباطنية,2026-05-29,2026-06-19,21,1,لا,لا,طلب المريض التواصل معه على الرقم 0549174280 لتأكيد الموعد,0
APT-2026-000615,جاسم الهاجري,1616991764,0596058262,17,ذكر,الأطفال,2026-03-05,2026-03-10,5,3,نعم,نعم,رقم الحجز المرجعي 1623090659 صادر من بوابة المواعيد,0
APT-2026-000616,عبدالعزيز الهاجري,1698476593,0595780716,82,ذكر,الأسنان,2026-07-03,2026-07-04,1,3,نعم,لا,أُرسل تذكير بالموعد قبل يومين عبر الرسائل النصية,0
APT-2026-000617,هاني الزامل,1487480830,0506969177,69,ذكر,العيون,2026-05-16,2026-06-30,45,3,لا,نعم,المريض يفضّل المواعيد الصباحية في بداية الأسبوع,0
APT-2026-000618,عبدالعزيز الخثعمي,1189076324,0507999907,73,ذكر,الباطنية,2026-03-24,2026-05-08,45,0,نعم,نعم,تم تأجيل الموعد السابق بطلب من المريض بسبب السفر,0
APT-2026-000619,أسامة العيسى,1379938911,0534767559,15,ذكر,الباطنية,2026-03-02,2026-03-23,21,0,نعم,لا,تم تأجيل الموعد السابق بطلب من المريض بسبب السفر,0
APT-2026-000620,خلود السديري,1994625042,0593046098,7,أنثى,الجلدية,2026-08-07,2026-08-17,10,1,نعم,نعم,أُرسل تذكير بالموعد قبل يومين عبر الرسائل النصية,0
APT-2026-000621,هالة العيسى,1520247428,0551930725,58,أنثى,الأسنان,2026-05-03,2026-05-08,5,2,لا,نعم,أُرسل تذكير بالموعد قبل يومين عبر الرسائل النصية,0
APT-2026-000622,سلمى العجمي,1030543993,0540162160,20,أنثى,الأسنان,2026-08-22,2026-09-05,14,0,نعم,نعم,تم التحقق من إقامة المرافق رقم 2223137791 عند الاستقبال,0
APT-2026-000623,أمل النعيمي,1774004368,0557736994,66,أنثى,العظام,2026-05-18,2026-05-19,1,1,لا,لا,طلب المريض التواصل معه على الرقم 0502580897 لتأكيد الموعد,0
APT-2026-000624,أسماء العجمي,2394026674,0531669614,4,أنثى,الجلدية,2026-08-13,2026-09-03,21,0,نعم,نعم,طلب المريض التواصل معه على الرقم 0533650804 لتأكيد الموعد,0
APT-2026-000625,أمل الجبرين,1788411575,0539733933,61,أنثى,العيون,2026-03-18,2026-05-02,45,0,نعم,نعم,رقم الحجز المرجعي 1327170666 صادر من بوابة المواعيد,1
APT-2026-000626,هاني الأنصاري,1237755697,0566371249,84,ذكر,الجلدية,2026-04-24,2026-04-29,5,0,لا,نعم,رقم الإحالة 1829830894 من المركز الصحي التابع للحي,0
APT-2026-000627,سامي السديري,1508141460,0555301399,5,ذكر,الباطنية,2026-07-18,2026-08-17,30,0,لا,لا,حضر المريض قبل الموعد بربع ساعة وأنهى إجراءات التسجيل,0
APT-2026-000628,حصة النعيمي,1891146001,0556754716,55,أنثى,الجلدية,2026-05-07,2026-05-14,7,0,نعم,لا,المريض يفضّل المواعيد الصباحية في بداية الأسبوع,0
APT-2026-000629,سلمى الأنصاري,1665242960,0550285927,77,أنثى,الجلدية,2026-03-19,2026-03-26,7,0,نعم,لا,حضر المريض قبل الموعد بربع ساعة وأنهى إجراءات التسجيل,0
APT-2026-000630,أسامة النعيمي,1299859023,0531754959,17,ذكر,العيون,2026-06-15,2026-07-30,45,1,نعم,نعم,يحتاج المريض إلى تحاليل دم قبل زيارة الطبيب القادمة,0
APT-2026-000631,نورة الكثيري,2390538201,0506733253,42,أنثى,العيون,2026-07-18,2026-07-25,7,1,لا,لا,رقم الإحالة 1567657516 من المركز الصحي التابع للحي,0
APT-2026-000632,منى الخثعمي,1102190251,0547004516,19,أنثى,الأسنان,2026-06-23,2026-07-07,14,2,لا,نعم,تم تأجيل الموعد السابق بطلب من المريض بسبب السفر,0
APT-2026-000633,سامي الشهراني,1485480600,0547173926,12,ذكر,العظام,2026-06-04,2026-06-09,5,1,نعم,نعم,رقم الإحالة 1663642949 من المركز الصحي التابع للحي,1
APT-2026-000634,معاذ الهاجري,1800262436,0544552612,37,ذكر,الأسنان,2026-07-31,2026-08-02,2,0,نعم,نعم,يحتاج المريض إلى تحاليل دم قبل زيارة الطبيب القادمة,0
APT-2026-000635,هالة الجبرين,1187569304,0504721923,18,أنثى,الجلدية,2026-07-29,2026-08-08,10,1,نعم,نعم,تم التحقق من إقامة المرافق رقم 2943220083 عند الاستقبال,0
APT-2026-000636,ليان البيشي,1791459744,0560860706,34,أنثى,الأسنان,2026-04-17,2026-04-27,10,1,لا,نعم,طلب المريض التواصل معه على الرقم 0566925391 لتأكيد الموعد,1
APT-2026-000637,سامي البيشي,1148329079,0566092466,1,ذكر,الباطنية,2026-08-24,2026-09-23,30,0,لا,لا,المريض يفضّل المواعيد الصباحية في بداية الأسبوع,0
APT-2026-000638,منى العيسى,1295235715,0545341365,57,أنثى,العظام,2026-02-19,2026-04-05,45,0,نعم,نعم,رقم الإحالة 1611783667 من المركز الصحي التابع للحي,0
APT-2026-000639,عبدالعزيز السديري,2949664219,0540274030,80,ذكر,الأطفال,2026-05-14,2026-06-13,30,0,نعم,نعم,حضر المريض قبل الموعد بربع ساعة وأنهى إجراءات التسجيل,0
APT-2026-000640,عبدالعزيز البيشي,2379487008,0547494488,64,ذكر,الباطنية,2026-02-23,2026-03-25,30,2,نعم,نعم,حضر المريض قبل الموعد بربع ساعة وأنهى إجراءات التسجيل,0
APT-2026-000641,هالة الخثعمي,1623898010,0554328887,74,أنثى,الأسنان,2026-06-17,2026-07-01,14,0,نعم,لا,تم التحقق من إقامة المرافق رقم 2737132874 عند الاستقبال,0
APT-2026-000642,عبير الكثيري,2940890268,0552095093,2,أنثى,العيون,2026-07-05,2026-08-04,30,1,نعم,نعم,طلب المريض التواصل معه على الرقم 0547720146 لتأكيد الموعد,0
APT-2026-000643,أسامة الخثعمي,1161225998,0541417578,25,ذكر,الجلدية,2026-05-10,2026-05-13,3,0,نعم,نعم,رقم الإحالة 1680032796 من المركز الصحي التابع للحي,0
APT-2026-000644,عبير الأنصاري,1179114358,0596940981,45,أنثى,العظام,2026-04-02,2026-04-09,7,0,نعم,لا,أُرسل تذكير بالموعد قبل يومين عبر الرسائل النصية,0
APT-2026-000645,سلمان التميمي,1779260932,0547456294,55,ذكر,الجلدية,2026-02-14,2026-02-16,2,1,نعم,لا,رقم الإحالة 1555714448 من المركز الصحي التابع للحي,0
APT-2026-000646,خلود الكثيري,1291115119,0549244541,44,أنثى,الأطفال,2026-04-01,2026-05-16,45,0,لا,لا,رقم الإحالة 1357318107 من المركز الصحي التابع للحي,1
APT-2026-000647,روان التميمي,1289481119,0550003142,18,أنثى,الأسنان,2026-03-01,2026-03-08,7,0,لا,نعم,طلب المريض التواصل معه على الرقم 0561765305 لتأكيد الموعد,0
APT-2026-000648,هالة السديري,1694853605,0543470580,61,أنثى,العيون,2026-05-22,2026-07-06,45,0,نعم,نعم,تم تأجيل الموعد السابق بطلب من المريض بسبب السفر,0
APT-2026-000649,حمد البيشي,1978110664,0568292773,25,ذكر,الأطفال,2026-08-09,2026-08-11,2,0,نعم,لا,طلب المريض التواصل معه على الرقم 0566725671 لتأكيد الموعد,0
APT-2026-000650,أسماء المري,1673781645,0539026800,27,أنثى,العظام,2026-06-01,2026-07-16,45,1,لا,لا,تم التحقق من إقامة المرافق رقم 2123465078 عند الاستقبال,1
APT-2026-000651,عبدالرحمن التميمي,1287433260,0509212691,78,ذكر,الجلدية,2026-02-12,2026-02-13,1,1,نعم,نعم,أُرسل تذكير بالموعد قبل يومين عبر الرسائل النصية,0
APT-2026-000652,سلمى الكثيري,1942545946,0504068310,28,أنثى,الجلدية,2026-03-14,2026-04-04,21,1,نعم,نعم,يحتاج المريض إلى تحاليل دم قبل زيارة الطبيب القادمة,1
APT-2026-000653,فاطمة البيشي,1275506739,0530366553,38,أنثى,العظام,2026-06-01,2026-06-11,10,0,نعم,نعم,تم تأجيل الموعد السابق بطلب من المريض بسبب السفر,0
APT-2026-000654,عبدالرحمن العيسى,1991168053,0501139936,24,ذكر,الباطنية,2026-03-13,2026-03-13,0,0,لا,نعم,يحتاج المريض إلى تحاليل دم قبل زيارة الطبيب القادمة,0
APT-2026-000655,حصة الأنصاري,1886736147,0506726711,48,أنثى,العيون,2026-01-17,2026-01-20,3,0,نعم,لا,رقم الحجز المرجعي 1443894686 صادر من بوابة المواعيد,0
APT-2026-000656,روان الشهراني,1389271279,0541906930,5,أنثى,العظام,2026-03-01,2026-03-01,0,1,نعم,لا,حضر المريض قبل الموعد بربع ساعة وأنهى إجراءات التسجيل,0
APT-2026-000657,سلمى الصقير,1411132564,0554357032,66,أنثى,الأسنان,2026-06-30,2026-07-10,10,0,نعم,نعم,تم التحقق من إقامة المرافق رقم 2554996302 عند الاستقبال,0
APT-2026-000658,معاذ الخثعمي,1891078238,0546205313,38,ذكر,الأسنان,2026-01-15,2026-01-29,14,0,نعم,لا,حضر المريض قبل الموعد بربع ساعة وأنهى إجراءات التسجيل,1
APT-2026-000659,فاطمة النعيمي,1459457626,0502230521,35,أنثى,الأسنان,2026-06-26,2026-08-10,45,0,لا,لا,رقم الحجز المرجعي 1267290953 صادر من بوابة المواعيد,1
APT-2026-000660,قصي الهاجري,1867346320,0565841352,69,ذكر,الأسنان,2026-02-18,2026-04-04,45,1,لا,نعم,رقم الإحالة 1756514199 من المركز الصحي التابع للحي,1
APT-2026-000661,يوسف الكثيري,2508187131,0555393686,80,ذكر,الأسنان,2026-08-28,2026-09-11,14,0,نعم,نعم,أُرسل تذكير بالموعد قبل يومين عبر الرسائل النصية,0
APT-2026-000662,عبدالعزيز الصقير,1156632570,0566357386,3,ذكر,الجلدية,2026-06-06,2026-06-07,1,1,نعم,نعم,المريض يفضّل المواعيد الصباحية في بداية الأسبوع,0
APT-2026-000663,روان العجمي,1852845583,0597078696,42,أنثى,الباطنية,2026-06-20,2026-06-21,1,0,لا,نعم,المريض يفضّل المواعيد الصباحية في بداية الأسبوع,0
APT-2026-000664,دلال الهاجري,1869993301,0549786762,44,أنثى,الجلدية,2026-06-14,2026-06-21,7,3,نعم,لا,رقم الإحالة 1243963828 من المركز الصحي التابع للحي,1
APT-2026-000665,روان الصقير,1989305790,0505699312,52,أنثى,الجلدية,2026-07-22,2026-07-29,7,0,نعم,نعم,حضر المريض قبل الموعد بربع ساعة وأنهى إجراءات التسجيل,0
APT-2026-000666,فاطمة الصقير,2684307487,0533841165,6,أنثى,الأسنان,2026-01-27,2026-01-30,3,3,لا,لا,تم تأجيل الموعد السابق بطلب من المريض بسبب السفر,1
APT-2026-000667,سلمان العجمي,1733955676,0543572237,39,ذكر,الباطنية,2026-01-25,2026-01-25,0,3,لا,نعم,رقم الإحالة 1989025325 من المركز الصحي التابع للحي,1
APT-2026-000668,مشاعل النعيمي,1730766308,0561789897,5,أنثى,الأطفال,2026-01-19,2026-02-09,21,1,نعم,لا,المريض يفضّل المواعيد الصباحية في بداية الأسبوع,0
APT-2026-000669,فيصل العيسى,2857586156,0546864824,47,ذكر,العظام,2026-01-26,2026-01-28,2,0,نعم,نعم,تم تأجيل الموعد السابق بطلب من المريض بسبب السفر,0
APT-2026-000670,نواف الأنصاري,1802446862,0538000286,70,ذكر,العيون,2026-05-13,2026-05-15,2,0,نعم,نعم,رقم الحجز المرجعي 1281595239 صادر من بوابة المواعيد,0
APT-2026-000671,هاني الشهراني,1354086363,0506892454,27,ذكر,الجلدية,2026-08-29,2026-09-03,5,0,لا,نعم,رقم الإحالة 1487065634 من المركز الصحي التابع للحي,1
APT-2026-000672,ناصر الصقير,1759175258,0502924414,56,ذكر,الأطفال,2026-06-17,2026-06-18,1,3,لا,نعم,تم تأجيل الموعد السابق بطلب من المريض بسبب السفر,0
APT-2026-000673,إبراهيم الشهراني,1999839820,0593241827,84,ذكر,الأسنان,2026-05-03,2026-05-17,14,1,نعم,لا,يرافق المريض معاذ الصقير وهو المسؤول عن متابعة الحالة,0
APT-2026-000674,دلال المري,1775494436,0543446188,57,أنثى,الجلدية,2026-06-04,2026-07-04,30,0,لا,نعم,أُرسل تذكير بالموعد قبل يومين عبر الرسائل النصية,1
APT-2026-000675,أسماء الصقير,1498588597,0550586070,63,أنثى,الأطفال,2026-04-24,2026-04-26,2,0,نعم,نعم,تم التحقق من إقامة المرافق رقم 2430427191 عند الاستقبال,0
APT-2026-000676,عبدالعزيز السديري,1648575759,0593250198,64,ذكر,الأطفال,2026-01-25,2026-01-25,0,3,نعم,نعم,حضر المريض قبل الموعد بربع ساعة وأنهى إجراءات التسجيل,0
APT-2026-000677,فاطمة المري,1365574738,0555535417,37,أنثى,الجلدية,2026-01-13,2026-01-23,10,0,لا,نعم,طلب المريض التواصل معه على الرقم 0540024250 لتأكيد الموعد,0
APT-2026-000678,ناصر التميمي,2934757937,0568907043,76,ذكر,العظام,2026-07-29,2026-08-05,7,3,نعم,نعم,تم التحقق من إقامة المرافق رقم 2621048558 عند الاستقبال,0
APT-2026-000679,دلال الجبرين,1627698861,0597529401,84,أنثى,الجلدية,2026-01-26,2026-02-02,7,3,نعم,لا,رقم الحجز المرجعي 1616119457 صادر من بوابة المواعيد,0
APT-2026-000680,ليان الأنصاري,1499067393,0544961545,10,أنثى,العظام,2026-05-06,2026-05-13,7,1,نعم,نعم,يرافق المريض نورة البيشي وهو المسؤول عن متابعة الحالة,0
APT-2026-000681,قصي الأنصاري,1959616382,0596021962,28,ذكر,الجلدية,2026-06-04,2026-06-05,1,2,لا,نعم,تم تأجيل الموعد السابق بطلب من المريض بسبب السفر,0
APT-2026-000682,يوسف الخثعمي,2968160230,0595210208,42,ذكر,الأطفال,2026-08-04,2026-08-11,7,1,لا,نعم,رقم الحجز المرجعي 1215068527 صادر من بوابة المواعيد,0
APT-2026-000683,إبراهيم الهاجري,1330643493,0562876614,4,ذكر,العيون,2026-02-27,2026-03-01,2,0,لا,لا,تم التحقق من إقامة المرافق رقم 2606753370 عند الاستقبال,0
APT-2026-000684,أسامة العجمي,1836586006,0545326864,40,ذكر,العظام,2026-07-27,2026-07-29,2,1,نعم,لا,يرافق المريض هالة المري وهو المسؤول عن متابعة الحالة,0
APT-2026-000685,ناصر المري,1362193185,0542447962,35,ذكر,الأسنان,2026-04-27,2026-04-30,3,0,لا,نعم,المريض يفضّل المواعيد الصباحية في بداية الأسبوع,0
APT-2026-000686,منى العيسى,1489623742,0531997823,63,أنثى,الأطفال,2026-02-22,2026-02-24,2,1,نعم,نعم,المريض يفضّل المواعيد الصباحية في بداية الأسبوع,0
APT-2026-000687,هاني التميمي,1249784818,0549292402,8,ذكر,الأطفال,2026-01-20,2026-01-27,7,1,نعم,لا,أُرسل تذكير بالموعد قبل يومين عبر الرسائل النصية,0
APT-2026-000688,يوسف الأنصاري,1698698568,0531185655,10,ذكر,العظام,2026-01-27,2026-02-03,7,3,لا,لا,رقم الحجز المرجعي 1722751375 صادر من بوابة المواعيد,0
APT-2026-000689,هاني الزامل,1728380310,0590737524,45,ذكر,العيون,2026-05-06,2026-06-20,45,1,لا,لا,رقم الحجز المرجعي 1931938045 صادر من بوابة المواعيد,0
APT-2026-000690,ليان الزامل,1307959609,0557938412,23,أنثى,الأطفال,2026-02-12,2026-02-14,2,0,نعم,نعم,المريض يفضّل المواعيد الصباحية في بداية الأسبوع,0
APT-2026-000691,هالة العيسى,1233813219,0598319822,16,أنثى,العظام,2026-02-18,2026-04-04,45,0,لا,نعم,المريض يفضّل المواعيد الصباحية في بداية الأسبوع,0
APT-2026-000692,جواهر الهاجري,1644020198,0592037330,50,أنثى,الأطفال,2026-03-20,2026-03-22,2,3,نعم,لا,تم التحقق من إقامة المرافق رقم 2480428628 عند الاستقبال,0
APT-2026-000693,معاذ الخثعمي,1660271451,0550658109,46,ذكر,الأسنان,2026-05-29,2026-06-08,10,0,لا,نعم,يحتاج المريض إلى تحاليل دم قبل زيارة الطبيب القادمة,0
APT-2026-000694,تركي الجبرين,1393324288,0596883439,2,ذكر,العيون,2026-01-25,2026-01-25,0,0,لا,نعم,أُرسل تذكير بالموعد قبل يومين عبر الرسائل النصية,0
APT-2026-000695,هاني المري,1352686289,0591199714,23,ذكر,العظام,2026-02-22,2026-03-24,30,0,لا,نعم,حضر المريض قبل الموعد بربع ساعة وأنهى إجراءات التسجيل,1
APT-2026-000696,سلمان السديري,1559962087,0550249014,10,ذكر,العيون,2026-08-16,2026-08-18,2,2,نعم,لا,تم التحقق من إقامة المرافق رقم 2235959422 عند الاستقبال,1
APT-2026-000697,حمد الكثيري,1512227537,0534530387,50,ذكر,العيون,2026-02-08,2026-02-10,2,0,لا,نعم,يرافق المريض ليان الأنصاري وهو المسؤول عن متابعة الحالة,0
APT-2026-000698,دلال التميمي,1041884741,0500202852,14,أنثى,الأطفال,2026-06-08,2026-06-18,10,0,نعم,نعم,أُرسل تذكير بالموعد قبل يومين عبر الرسائل النصية,0
APT-2026-000699,قصي البيشي,1955800345,0503787472,47,ذكر,الأسنان,2026-02-19,2026-02-20,1,0,نعم,نعم,تم التحقق من إقامة المرافق رقم 2539282729 عند الاستقبال,0
APT-2026-000700,عبدالعزيز الهاجري,1814304539,0595887626,10,ذكر,العظام,2026-03-06,2026-03-20,14,0,لا,نعم,تم تأجيل الموعد السابق بطلب من المريض بسبب السفر,0
APT-2026-000701,أسماء باوزير,2776523249,0596186772,65,أنثى,الأسنان,2026-07-25,2026-08-08,14,3,نعم,نعم,طلب المريض التواصل معه على الرقم 0595940238 لتأكيد الموعد,0
APT-2026-000702,فاطمة البيشي,1963572902,0537651362,33,أنثى,الأطفال,2026-04-26,2026-05-26,30,0,نعم,لا,حضر المريض قبل الموعد بربع ساعة وأنهى إجراءات التسجيل,0
APT-2026-000703,مشاعل باوزير,1472739794,0568803369,83,أنثى,العيون,2026-01-29,2026-01-29,0,0,نعم,نعم,تم التحقق من إقامة المرافق رقم 2091936662 عند الاستقبال,0
APT-2026-000704,تركي الأنصاري,1626518987,0563068762,71,ذكر,الأسنان,2026-02-03,2026-02-10,7,0,نعم,نعم,أُرسل تذكير بالموعد قبل يومين عبر الرسائل النصية,0
APT-2026-000705,ليان الأنصاري,1454942952,0533712428,8,أنثى,الأسنان,2026-05-23,2026-06-02,10,1,نعم,لا,يحتاج المريض إلى تحاليل دم قبل زيارة الطبيب القادمة,1
APT-2026-000706,دلال الخثعمي,1142339223,0562559029,64,أنثى,الجلدية,2026-05-17,2026-05-27,10,0,نعم,نعم,تم التحقق من إقامة المرافق رقم 2550186650 عند الاستقبال,0
APT-2026-000707,نواف باوزير,1532784095,0554875347,53,ذكر,العيون,2026-07-14,2026-07-15,1,2,نعم,لا,أُرسل تذكير بالموعد قبل يومين عبر الرسائل النصية,0
APT-2026-000708,ناصر النعيمي,1465522314,0597074822,22,ذكر,الجلدية,2026-04-17,2026-04-18,1,3,نعم,لا,يرافق المريض هاني الكثيري وهو المسؤول عن متابعة الحالة,1
APT-2026-000709,سلمى الشهراني,1748214762,0552161525,30,أنثى,الجلدية,2026-03-24,2026-03-31,7,0,نعم,نعم,تم تأجيل الموعد السابق بطلب من المريض بسبب السفر,0
APT-2026-000710,سامي التميمي,1686574714,0566818008,50,ذكر,الجلدية,2026-07-03,2026-07-13,10,0,نعم,نعم,يحتاج المريض إلى تحاليل دم قبل زيارة الطبيب القادمة,0
APT-2026-000711,أسماء الصقير,1843412121,0537117172,38,أنثى,الباطنية,2026-08-01,2026-08-03,2,0,نعم,نعم,رقم الإحالة 1282717732 من المركز الصحي التابع للحي,0
APT-2026-000712,هالة السديري,1508457239,0594645114,46,أنثى,العيون,2026-02-21,2026-04-07,45,0,نعم,نعم,حضر المريض قبل الموعد بربع ساعة وأنهى إجراءات التسجيل,0
APT-2026-000713,ابتسام الشهراني,1116727700,0530497227,9,أنثى,الباطنية,2026-03-27,2026-03-27,0,1,نعم,نعم,يحتاج المريض إلى تحاليل دم قبل زيارة الطبيب القادمة,0
APT-2026-000714,معاذ باوزير,1191181831,0544388574,31,ذكر,العيون,2026-07-29,2026-08-28,30,0,لا,لا,تم تأجيل الموعد السابق بطلب من المريض بسبب السفر,0
APT-2026-000715,هالة الكثيري,1572469532,0557289225,76,أنثى,العيون,2026-01-22,2026-01-27,5,0,لا,لا,يرافق المريض منى باوزير وهو المسؤول عن متابعة الحالة,0
APT-2026-000716,إبراهيم الصقير,1408268751,0593924033,50,ذكر,الباطنية,2026-06-16,2026-06-26,10,0,نعم,لا,المريض يفضّل المواعيد الصباحية في بداية الأسبوع,0
APT-2026-000717,دلال الأنصاري,2499508691,0502891874,84,أنثى,الأسنان,2026-02-08,2026-03-25,45,0,نعم,نعم,أُرسل تذكير بالموعد قبل يومين عبر الرسائل النصية,0
APT-2026-000718,هالة العجمي,1411812462,0535349628,1,أنثى,الأسنان,2026-08-16,2026-09-30,45,3,نعم,نعم,طلب المريض التواصل معه على الرقم 0554703015 لتأكيد الموعد,1
APT-2026-000719,نورة التميمي,1701969501,0541834289,23,أنثى,الأطفال,2026-03-18,2026-03-18,0,0,نعم,نعم,المريض يفضّل المواعيد الصباحية في بداية الأسبوع,0
APT-2026-000720,عبدالعزيز باوزير,1825183542,0599280522,51,ذكر,الأطفال,2026-04-01,2026-04-06,5,1,لا,لا,طلب المريض التواصل معه على الرقم 0538658736 لتأكيد الموعد,0
APT-2026-000721,يوسف العيسى,1495618876,0598813782,43,ذكر,الجلدية,2026-03-17,2026-05-01,45,2,نعم,نعم,تم تأجيل الموعد السابق بطلب من المريض بسبب السفر,0
APT-2026-000722,ليان التميمي,1625406960,0532999370,85,أنثى,الجلدية,2026-07-25,2026-09-08,45,2,نعم,نعم,يرافق المريض سلمى باوزير وهو المسؤول عن متابعة الحالة,0
APT-2026-000723,نواف الخثعمي,1220607988,0596815793,55,ذكر,الجلدية,2026-05-05,2026-06-04,30,0,نعم,نعم,تم التحقق من إقامة المرافق رقم 2370361251 عند الاستقبال,0
APT-2026-000724,معاذ الشهراني,2473312912,0505356086,32,ذكر,الباطنية,2026-07-28,2026-09-11,45,0,نعم,نعم,حضر المريض قبل الموعد بربع ساعة وأنهى إجراءات التسجيل,0
APT-2026-000725,فيصل التميمي,1931101271,0530317313,66,ذكر,العظام,2026-06-27,2026-06-28,1,2,نعم,نعم,حضر المريض قبل الموعد بربع ساعة وأنهى إجراءات التسجيل,0
APT-2026-000726,عبدالرحمن التميمي,1218594230,0595400028,52,ذكر,الأسنان,2026-08-04,2026-08-05,1,0,نعم,لا,رقم الإحالة 1584637375 من المركز الصحي التابع للحي,0
APT-2026-000727,ليان التميمي,1417260013,0591178073,27,أنثى,الأطفال,2026-05-19,2026-05-20,1,2,لا,نعم,رقم الإحالة 1699716531 من المركز الصحي التابع للحي,1
APT-2026-000728,عبدالعزيز البيشي,1140592898,0541863006,37,ذكر,العيون,2026-03-03,2026-03-08,5,3,لا,لا,حضر المريض قبل الموعد بربع ساعة وأنهى إجراءات التسجيل,0
APT-2026-000729,تركي الشهراني,1938138631,0590927105,28,ذكر,الأسنان,2026-03-02,2026-03-09,7,2,لا,نعم,يرافق المريض نواف البيشي وهو المسؤول عن متابعة الحالة,0
APT-2026-000730,روان باوزير,1432390381,0595102265,33,أنثى,الأطفال,2026-06-10,2026-06-12,2,0,لا,نعم,طلب المريض التواصل معه على الرقم 0565578035 لتأكيد الموعد,0
APT-2026-000731,عبير باوزير,1123795047,0549426725,9,أنثى,العيون,2026-01-10,2026-01-13,3,3,نعم,لا,يرافق المريض جاسم باوزير وهو المسؤول عن متابعة الحالة,0
APT-2026-000732,عبدالرحمن البيشي,1577297722,0502139767,81,ذكر,الباطنية,2026-08-05,2026-09-04,30,2,لا,نعم,يحتاج المريض إلى تحاليل دم قبل زيارة الطبيب القادمة,0
APT-2026-000733,منى العجمي,1390846697,0552421955,73,أنثى,الأطفال,2026-06-24,2026-07-04,10,3,لا,نعم,المريض يفضّل المواعيد الصباحية في بداية الأسبوع,1
APT-2026-000734,قصي السديري,1005197619,0506185875,61,ذكر,الأسنان,2026-02-13,2026-03-15,30,1,نعم,لا,تم التحقق من إقامة المرافق رقم 2993096516 عند الاستقبال,0
APT-2026-000735,عبدالرحمن المري,1188567224,0545581445,24,ذكر,العظام,2026-06-03,2026-06-13,10,1,لا,نعم,أُرسل تذكير بالموعد قبل يومين عبر الرسائل النصية,0
APT-2026-000736,منى الكثيري,2608263170,0506491441,76,أنثى,الأسنان,2026-08-13,2026-08-20,7,0,نعم,لا,طلب المريض التواصل معه على الرقم 0592673555 لتأكيد الموعد,1
APT-2026-000737,ليان الشهراني,1574479661,0542843471,50,أنثى,العظام,2026-07-03,2026-07-10,7,1,نعم,نعم,يرافق المريض تركي الخثعمي وهو المسؤول عن متابعة الحالة,0
APT-2026-000738,أسامة السديري,1488315753,0535453703,11,ذكر,العظام,2026-06-18,2026-07-18,30,3,لا,نعم,تم تأجيل الموعد السابق بطلب من المريض بسبب السفر,1
APT-2026-000739,فيصل الجبرين,1935861318,0545175790,70,ذكر,الباطنية,2026-08-23,2026-08-26,3,0,نعم,نعم,المريض يفضّل المواعيد الصباحية في بداية الأسبوع,0
APT-2026-000740,أمل المري,1349161719,0541356952,45,أنثى,الأسنان,2026-04-28,2026-05-19,21,2,نعم,لا,المريض يفضّل المواعيد الصباحية في بداية الأسبوع,0
APT-2026-000741,روان المري,1489100030,0504727146,34,أنثى,الأطفال,2026-05-17,2026-05-24,7,1,نعم,نعم,المريض يفضّل المواعيد الصباحية في بداية الأسبوع,0
APT-2026-000742,سلمى العيسى,1967262468,0560697706,71,أنثى,الأطفال,2026-07-30,2026-08-29,30,0,لا,نعم,رقم الإحالة 1885811940 من المركز الصحي التابع للحي,0
APT-2026-000743,فاطمة باوزير,1303460990,0549163408,21,أنثى,العظام,2026-08-26,2026-08-27,1,1,نعم,نعم,تم التحقق من إقامة المرافق رقم 2719142859 عند الاستقبال,0
APT-2026-000744,جواهر الهاجري,1522452802,0591557264,57,أنثى,الأطفال,2026-06-05,2026-06-06,1,0,نعم,نعم,تم التحقق من إقامة المرافق رقم 2594165397 عند الاستقبال,0
APT-2026-000745,فاطمة الجبرين,1451500548,0503275230,14,أنثى,الأطفال,2026-01-08,2026-02-22,45,0,لا,لا,رقم الحجز المرجعي 1075613958 صادر من بوابة المواعيد,0
APT-2026-000746,فيصل الصقير,1238186884,0599072920,18,ذكر,الباطنية,2026-04-04,2026-04-11,7,3,نعم,نعم,المريض يفضّل المواعيد الصباحية في بداية الأسبوع,0
APT-2026-000747,معاذ السديري,1361780057,0534155236,53,ذكر,العيون,2026-02-05,2026-02-15,10,1,لا,نعم,أُرسل تذكير بالموعد قبل يومين عبر الرسائل النصية,0
APT-2026-000748,حمد البيشي,1472822129,0547156029,34,ذكر,العيون,2026-06-16,2026-07-07,21,0,نعم,لا,تم التحقق من إقامة المرافق رقم 2398571345 عند الاستقبال,0
APT-2026-000749,قصي السديري,1624067615,0507119102,8,ذكر,الباطنية,2026-02-16,2026-02-17,1,1,لا,نعم,حضر المريض قبل الموعد بربع ساعة وأنهى إجراءات التسجيل,0
APT-2026-000750,نورة العجمي,1064512393,0548770172,35,أنثى,الجلدية,2026-05-29,2026-06-08,10,3,لا,نعم,يحتاج المريض إلى تحاليل دم قبل زيارة الطبيب القادمة,0
APT-2026-000751,هاني العيسى,2294123266,0596682118,50,ذكر,العيون,2026-06-18,2026-06-21,3,0,نعم,نعم,تم تأجيل الموعد السابق بطلب من المريض بسبب السفر,0
APT-2026-000752,خلود الخثعمي,1556126702,0535697316,74,أنثى,الباطنية,2026-04-16,2026-04-19,3,0,لا,نعم,المريض يفضّل المواعيد الصباحية في بداية الأسبوع,0
APT-2026-000753,تركي العجمي,1366732210,0561665429,31,ذكر,الباطنية,2026-07-02,2026-07-04,2,0,نعم,نعم,رقم الإحالة 1579644455 من المركز الصحي التابع للحي,0
APT-2026-000754,عبير الأنصاري,1213046665,0599670866,78,أنثى,العظام,2026-04-09,2026-04-16,7,0,لا,نعم,أُرسل تذكير بالموعد قبل يومين عبر الرسائل النصية,0
APT-2026-000755,إبراهيم التميمي,1221463050,0597622293,60,ذكر,العيون,2026-06-12,2026-07-12,30,1,نعم,نعم,رقم الإحالة 1610235227 من المركز الصحي التابع للحي,0
APT-2026-000756,عبير السديري,1047326895,0552952633,79,أنثى,الأسنان,2026-06-27,2026-07-27,30,0,نعم,نعم,حضر المريض قبل الموعد بربع ساعة وأنهى إجراءات التسجيل,0
APT-2026-000757,حمد باوزير,1974158402,0564249453,39,ذكر,العظام,2026-02-09,2026-03-02,21,0,نعم,نعم,حضر المريض قبل الموعد بربع ساعة وأنهى إجراءات التسجيل,0
APT-2026-000758,نواف الهاجري,1139128654,0507020520,8,ذكر,الجلدية,2026-03-24,2026-03-25,1,0,نعم,لا,يحتاج المريض إلى تحاليل دم قبل زيارة الطبيب القادمة,0
APT-2026-000759,يوسف السديري,1988178107,0565340096,55,ذكر,الأسنان,2026-07-10,2026-07-13,3,1,نعم,لا,يرافق المريض فيصل الأنصاري وهو المسؤول عن متابعة الحالة,1
APT-2026-000760,روان الهاجري,1934621747,0508450285,26,أنثى,العيون,2026-07-12,2026-07-15,3,2,نعم,نعم,تم التحقق من إقامة المرافق رقم 2668636364 عند الاستقبال,0
APT-2026-000761,سلمى الشهراني,2622547327,0551696802,12,أنثى,العيون,2026-08-05,2026-08-26,21,3,نعم,لا,تم تأجيل الموعد السابق بطلب من المريض بسبب السفر,0
APT-2026-000762,نواف باوزير,1047070121,0568262484,39,ذكر,الباطنية,2026-03-24,2026-04-03,10,0,نعم,نعم,يرافق المريض نواف الكثيري وهو المسؤول عن متابعة الحالة,0
APT-2026-000763,هاني البيشي,1855254296,0530872297,68,ذكر,الأطفال,2026-08-28,2026-08-29,1,0,نعم,لا,حضر المريض قبل الموعد بربع ساعة وأنهى إجراءات التسجيل,0
APT-2026-000764,أمل الهاجري,1073355370,0591301838,84,أنثى,العظام,2026-08-10,2026-08-31,21,3,نعم,نعم,المريض يفضّل المواعيد الصباحية في بداية الأسبوع,0
APT-2026-000765,أمل الجبرين,1114172461,0551369474,62,أنثى,العيون,2026-05-10,2026-05-31,21,3,لا,نعم,رقم الإحالة 1900099131 من المركز الصحي التابع للحي,1
APT-2026-000766,يوسف الشهراني,1271912568,0596149414,31,ذكر,الأسنان,2026-07-25,2026-09-08,45,0,لا,لا,أُرسل تذكير بالموعد قبل يومين عبر الرسائل النصية,0
APT-2026-000767,عبير النعيمي,1752330819,0567903264,65,أنثى,الجلدية,2026-04-19,2026-05-10,21,0,نعم,نعم,أُرسل تذكير بالموعد قبل يومين عبر الرسائل النصية,0
APT-2026-000768,فيصل العيسى,1097148942,0590106328,17,ذكر,الأطفال,2026-01-31,2026-02-05,5,2,لا,لا,رقم الإحالة 1134263294 من المركز الصحي التابع للحي,0
APT-2026-000769,حمد الكثيري,2660504032,0506941333,59,ذكر,الأسنان,2026-04-04,2026-04-06,2,1,لا,نعم,حضر المريض قبل الموعد بربع ساعة وأنهى إجراءات التسجيل,0
APT-2026-000770,سلمان الشهراني,1592021909,0544211180,67,ذكر,الجلدية,2026-03-08,2026-03-18,10,0,لا,نعم,حضر المريض قبل الموعد بربع ساعة وأنهى إجراءات التسجيل,1
APT-2026-000771,ليان الزامل,1491753511,0569954569,33,أنثى,العيون,2026-02-12,2026-03-14,30,1,نعم,لا,يرافق المريض دلال العجمي وهو المسؤول عن متابعة الحالة,0
APT-2026-000772,إبراهيم السديري,1328919178,0545996639,52,ذكر,العظام,2026-04-30,2026-05-07,7,3,نعم,نعم,يحتاج المريض إلى تحاليل دم قبل زيارة الطبيب القادمة,0
APT-2026-000773,هاني الخثعمي,1449352770,0599486475,29,ذكر,العظام,2026-08-27,2026-09-26,30,2,نعم,نعم,يحتاج المريض إلى تحاليل دم قبل زيارة الطبيب القادمة,0
APT-2026-000774,نورة الخثعمي,1460678871,0562851986,82,أنثى,الأسنان,2026-04-18,2026-06-02,45,0,نعم,نعم,تم التحقق من إقامة المرافق رقم 2362781912 عند الاستقبال,0
APT-2026-000775,حصة الكثيري,1518354897,0505031347,73,أنثى,الجلدية,2026-01-25,2026-01-28,3,3,نعم,لا,المريض يفضّل المواعيد الصباحية في بداية الأسبوع,0
APT-2026-000776,نورة باوزير,1716006059,0506403896,67,أنثى,الأطفال,2026-02-26,2026-03-03,5,0,نعم,لا,حضر المريض قبل الموعد بربع ساعة وأنهى إجراءات التسجيل,0
APT-2026-000777,جاسم المري,1687565299,0565689162,61,ذكر,الجلدية,2026-06-26,2026-07-03,7,0,نعم,نعم,يرافق المريض أسماء النعيمي وهو المسؤول عن متابعة الحالة,0
APT-2026-000778,أسامة باوزير,1205155813,0531988920,84,ذكر,الباطنية,2026-05-27,2026-06-03,7,0,لا,نعم,طلب المريض التواصل معه على الرقم 0507462597 لتأكيد الموعد,0
APT-2026-000779,ناصر السديري,1487988550,0543494032,78,ذكر,العيون,2026-06-23,2026-06-28,5,0,لا,نعم,حضر المريض قبل الموعد بربع ساعة وأنهى إجراءات التسجيل,0
APT-2026-000780,أمل التميمي,1168020111,0532340455,59,أنثى,العظام,2026-04-05,2026-04-12,7,2,لا,نعم,رقم الحجز المرجعي 1221588575 صادر من بوابة المواعيد,0
APT-2026-000781,دلال السديري,1464109436,0501725980,67,أنثى,العيون,2026-08-25,2026-09-01,7,3,نعم,لا,يحتاج المريض إلى تحاليل دم قبل زيارة الطبيب القادمة,0
APT-2026-000782,إبراهيم النعيمي,1651634642,0509573008,76,ذكر,الباطنية,2026-01-11,2026-01-21,10,3,نعم,نعم,رقم الحجز المرجعي 1737284305 صادر من بوابة المواعيد,0
APT-2026-000783,أمل العجمي,2244941288,0503860207,27,أنثى,العيون,2026-06-28,2026-07-19,21,0,نعم,لا,رقم الإحالة 1845651250 من المركز الصحي التابع للحي,0
APT-2026-000784,فاطمة الخثعمي,1054336159,0546584628,15,أنثى,الأسنان,2026-08-09,2026-09-08,30,2,لا,نعم,طلب المريض التواصل معه على الرقم 0566383258 لتأكيد الموعد,1
APT-2026-000785,حمد التميمي,1932407156,0534069077,53,ذكر,العظام,2026-07-14,2026-07-19,5,3,لا,نعم,أُرسل تذكير بالموعد قبل يومين عبر الرسائل النصية,0
APT-2026-000786,حمد الصقير,1004840441,0549133639,63,ذكر,الأطفال,2026-08-16,2026-08-16,0,1,لا,لا,المريض يفضّل المواعيد الصباحية في بداية الأسبوع,1
APT-2026-000787,أسماء باوزير,2235019466,0540198579,4,أنثى,الباطنية,2026-01-17,2026-03-03,45,2,لا,لا,أُرسل تذكير بالموعد قبل يومين عبر الرسائل النصية,1
APT-2026-000788,جاسم الخثعمي,1092499050,0543033976,38,ذكر,الجلدية,2026-02-22,2026-02-24,2,0,نعم,لا,طلب المريض التواصل معه على الرقم 0509273487 لتأكيد الموعد,0
APT-2026-000789,حمد الأنصاري,1929434445,0543358809,56,ذكر,الأطفال,2026-02-08,2026-02-13,5,1,نعم,لا,طلب المريض التواصل معه على الرقم 0504743959 لتأكيد الموعد,0
APT-2026-000790,دلال الزامل,1729526101,0558522011,85,أنثى,الأطفال,2026-02-09,2026-02-12,3,1,نعم,نعم,يحتاج المريض إلى تحاليل دم قبل زيارة الطبيب القادمة,0
APT-2026-000791,دلال الخثعمي,1175084373,0503944472,41,أنثى,العيون,2026-02-19,2026-02-22,3,0,لا,نعم,حضر المريض قبل الموعد بربع ساعة وأنهى إجراءات التسجيل,0
APT-2026-000792,نواف الجبرين,1627524273,0564683802,73,ذكر,العيون,2026-02-19,2026-02-22,3,0,نعم,نعم,تم تأجيل الموعد السابق بطلب من المريض بسبب السفر,0
APT-2026-000793,روان الزامل,1104978034,0599675461,44,أنثى,الأطفال,2026-07-20,2026-07-22,2,0,لا,نعم,يرافق المريض منى الصقير وهو المسؤول عن متابعة الحالة,0
APT-2026-000794,فاطمة الزامل,1798945992,0548081541,36,أنثى,الأسنان,2026-07-21,2026-07-23,2,2,نعم,لا,رقم الحجز المرجعي 1924575226 صادر من بوابة المواعيد,0
APT-2026-000795,فيصل العجمي,2121537506,0551177979,58,ذكر,الأطفال,2026-08-10,2026-08-31,21,1,نعم,نعم,رقم الحجز المرجعي 1460628363 صادر من بوابة المواعيد,0
APT-2026-000796,أمل الزامل,1547068088,0504095837,77,أنثى,الباطنية,2026-02-05,2026-02-19,14,0,لا,نعم,تم تأجيل الموعد السابق بطلب من المريض بسبب السفر,1
APT-2026-000797,هالة الزامل,1893154359,0550437621,29,أنثى,الأسنان,2026-06-08,2026-06-18,10,2,نعم,نعم,تم تأجيل الموعد السابق بطلب من المريض بسبب السفر,0
APT-2026-000798,سلمى النعيمي,1663023545,0563844739,62,أنثى,العيون,2026-03-29,2026-04-01,3,0,نعم,نعم,رقم الإحالة 1963798892 من المركز الصحي التابع للحي,0
APT-2026-000799,عبدالرحمن باوزير,1644463174,0502054044,4,ذكر,الأسنان,2026-05-09,2026-05-12,3,0,نعم,نعم,المريض يفضّل المواعيد الصباحية في بداية الأسبوع,0
APT-2026-000800,سامي الخثعمي,1175482080,0590166630,63,ذكر,الأطفال,2026-01-23,2026-02-13,21,0,نعم,لا,حضر المريض قبل الموعد بربع ساعة وأنهى إجراءات التسجيل,0
APT-2026-000801,سلمان البيشي,1239169228,0563455410,66,ذكر,الجلدية,2026-06-21,2026-08-05,45,3,نعم,نعم,تم التحقق من إقامة المرافق رقم 2898336389 عند الاستقبال,0
APT-2026-000802,يوسف الأنصاري,2962146110,0598054548,65,ذكر,العظام,2026-04-19,2026-04-21,2,0,نعم,لا,يرافق المريض أمل العجمي وهو المسؤول عن متابعة الحالة,0
APT-2026-000803,مشاعل الأنصاري,1546606052,0591255964,11,أنثى,العيون,2026-05-08,2026-05-09,1,0,لا,نعم,يحتاج المريض إلى تحاليل دم قبل زيارة الطبيب القادمة,1
APT-2026-000804,مشاعل العيسى,1645613017,0598912169,2,أنثى,العيون,2026-08-28,2026-08-28,0,1,نعم,نعم,رقم الإحالة 1492136340 من المركز الصحي التابع للحي,0
APT-2026-000805,هالة الشهراني,1859441725,0560037595,41,أنثى,الجلدية,2026-05-05,2026-05-06,1,1,لا,نعم,أُرسل تذكير بالموعد قبل يومين عبر الرسائل النصية,0
APT-2026-000806,أسماء الصقير,1359139605,0553879919,48,أنثى,العظام,2026-01-27,2026-03-13,45,0,لا,نعم,تم التحقق من إقامة المرافق رقم 2013132614 عند الاستقبال,0
APT-2026-000807,جاسم التميمي,1035110806,0534862356,35,ذكر,الأسنان,2026-07-16,2026-08-15,30,1,لا,نعم,المريض يفضّل المواعيد الصباحية في بداية الأسبوع,0
APT-2026-000808,قصي السديري,1846522181,0590505124,13,ذكر,الجلدية,2026-06-01,2026-06-02,1,0,نعم,نعم,أُرسل تذكير بالموعد قبل يومين عبر الرسائل النصية,0
APT-2026-000809,فيصل العيسى,1216416550,0503721734,47,ذكر,الأسنان,2026-05-31,2026-06-30,30,3,نعم,نعم,طلب المريض التواصل معه على الرقم 0530246237 لتأكيد الموعد,1
APT-2026-000810,أمل العيسى,1705413449,0595769381,19,أنثى,العيون,2026-06-19,2026-07-19,30,3,لا,نعم,تم تأجيل الموعد السابق بطلب من المريض بسبب السفر,0
APT-2026-000811,سامي الخثعمي,1691930422,0508971670,53,ذكر,الباطنية,2026-03-14,2026-03-15,1,0,لا,نعم,تم التحقق من إقامة المرافق رقم 2619238179 عند الاستقبال,1
APT-2026-000812,منى الجبرين,1157294115,0565033230,55,أنثى,الأطفال,2026-05-16,2026-05-21,5,2,نعم,لا,رقم الإحالة 1137846861 من المركز الصحي التابع للحي,0
APT-2026-000813,أسماء الكثيري,1032778134,0560164328,46,أنثى,الأطفال,2026-03-14,2026-04-04,21,2,لا,نعم,تم التحقق من إقامة المرافق رقم 2372943841 عند الاستقبال,0
APT-2026-000814,سلمان الهاجري,1472898988,0552458619,56,ذكر,الجلدية,2026-08-30,2026-09-29,30,2,نعم,نعم,طلب المريض التواصل معه على الرقم 0568415922 لتأكيد الموعد,0
APT-2026-000815,سامي الكثيري,1209975950,0590984080,80,ذكر,الأسنان,2026-06-25,2026-07-16,21,3,نعم,نعم,يحتاج المريض إلى تحاليل دم قبل زيارة الطبيب القادمة,1
APT-2026-000816,سلمى الكثيري,2179301375,0509157970,74,أنثى,العظام,2026-08-09,2026-08-12,3,0,نعم,نعم,تم التحقق من إقامة المرافق رقم 2778550240 عند الاستقبال,0
APT-2026-000817,أسماء العجمي,1416163515,0566634721,79,أنثى,الجلدية,2026-03-28,2026-04-07,10,1,نعم,نعم,يحتاج المريض إلى تحاليل دم قبل زيارة الطبيب القادمة,0
APT-2026-000818,ناصر الجبرين,1886021078,0500544516,60,ذكر,الجلدية,2026-03-08,2026-03-09,1,1,نعم,نعم,تم تأجيل الموعد السابق بطلب من المريض بسبب السفر,0
APT-2026-000819,أسامة العجمي,1916774506,0592130831,30,ذكر,الأطفال,2026-02-04,2026-03-06,30,1,نعم,لا,رقم الإحالة 1607213189 من المركز الصحي التابع للحي,0
APT-2026-000820,سامي الجبرين,1535768806,0502250252,2,ذكر,الباطنية,2026-06-05,2026-06-26,21,0,لا,نعم,يرافق المريض ليان الزامل وهو المسؤول عن متابعة الحالة,1
APT-2026-000821,جاسم التميمي,1045276829,0598635324,45,ذكر,الجلدية,2026-01-14,2026-01-14,0,1,لا,نعم,رقم الحجز المرجعي 1326078191 صادر من بوابة المواعيد,1
APT-2026-000822,منى البيشي,1905516199,0537165140,70,أنثى,الجلدية,2026-04-15,2026-05-15,30,1,نعم,لا,يحتاج المريض إلى تحاليل دم قبل زيارة الطبيب القادمة,0
APT-2026-000823,عبير الجبرين,1920054853,0531528177,32,أنثى,العيون,2026-02-21,2026-02-23,2,0,نعم,لا,يحتاج المريض إلى تحاليل دم قبل زيارة الطبيب القادمة,0
APT-2026-000824,أسماء التميمي,1614494217,0557730850,26,أنثى,الباطنية,2026-03-27,2026-04-01,5,0,نعم,نعم,حضر المريض قبل الموعد بربع ساعة وأنهى إجراءات التسجيل,0
APT-2026-000825,عبير النعيمي,1821222955,0538666730,31,أنثى,العظام,2026-02-13,2026-02-23,10,1,نعم,نعم,يرافق المريض سامي الزامل وهو المسؤول عن متابعة الحالة,0
APT-2026-000826,فيصل الأنصاري,1978302972,0536417275,74,ذكر,الجلدية,2026-03-12,2026-03-12,0,0,نعم,لا,حضر المريض قبل الموعد بربع ساعة وأنهى إجراءات التسجيل,0
APT-2026-000827,حمد التميمي,1302479785,0554103107,85,ذكر,العظام,2026-03-12,2026-03-14,2,0,لا,نعم,رقم الحجز المرجعي 1796321352 صادر من بوابة المواعيد,0
APT-2026-000828,حصة الأنصاري,1775680372,0562141308,57,أنثى,الجلدية,2026-05-09,2026-05-30,21,1,نعم,نعم,طلب المريض التواصل معه على الرقم 0568457992 لتأكيد الموعد,0
APT-2026-000829,سلمان الكثيري,1934583889,0500943283,28,ذكر,الجلدية,2026-03-19,2026-03-20,1,0,نعم,نعم,المريض يفضّل المواعيد الصباحية في بداية الأسبوع,0
APT-2026-000830,حصة المري,1348333244,0596520551,45,أنثى,الجلدية,2026-06-18,2026-07-02,14,0,نعم,نعم,حضر المريض قبل الموعد بربع ساعة وأنهى إجراءات التسجيل,0
APT-2026-000831,ليان الأنصاري,1180460584,0505886091,71,أنثى,الأطفال,2026-06-16,2026-06-30,14,2,لا,نعم,أُرسل تذكير بالموعد قبل يومين عبر الرسائل النصية,0
APT-2026-000832,قصي العيسى,1718589763,0565093357,51,ذكر,الأطفال,2026-06-28,2026-07-03,5,0,لا,لا,يحتاج المريض إلى تحاليل دم قبل زيارة الطبيب القادمة,1
APT-2026-000833,عبدالعزيز الصقير,1715347512,0544850224,50,ذكر,الباطنية,2026-04-17,2026-04-27,10,1,نعم,لا,يحتاج المريض إلى تحاليل دم قبل زيارة الطبيب القادمة,0
APT-2026-000834,عبير الصقير,2886625157,0597993325,74,أنثى,الأسنان,2026-05-22,2026-05-22,0,0,نعم,نعم,رقم الإحالة 1100508372 من المركز الصحي التابع للحي,0
APT-2026-000835,أمل البيشي,1404916270,0503171526,78,أنثى,العيون,2026-07-11,2026-07-12,1,0,نعم,نعم,رقم الإحالة 1272424584 من المركز الصحي التابع للحي,0
APT-2026-000836,إبراهيم العجمي,1787409828,0540262009,66,ذكر,الباطنية,2026-07-08,2026-07-29,21,1,لا,نعم,حضر المريض قبل الموعد بربع ساعة وأنهى إجراءات التسجيل,0
APT-2026-000837,أسماء البيشي,1031973777,0560351592,85,أنثى,الأطفال,2026-04-04,2026-05-19,45,0,نعم,لا,يحتاج المريض إلى تحاليل دم قبل زيارة الطبيب القادمة,1
APT-2026-000838,ليان المري,1744715341,0530916647,3,أنثى,الأسنان,2026-05-28,2026-06-11,14,0,لا,لا,المريض يفضّل المواعيد الصباحية في بداية الأسبوع,1
APT-2026-000839,ليان الهاجري,1796218756,0508278120,26,أنثى,الأطفال,2026-05-12,2026-05-12,0,2,لا,لا,تم التحقق من إقامة المرافق رقم 2008379477 عند الاستقبال,1
APT-2026-000840,سلمى العجمي,1667926388,0535326561,51,أنثى,الأسنان,2026-05-01,2026-05-01,0,1,نعم,نعم,رقم الإحالة 1680671674 من المركز الصحي التابع للحي,0
APT-2026-000841,روان الشهراني,1064902586,0556598397,36,أنثى,الأطفال,2026-08-13,2026-09-27,45,3,لا,نعم,حضر المريض قبل الموعد بربع ساعة وأنهى إجراءات التسجيل,0
APT-2026-000842,قصي العجمي,1035894243,0531663457,82,ذكر,الباطنية,2026-07-31,2026-08-05,5,1,نعم,نعم,أُرسل تذكير بالموعد قبل يومين عبر الرسائل النصية,0
APT-2026-000843,أمل المري,1787481769,0538076110,21,أنثى,العيون,2026-08-01,2026-08-04,3,1,نعم,نعم,يرافق المريض معاذ العجمي وهو المسؤول عن متابعة الحالة,0
APT-2026-000844,أمل الشهراني,1272153089,0544803635,71,أنثى,العظام,2026-05-26,2026-06-02,7,3,لا,نعم,طلب المريض التواصل معه على الرقم 0506216352 لتأكيد الموعد,0
APT-2026-000845,سامي الزامل,1595267830,0508487394,32,ذكر,الجلدية,2026-06-23,2026-06-25,2,1,لا,نعم,أُرسل تذكير بالموعد قبل يومين عبر الرسائل النصية,0
APT-2026-000846,خلود الزامل,2219269368,0500667953,75,أنثى,العظام,2026-08-13,2026-08-23,10,0,نعم,نعم,تم التحقق من إقامة المرافق رقم 2400451502 عند الاستقبال,0
APT-2026-000847,هاني الشهراني,1542406853,0566211190,74,ذكر,الجلدية,2026-02-07,2026-02-10,3,0,نعم,نعم,رقم الإحالة 1592273085 من المركز الصحي التابع للحي,0
APT-2026-000848,أسماء الكثيري,1287867335,0549829166,84,أنثى,العيون,2026-04-01,2026-04-06,5,1,لا,نعم,تم التحقق من إقامة المرافق رقم 2072038181 عند الاستقبال,0
APT-2026-000849,منى العجمي,1924502287,0536051731,48,أنثى,الأسنان,2026-03-29,2026-04-01,3,1,لا,نعم,المريض يفضّل المواعيد الصباحية في بداية الأسبوع,0
APT-2026-000850,ليان البيشي,1780152540,0597577115,78,أنثى,الأطفال,2026-03-31,2026-04-14,14,0,نعم,لا,يرافق المريض حمد العجمي وهو المسؤول عن متابعة الحالة,0
APT-2026-000851,جواهر الشهراني,1839820964,0541151738,31,أنثى,الأسنان,2026-06-02,2026-06-16,14,1,لا,نعم,طلب المريض التواصل معه على الرقم 0557421553 لتأكيد الموعد,0
APT-2026-000852,جاسم الشهراني,1705148623,0591956197,51,ذكر,الباطنية,2026-06-23,2026-06-26,3,1,لا,نعم,رقم الحجز المرجعي 1286175805 صادر من بوابة المواعيد,0
APT-2026-000853,عبدالرحمن النعيمي,2827047271,0503543645,50,ذكر,العظام,2026-02-11,2026-02-21,10,2,نعم,نعم,أُرسل تذكير بالموعد قبل يومين عبر الرسائل النصية,0
APT-2026-000854,تركي التميمي,1293415889,0532563005,38,ذكر,الباطنية,2026-01-22,2026-01-29,7,2,نعم,لا,رقم الحجز المرجعي 1530712221 صادر من بوابة المواعيد,0
APT-2026-000855,يوسف الجبرين,2180782803,0504681021,39,ذكر,الجلدية,2026-08-27,2026-08-28,1,1,نعم,نعم,رقم الإحالة 1901344254 من المركز الصحي التابع للحي,0
APT-2026-000856,هالة السديري,1845651387,0537661340,51,أنثى,الجلدية,2026-03-02,2026-04-16,45,0,نعم,نعم,تم التحقق من إقامة المرافق رقم 2452973643 عند الاستقبال,0
APT-2026-000857,فاطمة باوزير,1040156091,0538522879,67,أنثى,العظام,2026-01-08,2026-01-22,14,1,لا,لا,تم التحقق من إقامة المرافق رقم 2879414171 عند الاستقبال,0
APT-2026-000858,دلال الأنصاري,1745901130,0536817176,30,أنثى,الأطفال,2026-03-18,2026-04-17,30,2,نعم,نعم,تم تأجيل الموعد السابق بطلب من المريض بسبب السفر,0
APT-2026-000859,ابتسام الصقير,1629939545,0560419362,72,أنثى,العيون,2026-04-11,2026-05-11,30,0,نعم,نعم,تم التحقق من إقامة المرافق رقم 2246921874 عند الاستقبال,1
APT-2026-000860,عبدالرحمن البيشي,1767318700,0559974281,74,ذكر,الباطنية,2026-05-15,2026-06-29,45,1,لا,لا,رقم الإحالة 1913478509 من المركز الصحي التابع للحي,1
APT-2026-000861,تركي البيشي,1569910613,0557986554,40,ذكر,الجلدية,2026-06-18,2026-08-02,45,0,نعم,نعم,أُرسل تذكير بالموعد قبل يومين عبر الرسائل النصية,0
APT-2026-000862,عبدالرحمن التميمي,1850132935,0591385707,32,ذكر,الباطنية,2026-08-30,2026-09-02,3,3,نعم,نعم,أُرسل تذكير بالموعد قبل يومين عبر الرسائل النصية,0
APT-2026-000863,سامي الهاجري,2880758665,0562735701,84,ذكر,العيون,2026-03-27,2026-04-26,30,2,نعم,نعم,طلب المريض التواصل معه على الرقم 0569459649 لتأكيد الموعد,0
APT-2026-000864,معاذ الزامل,1986876314,0544973394,33,ذكر,الأسنان,2026-01-21,2026-01-31,10,3,نعم,نعم,طلب المريض التواصل معه على الرقم 0505124012 لتأكيد الموعد,1
APT-2026-000865,سامي التميمي,1858581646,0548794888,82,ذكر,الأطفال,2026-03-28,2026-04-04,7,0,نعم,لا,طلب المريض التواصل معه على الرقم 0563933777 لتأكيد الموعد,0
APT-2026-000866,فيصل الهاجري,1607308127,0557924182,15,ذكر,الباطنية,2026-08-13,2026-08-13,0,0,نعم,لا,يرافق المريض سلمى الشهراني وهو المسؤول عن متابعة الحالة,0
APT-2026-000867,أسماء الخثعمي,1574648281,0557065939,55,أنثى,العظام,2026-02-28,2026-03-14,14,0,لا,نعم,طلب المريض التواصل معه على الرقم 0568125270 لتأكيد الموعد,0
APT-2026-000868,جواهر الخثعمي,1078003942,0505442269,72,أنثى,العظام,2026-03-06,2026-03-16,10,0,نعم,نعم,أُرسل تذكير بالموعد قبل يومين عبر الرسائل النصية,0
APT-2026-000869,سلمان الأنصاري,1464712056,0503844147,69,ذكر,الجلدية,2026-02-10,2026-02-11,1,3,لا,نعم,رقم الإحالة 1984422294 من المركز الصحي التابع للحي,0
APT-2026-000870,عبير الزامل,1347008540,0533735463,81,أنثى,العظام,2026-08-04,2026-08-18,14,0,نعم,نعم,تم تأجيل الموعد السابق بطلب من المريض بسبب السفر,0
APT-2026-000871,إبراهيم الصقير,2099612984,0593330118,60,ذكر,الأسنان,2026-06-16,2026-07-31,45,1,لا,نعم,أُرسل تذكير بالموعد قبل يومين عبر الرسائل النصية,0
APT-2026-000872,دلال باوزير,1048877920,0551712723,5,أنثى,العظام,2026-01-05,2026-02-04,30,0,لا,لا,رقم الإحالة 1535949917 من المركز الصحي التابع للحي,0
APT-2026-000873,معاذ التميمي,1181914985,0596270369,61,ذكر,الأطفال,2026-02-12,2026-02-17,5,3,لا,نعم,رقم الحجز المرجعي 1115549469 صادر من بوابة المواعيد,0
APT-2026-000874,إبراهيم الشهراني,2143666382,0594234621,5,ذكر,العيون,2026-08-06,2026-08-16,10,0,نعم,لا,أُرسل تذكير بالموعد قبل يومين عبر الرسائل النصية,0
APT-2026-000875,منى المري,1484336134,0542305107,28,أنثى,العيون,2026-01-10,2026-01-17,7,0,نعم,نعم,يحتاج المريض إلى تحاليل دم قبل زيارة الطبيب القادمة,0
APT-2026-000876,سلمان النعيمي,1304596503,0535305644,57,ذكر,الجلدية,2026-02-18,2026-02-18,0,0,نعم,نعم,أُرسل تذكير بالموعد قبل يومين عبر الرسائل النصية,0
APT-2026-000877,يوسف التميمي,1510103417,0502149390,83,ذكر,العيون,2026-05-16,2026-05-17,1,0,نعم,لا,أُرسل تذكير بالموعد قبل يومين عبر الرسائل النصية,1
APT-2026-000878,حصة الشهراني,1485959512,0554743926,62,أنثى,العظام,2026-07-02,2026-07-07,5,1,لا,نعم,المريض يفضّل المواعيد الصباحية في بداية الأسبوع,0
APT-2026-000879,تركي الخثعمي,2234657837,0593216721,72,ذكر,الأطفال,2026-03-08,2026-03-18,10,1,لا,لا,رقم الإحالة 1800473020 من المركز الصحي التابع للحي,0
APT-2026-000880,فيصل الصقير,1053461156,0559237529,64,ذكر,الباطنية,2026-03-07,2026-03-08,1,0,نعم,نعم,يحتاج المريض إلى تحاليل دم قبل زيارة الطبيب القادمة,0
APT-2026-000881,ابتسام باوزير,1260729833,0531760527,73,أنثى,الأسنان,2026-08-30,2026-10-14,45,0,نعم,نعم,رقم الإحالة 1852754640 من المركز الصحي التابع للحي,0
APT-2026-000882,عبدالرحمن النعيمي,1551206871,0533382026,11,ذكر,الأسنان,2026-08-21,2026-08-31,10,0,نعم,لا,تم تأجيل الموعد السابق بطلب من المريض بسبب السفر,0
APT-2026-000883,ليان البيشي,1774152654,0542214381,68,أنثى,الجلدية,2026-01-21,2026-01-24,3,0,لا,نعم,يرافق المريض سلمى النعيمي وهو المسؤول عن متابعة الحالة,0
APT-2026-000884,تركي باوزير,1746908068,0505624637,9,ذكر,العيون,2026-08-04,2026-09-18,45,0,نعم,لا,المريض يفضّل المواعيد الصباحية في بداية الأسبوع,0
APT-2026-000885,أسامة باوزير,1944161262,0556636939,18,ذكر,الأطفال,2026-01-07,2026-01-28,21,1,لا,لا,المريض يفضّل المواعيد الصباحية في بداية الأسبوع,0
APT-2026-000886,ناصر المري,1014873853,0548526665,61,ذكر,الأسنان,2026-02-17,2026-02-20,3,1,نعم,نعم,طلب المريض التواصل معه على الرقم 0501170979 لتأكيد الموعد,0
APT-2026-000887,جاسم الخثعمي,1949360000,0532112926,59,ذكر,الأطفال,2026-07-19,2026-09-02,45,0,لا,نعم,رقم الإحالة 1586945314 من المركز الصحي التابع للحي,0
APT-2026-000888,جواهر الجبرين,1585480146,0541414385,12,أنثى,العيون,2026-01-12,2026-01-14,2,2,نعم,نعم,تم تأجيل الموعد السابق بطلب من المريض بسبب السفر,0
APT-2026-000889,هاني الخثعمي,2066395670,0545385857,1,ذكر,العظام,2026-06-14,2026-06-14,0,0,نعم,لا,رقم الإحالة 1535886836 من المركز الصحي التابع للحي,0
APT-2026-000890,عبدالعزيز التميمي,1086854898,0595456087,73,ذكر,العيون,2026-04-09,2026-04-11,2,2,نعم,نعم,المريض يفضّل المواعيد الصباحية في بداية الأسبوع,0
APT-2026-000891,عبدالرحمن التميمي,1231622281,0507652576,5,ذكر,الأطفال,2026-07-19,2026-09-02,45,1,نعم,نعم,حضر المريض قبل الموعد بربع ساعة وأنهى إجراءات التسجيل,1
APT-2026-000892,تركي السديري,1104400898,0549361815,37,ذكر,العيون,2026-07-14,2026-07-24,10,2,لا,لا,رقم الحجز المرجعي 1923407918 صادر من بوابة المواعيد,0
APT-2026-000893,أمل البيشي,1369953110,0599152217,79,أنثى,الأسنان,2026-03-08,2026-03-29,21,0,نعم,نعم,يرافق المريض أسامة الكثيري وهو المسؤول عن متابعة الحالة,0
APT-2026-000894,سلمى الشهراني,1271323097,0532217070,76,أنثى,الأطفال,2026-02-23,2026-03-02,7,1,لا,نعم,تم تأجيل الموعد السابق بطلب من المريض بسبب السفر,0
APT-2026-000895,تركي التميمي,1853942678,0546057820,50,ذكر,الأسنان,2026-02-21,2026-02-28,7,2,لا,نعم,تم تأجيل الموعد السابق بطلب من المريض بسبب السفر,1
APT-2026-000896,يوسف النعيمي,1873620338,0500009840,54,ذكر,الجلدية,2026-08-02,2026-08-02,0,0,نعم,نعم,تم تأجيل الموعد السابق بطلب من المريض بسبب السفر,0
APT-2026-000897,دلال الخثعمي,1207110212,0544561893,14,أنثى,الجلدية,2026-03-06,2026-03-16,10,0,نعم,نعم,يحتاج المريض إلى تحاليل دم قبل زيارة الطبيب القادمة,0
APT-2026-000898,فاطمة النعيمي,1483522379,0544224273,55,أنثى,الجلدية,2026-08-27,2026-09-26,30,0,لا,نعم,أُرسل تذكير بالموعد قبل يومين عبر الرسائل النصية,0
APT-2026-000899,دلال الأنصاري,1351031602,0591358939,76,أنثى,العظام,2026-06-22,2026-06-29,7,3,نعم,نعم,تم التحقق من إقامة المرافق رقم 2202549990 عند الاستقبال,0
APT-2026-000900,نورة الزامل,1554886372,0554836425,74,أنثى,العيون,2026-04-12,2026-04-22,10,1,نعم,نعم,تم التحقق من إقامة المرافق رقم 2681099459 عند الاستقبال,0
APT-2026-000901,قصي العيسى,2010920193,0538781160,62,ذكر,العيون,2026-04-05,2026-04-06,1,1,نعم,نعم,تم تأجيل الموعد السابق بطلب من المريض بسبب السفر,0
APT-2026-000902,تركي البيشي,1312164229,0566175398,4,ذكر,الجلدية,2026-01-16,2026-01-21,5,0,لا,نعم,أُرسل تذكير بالموعد قبل يومين عبر الرسائل النصية,0
APT-2026-000903,هالة الخثعمي,1393297203,0551264157,34,أنثى,الجلدية,2026-08-08,2026-08-15,7,2,نعم,نعم,طلب المريض التواصل معه على الرقم 0508335973 لتأكيد الموعد,0
APT-2026-000904,سلمى الكثيري,1887383907,0599908674,26,أنثى,الجلدية,2026-05-01,2026-05-01,0,0,نعم,لا,تم التحقق من إقامة المرافق رقم 2590241887 عند الاستقبال,0
APT-2026-000905,عبدالرحمن العيسى,1896943873,0505286532,4,ذكر,الأطفال,2026-03-17,2026-03-24,7,0,نعم,نعم,أُرسل تذكير بالموعد قبل يومين عبر الرسائل النصية,0
APT-2026-000906,روان الأنصاري,1983230358,0545157067,35,أنثى,العيون,2026-03-10,2026-03-20,10,0,نعم,نعم,يحتاج المريض إلى تحاليل دم قبل زيارة الطبيب القادمة,0
APT-2026-000907,معاذ الزامل,1235781992,0599882713,77,ذكر,العيون,2026-08-06,2026-08-16,10,0,لا,نعم,طلب المريض التواصل معه على الرقم 0597025400 لتأكيد الموعد,0
APT-2026-000908,ناصر الخثعمي,1785330729,0557131408,43,ذكر,العيون,2026-02-24,2026-03-01,5,0,لا,نعم,طلب المريض التواصل معه على الرقم 0546758158 لتأكيد الموعد,0
APT-2026-000909,إبراهيم المري,1544794975,0565309824,62,ذكر,الجلدية,2026-07-15,2026-07-20,5,2,لا,نعم,أُرسل تذكير بالموعد قبل يومين عبر الرسائل النصية,0
APT-2026-000910,أمل الكثيري,1481323275,0507695837,4,أنثى,الباطنية,2026-02-12,2026-02-26,14,0,لا,نعم,تم تأجيل الموعد السابق بطلب من المريض بسبب السفر,1
APT-2026-000911,خلود الأنصاري,1281864122,0500997751,75,أنثى,الجلدية,2026-04-06,2026-04-11,5,1,لا,نعم,حضر المريض قبل الموعد بربع ساعة وأنهى إجراءات التسجيل,0
APT-2026-000912,جاسم السديري,1025758309,0590618344,31,ذكر,الأسنان,2026-03-07,2026-03-12,5,3,لا,نعم,طلب المريض التواصل معه على الرقم 0567523729 لتأكيد الموعد,0
APT-2026-000913,جواهر العجمي,1564672366,0507017393,56,أنثى,الأسنان,2026-03-12,2026-04-02,21,0,نعم,نعم,يرافق المريض سلمان التميمي وهو المسؤول عن متابعة الحالة,0
APT-2026-000914,عبير الجبرين,1030613028,0557232824,13,أنثى,الأطفال,2026-06-15,2026-06-25,10,0,نعم,نعم,حضر المريض قبل الموعد بربع ساعة وأنهى إجراءات التسجيل,0
APT-2026-000915,إبراهيم التميمي,1147673642,0552114760,3,ذكر,العظام,2026-08-27,2026-09-26,30,1,نعم,نعم,يحتاج المريض إلى تحاليل دم قبل زيارة الطبيب القادمة,0
APT-2026-000916,قصي التميمي,1478388380,0555878298,7,ذكر,الباطنية,2026-01-16,2026-01-16,0,3,نعم,لا,يحتاج المريض إلى تحاليل دم قبل زيارة الطبيب القادمة,0
APT-2026-000917,سلمان الهاجري,1222026542,0548070252,55,ذكر,الأطفال,2026-03-06,2026-03-07,1,0,لا,نعم,رقم الحجز المرجعي 1605281334 صادر من بوابة المواعيد,1
APT-2026-000918,عبدالرحمن الخثعمي,1956374753,0552625822,38,ذكر,الأطفال,2026-02-27,2026-02-28,1,3,نعم,لا,تم تأجيل الموعد السابق بطلب من المريض بسبب السفر,0
APT-2026-000919,ابتسام الصقير,1382323960,0530698968,67,أنثى,الجلدية,2026-04-04,2026-04-07,3,3,نعم,لا,تم التحقق من إقامة المرافق رقم 2791585009 عند الاستقبال,0
APT-2026-000920,فاطمة الخثعمي,1514399268,0545532334,17,أنثى,العظام,2026-02-07,2026-02-08,1,3,نعم,نعم,أُرسل تذكير بالموعد قبل يومين عبر الرسائل النصية,0
APT-2026-000921,هاني الهاجري,2047259466,0598999094,53,ذكر,العظام,2026-05-15,2026-06-05,21,1,نعم,نعم,رقم الإحالة 1845045181 من المركز الصحي التابع للحي,0
APT-2026-000922,عبير التميمي,1558954283,0548007455,11,أنثى,الأسنان,2026-06-01,2026-06-06,5,1,نعم,نعم,المريض يفضّل المواعيد الصباحية في بداية الأسبوع,0
APT-2026-000923,هالة باوزير,1670047461,0546732348,12,أنثى,الجلدية,2026-02-02,2026-02-09,7,2,نعم,نعم,حضر المريض قبل الموعد بربع ساعة وأنهى إجراءات التسجيل,0
APT-2026-000924,مشاعل الهاجري,1627025503,0505447153,4,أنثى,العظام,2026-08-14,2026-08-19,5,0,لا,لا,حضر المريض قبل الموعد بربع ساعة وأنهى إجراءات التسجيل,0
APT-2026-000925,دلال السديري,2943689477,0505454414,20,أنثى,الأطفال,2026-06-06,2026-06-11,5,1,لا,نعم,يرافق المريض خلود باوزير وهو المسؤول عن متابعة الحالة,0
APT-2026-000926,فيصل المري,1538136365,0508736545,32,ذكر,الجلدية,2026-05-29,2026-06-03,5,0,لا,نعم,المريض يفضّل المواعيد الصباحية في بداية الأسبوع,0
APT-2026-000927,نواف البيشي,1434737704,0536618011,26,ذكر,العيون,2026-06-04,2026-07-04,30,1,لا,نعم,تم تأجيل الموعد السابق بطلب من المريض بسبب السفر,0
APT-2026-000928,خلود النعيمي,1932185216,0506748080,76,أنثى,الأسنان,2026-08-24,2026-08-24,0,1,نعم,لا,رقم الإحالة 1731247161 من المركز الصحي التابع للحي,1
APT-2026-000929,هالة الخثعمي,1556079273,0501042643,72,أنثى,الباطنية,2026-03-31,2026-04-03,3,0,لا,نعم,رقم الحجز المرجعي 1173424464 صادر من بوابة المواعيد,1
APT-2026-000930,هاني باوزير,1520528249,0545753804,41,ذكر,الأطفال,2026-05-19,2026-05-21,2,0,نعم,نعم,طلب المريض التواصل معه على الرقم 0594806373 لتأكيد الموعد,0
APT-2026-000931,أسامة العيسى,1794775120,0538467722,59,ذكر,الجلدية,2026-06-13,2026-06-14,1,0,نعم,نعم,يحتاج المريض إلى تحاليل دم قبل زيارة الطبيب القادمة,0
APT-2026-000932,ناصر العيسى,1715751614,0591885492,78,ذكر,الباطنية,2026-07-07,2026-07-28,21,0,نعم,نعم,تم التحقق من إقامة المرافق رقم 2764891327 عند الاستقبال,0
APT-2026-000933,هالة السديري,1872497233,0507383764,14,أنثى,الجلدية,2026-02-23,2026-03-05,10,1,نعم,لا,تم التحقق من إقامة المرافق رقم 2202014482 عند الاستقبال,0
APT-2026-000934,مشاعل باوزير,1070094741,0590983806,18,أنثى,العيون,2026-07-04,2026-07-11,7,0,لا,نعم,حضر المريض قبل الموعد بربع ساعة وأنهى إجراءات التسجيل,0
APT-2026-000935,جواهر السديري,1796247870,0535554097,46,أنثى,الأسنان,2026-05-14,2026-06-13,30,0,لا,نعم,رقم الحجز المرجعي 1469650863 صادر من بوابة المواعيد,0
APT-2026-000936,مشاعل الصقير,1515176194,0561943355,4,أنثى,الجلدية,2026-05-07,2026-05-09,2,0,نعم,لا,تم التحقق من إقامة المرافق رقم 2646461828 عند الاستقبال,0
APT-2026-000937,ناصر الجبرين,1807222573,0537412506,13,ذكر,العيون,2026-08-09,2026-08-12,3,2,نعم,لا,يحتاج المريض إلى تحاليل دم قبل زيارة الطبيب القادمة,0
APT-2026-000938,هاني باوزير,1599561691,0502361119,37,ذكر,العظام,2026-03-03,2026-03-05,2,0,نعم,نعم,طلب المريض التواصل معه على الرقم 0567358047 لتأكيد الموعد,0
APT-2026-000939,نورة الخثعمي,1136303417,0555298872,30,أنثى,الجلدية,2026-08-17,2026-09-07,21,0,نعم,نعم,رقم الإحالة 1279416986 من المركز الصحي التابع للحي,0
APT-2026-000940,نواف الهاجري,1970631576,0599177136,51,ذكر,الأطفال,2026-06-24,2026-07-15,21,1,نعم,نعم,حضر المريض قبل الموعد بربع ساعة وأنهى إجراءات التسجيل,0
APT-2026-000941,قصي الزامل,1206257345,0504057957,28,ذكر,الجلدية,2026-05-08,2026-05-08,0,2,نعم,لا,تم تأجيل الموعد السابق بطلب من المريض بسبب السفر,0
APT-2026-000942,فيصل العيسى,1857342644,0508998994,47,ذكر,الجلدية,2026-01-14,2026-02-28,45,1,نعم,نعم,رقم الإحالة 1918817381 من المركز الصحي التابع للحي,1
APT-2026-000943,هالة السديري,1323474690,0598897115,3,أنثى,العيون,2026-05-12,2026-06-02,21,0,نعم,نعم,حضر المريض قبل الموعد بربع ساعة وأنهى إجراءات التسجيل,0
APT-2026-000944,جواهر الأنصاري,1033932268,0550854209,7,أنثى,الأطفال,2026-04-22,2026-05-06,14,0,نعم,نعم,المريض يفضّل المواعيد الصباحية في بداية الأسبوع,0
APT-2026-000945,جواهر التميمي,1285137475,0598231269,8,أنثى,الجلدية,2026-02-13,2026-02-18,5,1,لا,لا,رقم الحجز المرجعي 1542485089 صادر من بوابة المواعيد,0
APT-2026-000946,مشاعل الجبرين,1936153996,0509415150,6,أنثى,الأطفال,2026-07-25,2026-08-01,7,0,لا,نعم,المريض يفضّل المواعيد الصباحية في بداية الأسبوع,0
APT-2026-000947,حصة الهاجري,1207906734,0598322123,10,أنثى,العيون,2026-02-26,2026-02-27,1,1,لا,نعم,حضر المريض قبل الموعد بربع ساعة وأنهى إجراءات التسجيل,0
APT-2026-000948,يوسف التميمي,1851870137,0557095424,84,ذكر,العيون,2026-03-11,2026-03-11,0,0,نعم,نعم,تم تأجيل الموعد السابق بطلب من المريض بسبب السفر,1
APT-2026-000949,معاذ الأنصاري,1029231394,0552594142,6,ذكر,الجلدية,2026-01-09,2026-01-14,5,0,نعم,نعم,حضر المريض قبل الموعد بربع ساعة وأنهى إجراءات التسجيل,0
APT-2026-000950,سلمان الكثيري,1236508808,0556147264,29,ذكر,الجلدية,2026-05-18,2026-05-28,10,2,نعم,لا,طلب المريض التواصل معه على الرقم 0509631733 لتأكيد الموعد,1
APT-2026-000951,حمد الزامل,1980668881,0590104488,57,ذكر,العظام,2026-08-08,2026-08-10,2,1,نعم,نعم,طلب المريض التواصل معه على الرقم 0535285078 لتأكيد الموعد,0
APT-2026-000952,سلمى الكثيري,2549079602,0597764767,71,أنثى,العظام,2026-02-23,2026-03-25,30,0,نعم,نعم,حضر المريض قبل الموعد بربع ساعة وأنهى إجراءات التسجيل,0
APT-2026-000953,عبير المري,1567594146,0552843432,27,أنثى,الأسنان,2026-02-17,2026-02-20,3,0,نعم,نعم,يرافق المريض عبير العيسى وهو المسؤول عن متابعة الحالة,0
APT-2026-000954,جواهر السديري,1130025347,0547302279,80,أنثى,الباطنية,2026-04-18,2026-05-18,30,0,نعم,نعم,تم تأجيل الموعد السابق بطلب من المريض بسبب السفر,0
APT-2026-000955,أسامة السديري,1513159010,0565641001,78,ذكر,الباطنية,2026-06-03,2026-06-24,21,2,نعم,نعم,أُرسل تذكير بالموعد قبل يومين عبر الرسائل النصية,0
APT-2026-000956,ناصر الأنصاري,1406714491,0507497452,22,ذكر,الأطفال,2026-05-28,2026-05-30,2,0,لا,نعم,المريض يفضّل المواعيد الصباحية في بداية الأسبوع,0
APT-2026-000957,منى الجبرين,1544050584,0595865097,73,أنثى,الأسنان,2026-05-06,2026-05-11,5,1,لا,لا,يحتاج المريض إلى تحاليل دم قبل زيارة الطبيب القادمة,0
APT-2026-000958,منى الكثيري,1727575852,0563441690,61,أنثى,الباطنية,2026-02-05,2026-03-07,30,2,لا,لا,المريض يفضّل المواعيد الصباحية في بداية الأسبوع,1
APT-2026-000959,قصي النعيمي,1814369854,0592520664,14,ذكر,الأسنان,2026-03-27,2026-04-06,10,0,نعم,نعم,تم تأجيل الموعد السابق بطلب من المريض بسبب السفر,0
APT-2026-000960,نواف البيشي,1711841740,0565341480,29,ذكر,العظام,2026-01-28,2026-01-29,1,2,نعم,نعم,رقم الحجز المرجعي 1775880378 صادر من بوابة المواعيد,0
APT-2026-000961,إبراهيم العيسى,1290188372,0561621851,9,ذكر,الباطنية,2026-08-07,2026-08-21,14,0,نعم,لا,يحتاج المريض إلى تحاليل دم قبل زيارة الطبيب القادمة,0
APT-2026-000962,سلمان الجبرين,1233759131,0594307406,73,ذكر,الجلدية,2026-01-04,2026-01-11,7,0,نعم,نعم,رقم الحجز المرجعي 1182774412 صادر من بوابة المواعيد,0
APT-2026-000963,نواف العجمي,1007878265,0531031016,25,ذكر,الباطنية,2026-03-19,2026-04-02,14,1,نعم,نعم,المريض يفضّل المواعيد الصباحية في بداية الأسبوع,0
APT-2026-000964,هالة المري,2177684665,0505636193,47,أنثى,العظام,2026-07-04,2026-07-06,2,0,لا,لا,رقم الإحالة 1526245449 من المركز الصحي التابع للحي,1
APT-2026-000965,عبير البيشي,2565070568,0563797585,41,أنثى,الباطنية,2026-02-06,2026-02-11,5,1,نعم,لا,طلب المريض التواصل معه على الرقم 0556760745 لتأكيد الموعد,0
APT-2026-000966,أسامة السديري,1435401995,0502066207,70,ذكر,الأسنان,2026-01-28,2026-01-30,2,0,نعم,نعم,حضر المريض قبل الموعد بربع ساعة وأنهى إجراءات التسجيل,0
APT-2026-000967,نواف المري,2796683486,0531444177,47,ذكر,الأسنان,2026-02-15,2026-02-16,1,1,لا,نعم,المريض يفضّل المواعيد الصباحية في بداية الأسبوع,0
APT-2026-000968,أسماء البيشي,1510356429,0591975575,72,أنثى,الجلدية,2026-01-18,2026-02-01,14,0,نعم,نعم,تم التحقق من إقامة المرافق رقم 2298294105 عند الاستقبال,1
APT-2026-000969,هاني النعيمي,1659529836,0531136652,73,ذكر,الأسنان,2026-03-27,2026-03-29,2,0,نعم,نعم,تم تأجيل الموعد السابق بطلب من المريض بسبب السفر,0
APT-2026-000970,جواهر الخثعمي,1847687447,0590998822,78,أنثى,الجلدية,2026-04-17,2026-06-01,45,1,لا,لا,تم تأجيل الموعد السابق بطلب من المريض بسبب السفر,1
APT-2026-000971,هاني الصقير,1811814811,0562603126,67,ذكر,الباطنية,2026-04-01,2026-04-02,1,1,نعم,نعم,يحتاج المريض إلى تحاليل دم قبل زيارة الطبيب القادمة,0
APT-2026-000972,ناصر الكثيري,1284225974,0546978325,82,ذكر,الأسنان,2026-01-08,2026-01-22,14,0,نعم,نعم,تم التحقق من إقامة المرافق رقم 2655922637 عند الاستقبال,0
APT-2026-000973,قصي الزامل,2185449473,0568252208,53,ذكر,الأطفال,2026-02-20,2026-04-06,45,1,نعم,نعم,رقم الحجز المرجعي 1999218587 صادر من بوابة المواعيد,0
APT-2026-000974,سلمى الهاجري,2266334529,0508150980,83,أنثى,العيون,2026-04-01,2026-04-02,1,1,نعم,نعم,رقم الإحالة 1542832350 من المركز الصحي التابع للحي,0
APT-2026-000975,هاني الزامل,1390959771,0507541034,79,ذكر,الأطفال,2026-08-13,2026-08-15,2,0,لا,لا,تم تأجيل الموعد السابق بطلب من المريض بسبب السفر,0
APT-2026-000976,تركي الهاجري,2293379729,0509315633,45,ذكر,العيون,2026-03-04,2026-03-04,0,1,نعم,لا,تم تأجيل الموعد السابق بطلب من المريض بسبب السفر,0
APT-2026-000977,خلود الكثيري,1057179093,0508029079,20,أنثى,العيون,2026-03-27,2026-03-29,2,1,نعم,نعم,يرافق المريض هاني باوزير وهو المسؤول عن متابعة الحالة,0
APT-2026-000978,منى الخثعمي,1015523069,0506705139,22,أنثى,الأسنان,2026-08-23,2026-08-23,0,0,لا,لا,المريض يفضّل المواعيد الصباحية في بداية الأسبوع,0
APT-2026-000979,سلمان الزامل,1892440338,0556728544,44,ذكر,الأسنان,2026-07-13,2026-07-14,1,0,لا,نعم,تم تأجيل الموعد السابق بطلب من المريض بسبب السفر,0
APT-2026-000980,قصي العيسى,1925652008,0537584144,77,ذكر,العيون,2026-06-15,2026-07-30,45,0,نعم,نعم,يرافق المريض نورة الصقير وهو المسؤول عن متابعة الحالة,0
APT-2026-000981,تركي الشهراني,1154651598,0547670905,23,ذكر,الباطنية,2026-01-22,2026-01-24,2,0,لا,نعم,حضر المريض قبل الموعد بربع ساعة وأنهى إجراءات التسجيل,0
APT-2026-000982,أمل الهاجري,1119822862,0563206520,10,أنثى,الأسنان,2026-01-13,2026-01-27,14,0,نعم,نعم,يحتاج المريض إلى تحاليل دم قبل زيارة الطبيب القادمة,1
APT-2026-000983,ليان الصقير,1525769558,0503065705,37,أنثى,الأسنان,2026-02-05,2026-02-26,21,3,نعم,لا,يرافق المريض قصي التميمي وهو المسؤول عن متابعة الحالة,0
APT-2026-000984,مشاعل السديري,2239488535,0503721932,21,أنثى,الباطنية,2026-08-04,2026-08-09,5,0,نعم,نعم,رقم الحجز المرجعي 1880639008 صادر من بوابة المواعيد,0
APT-2026-000985,هاني الزامل,1987992169,0532572723,17,ذكر,الباطنية,2026-02-13,2026-02-18,5,2,نعم,نعم,طلب المريض التواصل معه على الرقم 0567403606 لتأكيد الموعد,0
APT-2026-000986,نورة المري,1917824979,0593182541,11,أنثى,العيون,2026-07-07,2026-07-28,21,2,نعم,نعم,أُرسل تذكير بالموعد قبل يومين عبر الرسائل النصية,0
APT-2026-000987,ناصر الزامل,2703191094,0534583247,75,ذكر,العيون,2026-02-06,2026-02-08,2,0,نعم,نعم,تم التحقق من إقامة المرافق رقم 2524481286 عند الاستقبال,0
APT-2026-000988,نواف الهاجري,2351864091,0506489870,35,ذكر,الأطفال,2026-06-12,2026-07-03,21,1,لا,لا,المريض يفضّل المواعيد الصباحية في بداية الأسبوع,0
APT-2026-000989,سلمى المري,1185423157,0558309855,84,أنثى,الباطنية,2026-06-10,2026-06-12,2,0,لا,نعم,تم تأجيل الموعد السابق بطلب من المريض بسبب السفر,0
APT-2026-000990,قصي الشهراني,1785759737,0564045310,22,ذكر,الجلدية,2026-07-19,2026-07-29,10,3,نعم,نعم,المريض يفضّل المواعيد الصباحية في بداية الأسبوع,0
APT-2026-000991,نورة باوزير,1474986195,0564899464,43,أنثى,الأسنان,2026-06-08,2026-06-11,3,0,نعم,نعم,رقم الإحالة 1630563407 من المركز الصحي التابع للحي,0
APT-2026-000992,حصة النعيمي,1879881777,0536183496,63,أنثى,الباطنية,2026-06-23,2026-07-03,10,2,لا,لا,تم تأجيل الموعد السابق بطلب من المريض بسبب السفر,0
APT-2026-000993,خلود السديري,1778519494,0544647565,8,أنثى,الجلدية,2026-02-21,2026-03-03,10,1,نعم,نعم,رقم الحجز المرجعي 1031502733 صادر من بوابة المواعيد,0
APT-2026-000994,إبراهيم الصقير,2755067564,0503562305,55,ذكر,الباطنية,2026-08-16,2026-09-30,45,0,نعم,لا,يحتاج المريض إلى تحاليل دم قبل زيارة الطبيب القادمة,0
APT-2026-000995,خلود البيشي,2279036871,0504797718,66,أنثى,الباطنية,2026-01-27,2026-02-10,14,3,نعم,نعم,يحتاج المريض إلى تحاليل دم قبل زيارة الطبيب القادمة,0
APT-2026-000996,عبدالرحمن العيسى,1208393593,0594845029,48,ذكر,الأسنان,2026-02-05,2026-02-05,0,0,نعم,نعم,رقم الإحالة 1005276759 من المركز الصحي التابع للحي,0
APT-2026-000997,نواف الشهراني,2037821218,0536220878,85,ذكر,العيون,2026-04-18,2026-04-20,2,3,نعم,نعم,تم تأجيل الموعد السابق بطلب من المريض بسبب السفر,0
APT-2026-000998,فيصل التميمي,1920999610,0532343686,58,ذكر,الأطفال,2026-01-05,2026-01-12,7,2,نعم,نعم,أُرسل تذكير بالموعد قبل يومين عبر الرسائل النصية,0
APT-2026-000999,جواهر الشهراني,1752945202,0567984930,32,أنثى,الأسنان,2026-03-17,2026-03-17,0,1,نعم,نعم,يحتاج المريض إلى تحاليل دم قبل زيارة الطبيب القادمة,0
APT-2026-001000,معاذ الخثعمي,1077658555,0530249388,8,ذكر,الأسنان,2026-02-08,2026-03-25,45,0,نعم,لا,تم التحقق من إقامة المرافق رقم 2484057548 عند الاستقبال,0
